g2p id	gene mim	hgnc id	previous gene symbols	disease name	disease mim	disease MONDO	allelic requirement	cross cutting modifier	confidence	variant consequence	variant types	molecular mechanism	molecular mechanism categorisation	molecular mechanism evidence	phenotypes	publications	panel	comments	date of last review	gene	p_esm_90	p_esm_95	p_am_90	p_am_95	p_mis	p_rmc	p_rmc_mis	lof_high
G2P03520	619952.0	17735	C6ORF110; DJ421H19.2; DKFZP434P0531	TMEM63B-related developmental and epileptic encephalopathy with anaemia		MONDO:0800503	monoallelic_autosomal	typically de novo	moderate	altered gene product structure	missense_variant; inframe_deletion	gain of function	evidence	37421948 -> function: protein expression, biochemical; functional_alteration: non patient cells	HP:0011343; HP:0001903; HP:0001250; HP:0007052; HP:0002015; HP:0100704; HP:0011344; HP:0012447; HP:0001249; HP:0001252; HP:0007359; HP:0033725; HP:0030047; HP:0001272; HP:0000639; HP:0011097; HP:0001285	37421948	DD	One of the missense variants was seen in 7 unrelated individuals in PMID 37421948. 	2025-02-27 14:38:25+00:00	TMEM63B	0.692685224827269	0.775754256299163	0.992508913377339	0.923922608691903	0.999999988595507	0.0440623061275749	0.0440623061275749	0.288340149596779
G2P03534	607375.0	24948	DOT1; KIAA1814; KMT4	DOT1L-related neurodevelopmental disorder with intracranial anomalies			monoallelic_autosomal	typically de novo	moderate	altered gene product structure	missense_variant	gain of function	evidence	37827158 -> function: biochemical; functional_alteration: patient cells; models: non-human model organism; rescue: non-human model organism, cell culture model		37827158	DD		2025-02-27 11:54:23+00:00	DOT1L								
G2P03540	607708.0	1462	CAMKD	CAMK2D-related neurodevelopmental disorder and dilated cardiomyopathy		MONDO:1040008	monoallelic_autosomal	typically de novo	moderate	altered gene product structure	splice_donor_variant; missense_variant	gain of function	evidence	38272033 -> function: protein expression, biochemical; functional_alteration: non patient cells; models: non-human model organism		38272033	DD		2025-03-05 14:18:02+00:00	CAMK2D	0.153369106887064	0.0721021978965751	0.0689017150172118	0.0695087702760347	0.869043635364725	0.0090233328687342	0.0090233328687342	0.846755140473
G2P03542	612258.0	19036	KIAA0561	MAST3-related developmental and epileptic encephalopathy			monoallelic_autosomal	typically de novo	moderate	altered gene product structure	missense_variant	gain of function	evidence	34185323 -> function: biochemical		34185323; 35095415	DD		2025-03-03 13:42:28+00:00	MAST3	0.924077326005102	0.808917349444592	0.898413844894592	0.290874506270825	0.999999999999721	0.967262771707834	0.967262771707834	0.359318826485815
G2P03554	608267.0	19902	FLJ13311; GTR2	RRAGC-related congenital dilated cardiomyopathy with hyperlactatemia, deranged liver function and cataracts	620609	MONDO:0957960	monoallelic_autosomal	typically de novo	moderate	altered gene product structure	missense_variant	gain of function	evidence	37057673 -> function: biochemical; functional_alteration: patient cells		37057673; 27234373	DD		2025-03-06 14:04:06+00:00	RRAGC	0.956414455336612	0.956297427469625	0.97001658155507	0.90709376022409	0.999993431234204	0.998558495826596	0.998558495826596	0.344516893123374
G2P03565	613539.0	3649		FEM1B-related neurodevelopmental disorder with or without brain abnormalities			monoallelic_autosomal	typically de novo; restricted mutation set	moderate	altered gene product structure	missense_variant	gain of function	evidence	38465576 -> function: protein expression; functional_alteration: patient cells		31036916; 38465576	DD		2025-03-03 15:03:23+00:00	FEM1B	0.889857450831188	0.978339296710797	0.950777396608205	0.888235024987096	0.999987753632765	0.0560199461428795	0.0560199461428795	0.324228734189589
G2P03574	137163.0	4084	GABAARDELTA	GABRD-related neurodevelopmental disorder with epilepsy			monoallelic_autosomal	typically de novo	moderate	altered gene product structure	missense_variant	gain of function	evidence	34633442 -> functional_alteration: non patient cells		34633442; 25156961	DD	The DDG2P curation team has assigned a 'moderate' confidence category to the association between GoF variants within the missense-constrained region of GABRD and GABRD-related neurodevelopmental disorder with epilepsy. At present, there is insufficient evidence for LoF, however, future publications may change this.	2025-02-03 13:27:03+00:00	GABRD	0.992839300967302	0.982404190711647	0.956476318176212	0.967321102180732	0.999998490262366	0.999528050313633	0.999528050313633	0.488172467733438
G2P03725	611894.0	31527	MIRN140	MIR140-related spondyloepiphyseal dysplasia, Nishimura type		MONDO:0032835	monoallelic_autosomal		moderate	altered gene product structure	ncRNA	gain of function	evidence	30804514 -> function: protein expression; functional_alteration: non patient cells; models: non-human model organism, cell culture model	HP:0034281; HP:0001156; HP:0003498; HP:0011800; HP:0002652; HP:0002663; HP:0002655	30804514	DD; Skeletal		2025-05-07 10:53:46+00:00	MIR140								
G2P00944	134934.0	3690	ACH; CD333; CEK2; JTK4	FGFR3-related achondroplasia	100800	MONDO:0007037	monoallelic_autosomal	restricted mutation set	definitive	altered gene product structure		gain of function	evidence	10611230 -> function: biochemical, protein expression; functional_alteration: non patient cells; models: non-human model organism	HP:0000405; HP:0100864; HP:0002512; HP:0002938; HP:0005733; HP:0000403; HP:0001270; HP:0004060; HP:0003093; HP:0002007; HP:0008921; HP:0000238; HP:0000272; HP:0008905; HP:0001156; HP:0005280; HP:0002781; HP:0002677; HP:0003015; HP:0002970; HP:0001355; HP:0002761; HP:0008414; HP:0001377; HP:0008947; HP:0000006	16411219; 8078586; 7758520; 16912704; 7913883; 7847369; 8599370; 8844216; 8949407; 9001669; 9401015; 11186940; 10611230	DD; Skeletal		2025-03-10 13:44:49+00:00	FGFR3								
G2P03519	612159.0	17056	EXOPHILIN-1; KIAA0985; RABPHILIN	RPH3A-related neurodevelopmental disorder		MONDO:0700092	monoallelic_autosomal	typically de novo	limited	altered gene product structure	missense_variant	gain of function	evidence	37403762 -> function: biochemical, protein expression; functional_alteration: non patient cells		37403762	DD		2025-02-27 15:40:52+00:00	RPH3A	0.936666720105967	0.735864324009756	0.546982262516118	0.3423292192659	0.999997321793902	0.777773501984014	0.777773501984014	0.569367790489045
G2P03713	606495.0	13538	FLJ90097; KIAA1860; MARKL1; NBLA00650; PAR-1D	MARK4-related neurodevelopmental disorder		MONDO:0700092	monoallelic_autosomal		limited	altered gene product structure	missense_variant	gain of function	evidence	38041405 -> function: biochemical; functional_alteration: non patient cells; models: cell culture model		38041405	DD		2025-03-05 10:37:56+00:00	MARK4	0.99671656419017	0.920486171787542	0.857026631721039	0.688365411239317	0.999999999359204	0.979938796397059	0.979938796397059	0.342481139360224
G2P00468	118507.0	1962		CHRNB2-related nocturnal frontal lobe epilepsy	605375	MONDO:0011545	monoallelic_autosomal	restricted mutation set	strong	altered gene product structure		gain of function	inferred		HP:0000006	11062464	DD		2025-01-21 12:51:48+00:00	CHRNB2	0.773189348867315	0.42079716305815	0.458144417038505	0.612828094354333	0.902255903164622	0.583624885761814	0.583624885761814	0.976173678387039
G2P00557	165090.0	10447	R-RAS; RRAS1	RRAS-related atypical Noonan syndrome		MONDO:0020297	monoallelic_autosomal	restricted mutation set	strong	altered gene product structure		gain of function	inferred			24705357	DD		2025-01-27 09:33:39+00:00	RRAS	0.882866832952723	0.887720522921229	0.831228022833186	0.858649942811816	0.943474591585915		0.943474591585915	1.01839903359116
G2P00869	600346.0	12929	MEL-18; RNF110; ZNF144	PCGF2-related craniofacial neurological cardiovascular and skeletal features (Turnpenny-Fry syndrome)	618371		monoallelic_autosomal	restricted mutation set	strong	altered gene product structure	missense_variant	gain of function	inferred		HP:0000494; HP:0003781; HP:0000995; HP:0001631; HP:0000303; HP:0001671; HP:0001182; HP:0002007; HP:0000256; HP:0000164; HP:0002307; HP:0001167; HP:0100729; HP:0000153; HP:0004322; HP:0011844; HP:0000492; HP:0008050; HP:0001155; HP:0000271; HP:0100807; HP:0011297; HP:0002209; HP:0000290; HP:0000598; HP:0001328; HP:0000951; HP:0002817; HP:0003508; HP:0000306; HP:0000276; HP:0001000; HP:0001263; HP:0002019; HP:0008551; HP:0000929; HP:0008070	30526864; 36105049; 34750959; 30343942	DD; Skin		2025-01-16 11:49:56+00:00	PCGF2	0.980595879367047	0.954582399117845	0.994448203874225	0.973566232260079	0.999999951458856	0.970538017493708	0.970538017493708	0.416904175687051
G2P01031	603305.0	6250	EAG; EAG1; H-EAG; HEAG; K(V)10.1; KV10.1	KCNH1-related Temple-Baraitser syndrome	611816	MONDO:0012735	monoallelic_autosomal	restricted mutation set	strong	altered gene product structure		gain of function	inferred		HP:0000343; HP:0001250; HP:0000007; HP:0011304; HP:0004425; HP:0000154; HP:0010055; HP:0001252; HP:0000286; HP:0006887; HP:0000316; HP:0009882; HP:0001798; HP:0010864; HP:0009778; HP:0002714; HP:0002058; HP:0000445	25420144; 32956079	DD; Skin		2025-02-07 12:37:59+00:00	KCNH1	0.570640943759547	0.144572479538279	0.679247574483636	0.245330327917568	0.999855067363465	0.029836227829855	0.029836227829855	0.453607689318556
G2P01283	102576.0	171	ACVR1A; ACVRLK2; ALK2; SKR1	ACVR1-related fibrodysplasia ossificans progressiva	135100	MONDO:0007606	monoallelic_autosomal	restricted mutation set	strong	altered gene product structure		gain of function	inferred		HP:0000405; HP:0000687; HP:0002093; HP:0008449; HP:0001822; HP:0010034; HP:0001249; HP:0004629; HP:0006429; HP:0011989; HP:0010054; HP:0003016; HP:0004209; HP:0011987; HP:0001596; HP:0011988; HP:0000407; HP:0002650; HP:0000006	16642017; 19085907; 18830232; 18203193; 19330033	DD; Skin; Skeletal		2023-05-24 09:07:31+00:00	ACVR1	0.069308164687955	0.0144563082472719	0.0007456183154295	0.0006036154531771	0.568381670366118	0.101301178603553	0.101301178603553	0.88439250450817
G2P01314	615951.0	29316	KIAA1577	ZSWIM6-related acromelic frontonasal dysostosis	603671	MONDO:0011359	monoallelic_autosomal	restricted mutation set	strong	altered gene product structure		gain of function	inferred		HP:0011803; HP:0002084; HP:0001274; HP:0000204; HP:0000175; HP:0100258; HP:0001762; HP:0001249; HP:0000455; HP:0001805; HP:0002119; HP:0000248; HP:0001159; HP:0000006; HP:0000316	25105228	DD; Skeletal		2025-01-28 18:03:52+00:00	ZSWIM6	0.807661404136194	0.816342258380648	0.999999999979773	0.999999911877297	1.0	0.999999999995226	0.999999999995226	0.0823394252128531
G2P01514	606951.0	18873	HLCD; IDDM19; MDA-5; MDA5	IFIH1-related Singleton-Merten syndrome	182250	MONDO:0024535	monoallelic_autosomal	restricted mutation set	strong	altered gene product structure		gain of function	inferred		HP:0001806; HP:0001650; HP:0001762; HP:0000992; HP:0002673; HP:0001640; HP:0000706; HP:0006232; HP:0001252; HP:0004325; HP:0001682; HP:0008102; HP:0009771; HP:0004382; HP:0004322; HP:0002827; HP:0003182; HP:0000545; HP:0001324; HP:0002515; HP:0004380; HP:0006353; HP:0000327; HP:0001761; HP:0000939; HP:0006386; HP:0006112; HP:0000670; HP:0002857; HP:0002205; HP:0005303; HP:0001635; HP:0000501; HP:0000006	25620204; 28319323	DD; Eye; Skeletal		2023-05-24 09:07:32+00:00	IFIH1	0.170020517859978	0.0401391395007075	0.0604744944486137	0.376489063328506	0.184947680613141		0.184947680613141	1.36369338794458
G2P01600	602959.0	3192	EEF1AL; HS1; STN; STNL	EEF1A2-related infantile epileptic encephalopathy	616409	MONDO:0014625	monoallelic_autosomal	restricted mutation set	strong	altered gene product structure		gain of function	inferred		HP:0001263; HP:0001250; HP:0001249; HP:0000271; HP:0000929	23647072; 32196822	DD		2015-07-22 16:15:38+00:00	EEF1A2	0.997781031355772	0.993972299710841	0.998187363610568	0.99409239348122	0.999998889439017	0.997617991339746	0.997617991339746	0.124552157036486
G2P01656	165215.0	3498	EVI1; KMT8E; MDS1; MDS1-EVI1; PRDM3	MECOM-related radioulnar synostosis with amegakaryocytic thrombocytopenia	616738	MONDO:0014758	monoallelic_autosomal	restricted mutation set	strong	altered gene product structure		gain of function	inferred		HP:0002974; HP:0004859	26581901	DD		2016-01-03 13:27:06+00:00	MECOM	0.999999311256306	0.999946373612682	0.999999999973797	0.999996938398765	1.0	0.999998014229884	0.999998014229884	0.126182083221006
G2P01661	602842.0	17493	GEM	GMNN-related primordial dwarfism associated with Meier-Gorlin syndrome	616835		monoallelic_autosomal	restricted mutation set	strong	altered gene product structure		gain of function	inferred		HP:0003510	26637980	DD		2025-01-17 10:31:52+00:00	GMNN								
G2P01731	600998.0	4390	G-ALPHA-Q; GAQ	GNAQ-related congenital hemangioma		MONDO:0018715	monoallelic_autosomal	typically mosaic; restricted mutation set	strong	altered gene product structure		gain of function	inferred			27058448	DD		2025-01-27 16:33:52+00:00	GNAQ	0.195568307194117	0.23792636734364	0.216351751733505	0.232960022044195	0.958635357535601	0.0230632809547355	0.0230632809547355	0.436744147426868
G2P01732	139313.0	4379	FBH; FBH2; FHH2; HHC2	GNA11-related congenital hemangioma		MONDO:0018715	monoallelic_autosomal	typically mosaic; restricted mutation set	strong	altered gene product structure		gain of function	inferred			27058448	DD		2025-01-27 16:33:15+00:00	GNA11	0.97860516269454	0.959508836216078	0.996565415981268	0.995515097154032	0.999999974417218	0.989792677166145	0.989792677166145	0.20949572781417
G2P01868	604397.0	4382		GNA14-related congenital vascular tumours			monoallelic_autosomal	typically mosaic; restricted mutation set	strong	altered gene product structure		gain of function	inferred		HP:0001028	27476652	DD		2017-02-09 10:40:34+00:00	GNA14	0.149064664253449	0.137952031463673	0.156879450064955	0.263137482150889	0.240751898392106		0.240751898392106	1.46007367905762
G2P01878	602717.0	4588	EB11; GLUN2D; NMDAR2D; NR2D	GRIN2D-related severe epileptic encephalopathy treatable with NMDA receptor channel blockers	617162		monoallelic_autosomal	restricted mutation set	strong	altered gene product structure		gain of function	inferred		HP:0200134	27616483	DD		2025-01-16 22:55:35+00:00	GRIN2D	0.932072683090081	0.663790323431823	0.959050132543283	0.750157324029573	0.999999999831291	0.0278197903779629	0.0278197903779629	0.445611727253049
G2P02218	600673.0	12511	NOR-90; UBF; UBF1; UBF2	UBTF-related childhood-onset neurodegeneration			monoallelic_autosomal	restricted mutation set	strong	altered gene product structure		gain of function	inferred		HP:0001332; HP:0040196; HP:0001251; HP:0002120; HP:0011463; HP:0002187; HP:0002180	28777933	DD		2017-08-30 11:26:21+00:00	UBTF	0.997978174102522	0.864989967503003	0.867347720012405	0.532717158156027	0.999999999999959	0.160213303588283	0.160213303588283	0.132561451216291
G2P02221	605356.0	12852	14-3-3G; 14-3-3GAMMA; PPP1R170	YWHAG-related early-onset epilepsy		MONDO:0018614	monoallelic_autosomal	restricted mutation set	strong	altered gene product structure		gain of function	inferred		HP:0001249; HP:0001263; HP:0011398; HP:0001250	28777935	DD		2017-08-30 11:56:31+00:00	YWHAG	0.935352776172682	0.771590757398001	0.993176229033662	0.976597384840992	0.99997024111223		0.99997024111223	0.194668310516295
G2P02256	189980.0	76	ABL; C-ABL; JTK7; P150	ABL1-related congenital heart defects and skeletal malformations	617602		monoallelic_autosomal	restricted mutation set	strong	altered gene product structure		gain of function	inferred		HP:0001508; HP:0002019; HP:0001629; HP:0002650; HP:0001631; HP:0001388; HP:0005684	28288113; 32643838	DD; Skin		2025-02-06 16:08:23+00:00	ABL1	0.999837582630565	0.985849108505372	0.999847000221533	0.994239920753043	1.0	0.230594775204259	0.230594775204259	0.147879965038746
G2P02574	601013.0	1392	BII; CACH6; CACNL1A6; CAV2.3	CACNA1E-related epileptic encephalopathy with contractures, macrocephaly, and dyskinesia	618285		monoallelic_autosomal	restricted mutation set	strong	altered gene product structure		gain of function	inferred		HP:0001332; HP:0001250; HP:0000256; HP:0001249; HP:0002487	30343943	DD		2025-01-14 16:14:54+00:00	CACNA1E	0.335513667672807	0.290213093626838	0.884795779125921	0.108861075446122	1.0	0.0166297061290302	0.0166297061290302	0.200903110484829
G2P02588	600935.0	6269	KIR6.1	KCNJ8-related Cantu syndrome			monoallelic_autosomal	restricted mutation set	strong	altered gene product structure		gain of function	inferred		HP:0001561; HP:0001643; HP:0004948; HP:0000998; HP:0001698; HP:0000708; HP:0000280	25275207; 24700710; 24176758	DD		2019-03-08 17:52:14+00:00	KCNJ8	0.0067857391848416	0.0451555411203058	0.0207124799893014	0.207404828261791	0.789872649435023	0.0030201747131294	0.0030201747131294	0.653195178302639
G2P02624	602590.0	8590		PAK1-related neurodevelopmental disorder	618158	MONDO:0032568	monoallelic_autosomal	restricted mutation set	strong	altered gene product structure		gain of function	inferred		HP:0001000; HP:0001250; HP:0001263; HP:0000256; HP:0011344; HP:0002500; HP:0001252; HP:0002650; HP:0000271; HP:0001249; HP:0000929; HP:0000951; HP:0001344	30290153	DD		2019-03-27 22:15:18+00:00	PAK1	0.0084938188576689	0.0056735241750915	0.0024461658010964	0.0010532242139188	0.442555484068021	5.37656159457856e-05	5.37656159457856e-05	0.706921642826175
G2P02638	609247.0	10057	RZF	RNF13-related congenital microcephaly, epileptic encephalopathy, blindness, and failure to thrive	618379	MONDO:0034106	monoallelic_autosomal	restricted mutation set	strong	altered gene product structure		gain of function	inferred			30595371	DD		2019-03-27 22:15:19+00:00	RNF13	0.912616069759	0.912616069759	0.624286850146048	0.607974120184232	0.912616069759		0.912616069759	0.984924258116132
G2P02771	602983.0	6292	HSK3; KCA2.3; SKCA3	KCNN3-related Zimmermann-Laband syndrome	618658	MONDO:0032854	monoallelic_autosomal	restricted mutation set	strong	altered gene product structure		gain of function	inferred			31155282	DD		2025-01-20 14:14:19+00:00	KCNN3	0.964212045150453	0.94268081968838	0.88435402085948	0.762059628658833	0.999994192169654	0.134653894124245	0.134653894124245	0.3604260295966
G2P02888	165640.0	8109	ODC	ODC1-related neurodevelopmental disorder			monoallelic_autosomal		strong	altered gene product structure	stop_gained_NMD_escaping; frameshift_variant_NMD_escaping	gain of function	inferred			30475435; 37469105; 34477286; 36007106	DD		2025-03-14 12:01:40+00:00	ODC1								
G2P02936	602650.0	11254	BTBD32; TEF2	SPOP-related neurodevelopmental disorder, gain of function		MONDO:0032942	monoallelic_autosomal	restricted mutation set	strong	altered gene product structure		gain of function	inferred		HP:0000494; HP:0002360; HP:0000953; HP:0011344; HP:0000463; HP:0000736; HP:0000252; HP:0002577; HP:0000639; HP:0000278; HP:0001760; HP:0000358; HP:0002007; HP:0000218; HP:0000364; HP:0000010; HP:0002036; HP:0000490; HP:0001167; HP:0001252; HP:0001249; HP:0000601; HP:0000159; HP:0012733; HP:0000609; HP:0000366; HP:0000153; HP:0001600; HP:0011844; HP:0007400; HP:0000492; HP:0008050; HP:0001763; HP:0001601; HP:0000378; HP:0002715; HP:0001155; HP:0000271; HP:0011389; HP:0000365; HP:0007018; HP:0000369; HP:0011297; HP:0000290; HP:0000598; HP:0012718; HP:0000174; HP:0002719; HP:0000951; HP:0002817; HP:0000508; HP:0000718; HP:0001000; HP:0000177; HP:0001263; HP:0002019; HP:0000407; HP:0000322; HP:0000429; HP:0000820; HP:0000496; HP:0000316; HP:0000821; HP:0000929	32109420	DD		2025-01-21 15:20:01+00:00	SPOP	0.027941505908385	0.205313790961395	0.0708747576449831	0.143375121779901	0.799326353685105	0.149299325443943	0.149299325443943	0.423975915166001
G2P03095	300070.0	3670	FGF2; FHF2; FLJ30672; LINC00889	FGF13-related neurodevelopmental disorder	301058	MONDO:0025353	monoallelic_X_hemizygous	restricted mutation set	strong	altered gene product structure		gain of function	inferred			33245860; 27073347; 34184986	DD		2021-01-28 16:46:55+00:00	FGF13								
G2P03112	600492.0	7782	NRF-2; NRF2	NFE2L2-related leukoencephalopathy, immune deficiency and hypohomocysteinaemia	617744	MONDO:0060591	monoallelic_autosomal	restricted mutation set	strong	altered gene product structure		gain of function	inferred		HP:0001744; HP:0000370; HP:0002240; HP:0004452; HP:0002315; HP:0001760; HP:0001780; HP:0001903; HP:0002020; HP:0006487; HP:0001167; HP:0011968; HP:0001659; HP:0000159; HP:0000518; HP:0000098; HP:0000366; HP:0000153; HP:0000233; HP:0001871; HP:0001620; HP:0011844; HP:0011003; HP:0000319; HP:0000545; HP:0002715; HP:0001155; HP:0000271; HP:0004349; HP:0002815; HP:0001511; HP:0001654; HP:0011297; HP:0004209; HP:0100326; HP:0002099; HP:0000014; HP:0002100; HP:0000963; HP:0000951; HP:0002817; HP:0001000; HP:0000177; HP:0000939; HP:0000362; HP:0002857; HP:0002076; HP:0001773; HP:0001608; HP:0001367; HP:0000501	29018201	DD		2021-03-29 14:20:52+00:00	NFE2L2	0.355718940981272	0.345411296452304	0.711318840961318	0.837376457276841	0.999392539962084	0.961901182975718	0.961901182975718	0.592292853107847
G2P03039	176948.0	6871	ERK; ERK2; MAPK2; P41MAPK; PRKM1; PRKM2	MAPK1-related Noonan syndrome	619087	MONDO:0033669	monoallelic_autosomal	restricted mutation set	moderate	altered gene product structure		gain of function	inferred			32721402	DD; Skin		2025-01-28 17:30:41+00:00	MAPK1	0.737303052642844	0.732633777242848	0.765307617368979	0.876916510990812	0.986235568235365	0.0261430784951849	0.0261430784951849	0.392781584515823
G2P00024	190020.0	5173	HRAS1	HRAS-related Costello syndrome	218040	MONDO:0009026	monoallelic_autosomal	restricted mutation set	definitive	altered gene product structure		gain of function	inferred		HP:0000494; HP:0000307; HP:0001548; HP:0001943; HP:0012081; HP:0002059; HP:0001187; HP:0002093; HP:0000463; HP:0001762; HP:0001609; HP:0001771; HP:0001631; HP:0001639; HP:0002119; HP:0002033; HP:0000280; HP:0000158; HP:0001699; HP:0000179; HP:0000218; HP:0002212; HP:0000358; HP:0001561; HP:0000256; HP:0001249; HP:0005989; HP:0000956; HP:0000238; HP:0001634; HP:0000347; HP:0001642; HP:0002862; HP:0002107; HP:0000465; HP:0002021; HP:0003764; HP:0004322; HP:0000006; HP:0001598; HP:0001808; HP:0000486; HP:0005280; HP:0001552; HP:0000286; HP:0003745; HP:0000083; HP:0000369; HP:0002780; HP:0007099; HP:0011675; HP:0000508; HP:0002996; HP:0002859; HP:0001508; HP:0001000; HP:0001263; HP:0000768; HP:0001869; HP:0001629; HP:0000260; HP:0001814; HP:0000293; HP:0000470; HP:0002870; HP:0006191; HP:0001622; HP:0002779; HP:0000316; HP:0008070	16443854; 17468812; 18247425; 16835863; 18039947; 17412879; 16170316; 19995790; 17054105; 17056636	DD; Skin		2017-09-01 16:19:15+00:00	HRAS								
G2P00036	165360.0	1541	C-CBL; CBL2; RNF55	CBL-related Noonan syndrome-like disorder with or without juvenile meylomonocytic leukemia	613563	MONDO:0013308	monoallelic_autosomal	restricted mutation set	definitive	altered gene product structure		gain of function	inferred		HP:0000494; HP:0000957; HP:0001744; HP:0002240; HP:0000953; HP:0011342; HP:0001256; HP:0001249; HP:0012733; HP:0004322; HP:0007400; HP:0000492; HP:0008050; HP:0002715; HP:0000271; HP:0000369; HP:0000598; HP:0100659; HP:0000951; HP:0001000; HP:0001263; HP:0000929	20619386; 20694012; 20543203	DD		2025-01-27 09:29:25+00:00	CBL	0.997776094043821	0.99975229299414	0.992590944332602	0.988790709763175	0.999999026919036	0.955436524975289	0.955436524975289	0.588456732443416
G2P00137	604385.0	10583	NAN; NAV1.9; SCN12A; SNS-2	SCN11A-related congenital inability to experience pain	615548	MONDO:0014244	monoallelic_autosomal	restricted mutation set	definitive	altered gene product structure		gain of function	inferred			24036948	DD		2015-07-22 16:14:17+00:00	SCN11A	0.567644362583479	0.367135402236157	0.688151186554055	0.664143980050782	0.99752655551114		0.99752655551114	0.806270166328444
G2P00144	176943.0	3689	BEK; CD332; CEK3; CFD1; ECT1; JWS; K-SAM; KGFR; TK14; TK25	FGFR2-related Crouzon syndrome	123500	MONDO:0007405	monoallelic_autosomal	restricted mutation set	definitive	altered gene product structure		gain of function	inferred		HP:0000405; HP:0004442; HP:0010535; HP:0000303; HP:0004443; HP:0004440; HP:0002007; HP:0001249; HP:0000413; HP:0000648; HP:0000486; HP:0000586; HP:0000678; HP:0000248; HP:0001739; HP:0000327; HP:0001250; HP:0000509; HP:0000505; HP:0003319; HP:0000006; HP:0000316	9152842; 7987400; 7581378; 15523492; 7874170; 22038757; 7607643; 7655462; 9677057; 8528214; 17621648; 7558045; 7773284; 8956050; 10574673	DD; Skin; Skeletal		2025-01-21 21:25:35+00:00	FGFR2	0.999558832021165	0.96637605692534	0.985415352457783	0.686224037385405	0.99999999999999	0.869116342517146	0.869116342517146	0.211106247888098
G2P00178	134934.0	3690	ACH; CD333; CEK2; JTK4	FGFR3-related Muenke syndrome	602849	MONDO:0011274	monoallelic_autosomal	restricted mutation set	definitive	altered gene product structure		gain of function	inferred		HP:0000494; HP:0001357; HP:0005819; HP:0006193; HP:0003795; HP:0004440; HP:0000218; HP:0000256; HP:0010055; HP:0001249; HP:0000272; HP:0010230; HP:0009466; HP:0000294; HP:0000248; HP:0000508; HP:0001263; HP:0000407; HP:0001241; HP:0000006; HP:0000316	9042914; 9279753; 9279764; 9525367; 9600744; 9950359; 10914960; 11197897	DD; Skeletal		2025-01-21 21:13:39+00:00	FGFR3								
G2P00184	138130.0	4335	GDH; GDH1; GLUD; HGDH1	GLUD1-related hyperinsulinism-hyperammonemia syndrome	606762		monoallelic_autosomal	restricted mutation set	definitive	altered gene product structure		gain of function	inferred		HP:0000825; HP:0002173; HP:0003674; HP:0007185; HP:0001325; HP:0001249; HP:0000006; HP:0008162	9571255; 10636977; 11214910	DD		2015-07-22 16:14:20+00:00	GLUD1	0.705727585611052	0.30100475222793	0.768588547155854	0.747657069940412	0.986632813422789	0.0375037089046042	0.0375037089046042	0.595856907502329
G2P00201	601365.0	3084		DVL1-related Robinow syndrome	616331	MONDO:0014591	monoallelic_autosomal	restricted mutation set	definitive	altered gene product structure		gain of function	inferred		HP:0002093; HP:0010781; HP:0000369; HP:0000422; HP:0100335; HP:0001760; HP:0003027; HP:0001780; HP:0000331; HP:0000337; HP:0006009; HP:0002020; HP:0000364; HP:0004298; HP:0000256; HP:0011304; HP:0001167; HP:0010055; HP:0000795; HP:0000035; HP:0001831; HP:0001636; HP:0006610; HP:0004691; HP:0001698; HP:0000159; HP:0009892; HP:0009466; HP:0000366; HP:0000153; HP:0005011; HP:0004322; HP:0011844; HP:0000157; HP:0010297; HP:0000378; HP:0000193; HP:0002715; HP:0001155; HP:0000271; HP:0009803; HP:0001844; HP:0001837; HP:0000365; HP:0011297; HP:0004209; HP:0004404; HP:0000290; HP:0000598; HP:0000174; HP:0002719; HP:0000951; HP:0002817; HP:0010760; HP:0000306; HP:0009826; HP:0000177; HP:0000769; HP:0000204; HP:0000431; HP:0010109; HP:0000960; HP:0000036; HP:0000047; HP:0011927; HP:0000316; HP:0000049; HP:0002088; HP:0002983; HP:0000400; HP:0001697; HP:0000929	25817016	DD; Skeletal		2025-01-27 15:38:01+00:00	DVL1								
G2P00331	176943.0	3689	BEK; CD332; CEK3; CFD1; ECT1; JWS; K-SAM; KGFR; TK14; TK25	FGFR2-related Apert Syndrome	101200	MONDO:0007041	monoallelic_autosomal	restricted mutation set	definitive	altered gene product structure		gain of function	inferred		HP:0000494; HP:0000189; HP:0001177; HP:0001162; HP:0000684; HP:0001331; HP:0004468; HP:0004635; HP:0004487; HP:0000303; HP:0002119; HP:0003041; HP:0004440; HP:0000244; HP:0000337; HP:0001274; HP:0002623; HP:0000239; HP:0001249; HP:0001061; HP:0010554; HP:0000238; HP:0000272; HP:0000126; HP:0002021; HP:0000389; HP:0002032; HP:0000175; HP:0005048; HP:0000028; HP:0000486; HP:0005280; HP:0000193; HP:0000365; HP:0008111; HP:0000586; HP:0000453; HP:0007099; HP:0001355; HP:0000148; HP:0100702; HP:0001629; HP:0001507; HP:0000689; HP:0000452; HP:0000348; HP:0000316; HP:0000270; HP:0007291; HP:0004397; HP:0000006; HP:0007343	7719344; 9002682; 9973282; 7668257; 8651276; 9217234; 9452027	DD; Skin; Skeletal		2025-01-16 17:15:27+00:00	FGFR2	0.999558832021165	0.96637605692534	0.985415352457783	0.686224037385405	0.99999999999999	0.869116342517146	0.869116342517146	0.211106247888098
G2P00346	188830.0	9388	CNC1; PKR1; PRKAR1; PRKAR1ALPHA; TSE1	PRKAR1A-related acrodysostosis	101800	MONDO:0007044	monoallelic_autosomal	restricted mutation set	definitive	altered gene product structure		gain of function	inferred		HP:0002773; HP:0004279; HP:0000684; HP:0010743; HP:0004490; HP:0000995; HP:0000463; HP:0001530; HP:0003083; HP:0000858; HP:0010049; HP:0000135; HP:0000303; HP:0000668; HP:0001169; HP:0001249; HP:0000635; HP:0000238; HP:0010230; HP:0008873; HP:0000648; HP:0003416; HP:0005616; HP:0003165; HP:0000486; HP:0000028; HP:0005280; HP:0000455; HP:0000286; HP:0009803; HP:0000365; HP:0001847; HP:0000248; HP:0000327; HP:0000689; HP:0002650; HP:0005756; HP:0008450; HP:0000006; HP:0000316	21651393; 22464250; 22464252	DD; Skin; Skeletal		2025-01-27 14:31:28+00:00	PRKAR1A	0.998560482634058	0.993854288727889	0.982349596633237	0.890228048955623	0.999999938911612	0.304813230928527	0.304813230928527	0.172907993014296
G2P00360	612792.0	9587	KIAA0024; PSS1; PSSA	PTDSS1-related Lenz-Majewski hyperostotic dwarfism	151050	MONDO:0007892	monoallelic_autosomal	restricted mutation set	definitive	altered gene product structure		gain of function	inferred		HP:0001187; HP:0000973; HP:0005019; HP:0005477; HP:0002750; HP:0002007; HP:0001274; HP:0000164; HP:0000239; HP:0000041; HP:0001252; HP:0001249; HP:0001545; HP:0000347; HP:0001159; HP:0000885; HP:0006380; HP:0000171; HP:0004322; HP:0007678; HP:0001043; HP:0000028; HP:0000023; HP:0003745; HP:0009843; HP:0001511; HP:0003015; HP:0000453; HP:0000963; HP:0000965; HP:0001508; HP:0000407; HP:0000916; HP:0002987; HP:0000452; HP:0004482; HP:0000047; HP:0002342; HP:0006152; HP:0000316; HP:0000270; HP:0000400; HP:0000006; HP:0003041; HP:0008070	24241535	DD; Skeletal		2023-05-24 09:07:27+00:00	PTDSS1	0.188361077491696	0.466600299373904	0.0375325538626366	0.0064324753727906	0.580528051213853	0.406588773888043	0.406588773888043	0.852061995005932
G2P00392	603967.0	10591	HYKPP; HYPP; NAV1.4; SKM1	SCN4A-related hyperkalemic periodic paralysis	170500	MONDO:0008224	monoallelic_autosomal	restricted mutation set	definitive	altered gene product structure		gain of function	inferred		HP:0003593; HP:0003752; HP:0002486; HP:0007215; HP:0000006	1659948; 1659668; 15596759	DD		2015-07-22 16:14:30+00:00	SCN4A	0.999856409028632	0.995643751746156	0.999993035109442	0.998642079432487	0.999999999999944		0.999999999999944	0.493640872306402
G2P00466	190020.0	5173	HRAS1	HRAS-related congenital myopathy with excess of muscle spindles	218040		monoallelic_autosomal	restricted mutation set	definitive	altered gene product structure		gain of function	inferred		HP:0000494; HP:0000307; HP:0001548; HP:0001943; HP:0012081; HP:0002059; HP:0001187; HP:0002093; HP:0000463; HP:0001762; HP:0001609; HP:0001771; HP:0001631; HP:0001639; HP:0002119; HP:0002033; HP:0000280; HP:0000158; HP:0001699; HP:0000179; HP:0000218; HP:0002212; HP:0000358; HP:0001561; HP:0000256; HP:0001249; HP:0005989; HP:0000956; HP:0000238; HP:0001634; HP:0000347; HP:0001642; HP:0002862; HP:0002107; HP:0000465; HP:0002021; HP:0003764; HP:0004322; HP:0000006; HP:0001598; HP:0001808; HP:0000486; HP:0005280; HP:0001552; HP:0000286; HP:0003745; HP:0000083; HP:0000369; HP:0002780; HP:0007099; HP:0011675; HP:0000508; HP:0002996; HP:0002859; HP:0001508; HP:0001000; HP:0001263; HP:0000768; HP:0001869; HP:0001629; HP:0000260; HP:0001814; HP:0000293; HP:0000470; HP:0002870; HP:0006191; HP:0001622; HP:0002779; HP:0000316; HP:0008070	16443854; 17468812; 18247425; 16835863; 18039947; 17412879; 16170316; 19995790; 17054105; 17056636	DD; Skin		2017-09-01 16:19:15+00:00	HRAS								
G2P00467	176258.0	6233	KV3.1	KCNC1-related epilepsy, progressive myoclonic	616187	MONDO:0014521	monoallelic_autosomal	restricted mutation set	definitive	altered gene product structure		gain of function	inferred		HP:0011343; HP:0000957; HP:0001288; HP:0001000; HP:0001260; HP:0001250; HP:0007400; HP:0001513; HP:0100022; HP:0001263; HP:0000953; HP:0001388; HP:0001249; HP:0001337; HP:0012733; HP:0000951	25401298	DD		2015-07-22 16:14:34+00:00	KCNC1	0.929062352314587	0.67140646206995	0.673045163709131	0.650682641702148	0.99999966395201	0.976536006281572	0.976536006281572	0.218303021388947
G2P00527	615292.0	24725	FLJ22794; KIAA1895	FAM111A-related Kenny-Caffey syndrome	127000	MONDO:0007478	monoallelic_autosomal	restricted mutation set	definitive	altered gene product structure		gain of function	inferred		HP:0003510; HP:0007862; HP:0001903; HP:0000256; HP:0000568; HP:0002135; HP:0002901; HP:0008285; HP:0001476; HP:0000540; HP:0000829; HP:0100253; HP:0001620; HP:0004322; HP:0000935; HP:0001085; HP:0001250; HP:0001518; HP:0011001; HP:0000006	23684011	DD; Eye; Skeletal		2023-05-24 09:07:28+00:00	FAM111A	0.258635939260546	0.474128205838757	0.893780711716146	0.397147136050583	0.397147136050583	0.002134093515222	0.002134093515222	1.21467061637687
G2P00621	176943.0	3689	BEK; CD332; CEK3; CFD1; ECT1; JWS; K-SAM; KGFR; TK14; TK25	FGFR2-related lacrimo-auriculo-dento-digital syndrome (LADD)	149730	MONDO:0100302	monoallelic_autosomal		definitive	uncertain; altered gene product structure	missense_variant; inframe_deletion; inframe_insertion	gain of function	inferred		HP:0000494; HP:0009740; HP:0003275; HP:0100583; HP:0000377; HP:0007892; HP:0001631; HP:0000579; HP:0000629; HP:0012210; HP:0004443; HP:0008743; HP:0100258; HP:0004440; HP:0002007; HP:0000337; HP:0000774; HP:0009944; HP:0000668; HP:0003022; HP:0002984; HP:0010055; HP:0001249; HP:0000620; HP:0001245; HP:0001371; HP:0000238; HP:0003031; HP:0000272; HP:0000059; HP:0001092; HP:0007732; HP:0000520; HP:0001166; HP:0000343; HP:0000974; HP:0006297; HP:0000378; HP:0005280; HP:0011065; HP:0001233; HP:0002781; HP:0000453; HP:0004209; HP:0000104; HP:0000248; HP:0003974; HP:0000217; HP:0000148; HP:0000410; HP:0005707; HP:0009462; HP:0000007; HP:0000670; HP:0000260; HP:0001838; HP:0000063; HP:0002980; HP:0000402; HP:0007656; HP:0009741; HP:0000198; HP:0007900; HP:0000316; HP:0000680; HP:0000006; HP:0003041		DD; Skin; Skeletal		2025-03-14 11:51:28+00:00	FGFR2	0.999558832021165	0.96637605692534	0.985415352457783	0.686224037385405	0.99999999999999	0.869116342517146	0.869116342517146	0.211106247888098
G2P00634	176872.0	6840	MAPKK1; MEK1; MKK1; PRKMK1	MAP2K1-related cardiofaciocutaneous syndrome	615279	MONDO:0014113	monoallelic_autosomal	restricted mutation set	definitive	altered gene product structure		gain of function	inferred		HP:0001276; HP:0000268; HP:0000494; HP:0001744; HP:0001047; HP:0001187; HP:0003577; HP:0008872; HP:0000463; HP:0002120; HP:0007333; HP:0000657; HP:0000938; HP:0001631; HP:0001639; HP:0006114; HP:0001048; HP:0000639; HP:0000414; HP:0002750; HP:0000280; HP:0000358; HP:0001561; HP:0000218; HP:0000962; HP:0002020; HP:0002212; HP:0002223; HP:0000164; HP:0001252; HP:0001249; HP:0000561; HP:0009891; HP:0000238; HP:0009908; HP:0003477; HP:0000347; HP:0000520; HP:0001642; HP:0000126; HP:0007370; HP:0004322; HP:0008064; HP:0000767; HP:0003196; HP:0000486; HP:0005280; HP:0000545; HP:0000286; HP:0000341; HP:0000365; HP:0001093; HP:0004209; HP:0008113; HP:0000508; HP:0002217; HP:0000529; HP:0002002; HP:0001508; HP:0001250; HP:0002019; HP:0000768; HP:0004482; HP:0002013; HP:0000176; HP:0001003; HP:0001622; HP:0000006; HP:0000316; HP:0008070		DD		2025-01-27 16:05:23+00:00	MAP2K1	0.196840187440359	0.210588229168214	0.17119276370593	0.106758279166992	0.950750690090198	0.111406533892298	0.111406533892298	0.549034181643639
G2P00680	164761.0	9967	CDHF12; CDHR16; HSCR1; MEN2A; MEN2B; MTC1; PTC; RET51	RET-related multiple endocrine neoplasia IIB	162300	MONDO:0008082	monoallelic_autosomal	potential secondary finding; restricted mutation set	definitive	altered gene product structure	missense_variant; inframe_deletion; inframe_insertion	gain of function	inferred		HP:0003528; HP:0002865; HP:0005994; HP:0006461; HP:0002666; HP:0000179; HP:0000218; HP:0003307; HP:0001252; HP:0000574; HP:0008208; HP:0000767; HP:0003005; HP:0002251; HP:0002253; HP:0001531; HP:0002014; HP:0001519; HP:0000951; HP:0001761; HP:0001263; HP:0002019; HP:0003639; HP:0002650; HP:0002808; HP:0003198; HP:0000006; HP:0001388	11788682	DD; Skin; Cancer		2025-01-21 15:02:57+00:00	RET	0.0504510253097088	0.163990205125477	0.662941588646472	0.383440188516427	1.0	0.999999987057784	0.999999987057784	0.182351485948912
G2P00720	190070.0	6407	K-RAS4B; KRAS1; KRAS2	KRAS-related cardiofaciocutaneous syndrome	615278	MONDO:0014112	monoallelic_autosomal	restricted mutation set	definitive	altered gene product structure		gain of function	inferred		HP:0001276; HP:0000268; HP:0000494; HP:0001744; HP:0001047; HP:0001187; HP:0003577; HP:0008872; HP:0000463; HP:0002120; HP:0007333; HP:0000657; HP:0000938; HP:0001631; HP:0001639; HP:0006114; HP:0001048; HP:0000639; HP:0000414; HP:0002750; HP:0000280; HP:0000358; HP:0001561; HP:0000218; HP:0000962; HP:0002020; HP:0002212; HP:0002223; HP:0000164; HP:0001252; HP:0001249; HP:0000561; HP:0009891; HP:0000238; HP:0009908; HP:0003477; HP:0000347; HP:0000520; HP:0001642; HP:0000126; HP:0007370; HP:0004322; HP:0008064; HP:0000767; HP:0003196; HP:0000486; HP:0005280; HP:0000545; HP:0000286; HP:0000341; HP:0000365; HP:0001093; HP:0004209; HP:0008113; HP:0000508; HP:0002217; HP:0000529; HP:0002002; HP:0001508; HP:0001250; HP:0002019; HP:0000768; HP:0004482; HP:0002013; HP:0000176; HP:0001003; HP:0001622; HP:0000006; HP:0000316; HP:0008070		DD; Skin		2025-01-27 16:04:45+00:00	KRAS	0.999373643848816	0.999373643848816	0.958542415136504	0.935810065609959	0.999373643848816	0.986252623632229	0.986252623632229	0.291131037659944
G2P00768	603157.0	8980	P85; P85-BETA; P85B; P85BETA	PIK3R2-related megalencephaly-polymicrogyria-polydactyly-hydrocephalus syndrome	603387	MONDO:0011313	monoallelic_autosomal	restricted mutation set	definitive	altered gene product structure		gain of function	inferred		HP:0002079; HP:0001653; HP:0001631; HP:0007074; HP:0002007; HP:0000618; HP:0012650; HP:0000238; HP:0002126; HP:0006380; HP:0002187; HP:0001090; HP:0100259; HP:0000508; HP:0001355; HP:0003202; HP:0001302; HP:0001250; HP:0001263; HP:0001629; HP:0010775; HP:0002943; HP:0000637; HP:0008936; HP:0002808; HP:0000006	26860062; 22729224	DD		2015-07-22 16:14:51+00:00	PIK3R2	0.999311592351013	0.999311592351013	0.623705865481016	0.408598031200459	0.999311592351013	0.838533805820388	0.838533805820388	0.723809831504712
G2P00817	190070.0	6407	K-RAS4B; KRAS1; KRAS2	KRAS-related Noonan syndrome	609942	MONDO:0012371	monoallelic_autosomal	restricted mutation set	definitive	altered gene product structure		gain of function	inferred		HP:0002007; HP:0004322; HP:0001263; HP:0012209; HP:0003196; HP:0004442; HP:0001629; HP:0000463; HP:0011995; HP:0000369; HP:0000465; HP:0001642; HP:0000006; HP:0000316	19396835; 16773572; 16474405	DD; Skin		2025-01-27 09:29:54+00:00	KRAS	0.999373643848816	0.999373643848816	0.958542415136504	0.935810065609959	0.999373643848816	0.986252623632229	0.986252623632229	0.291131037659944
G2P00833	164757.0	1097	BRAF-1; BRAF1	BRAF-related cardiofaciocutaneous syndrome	115150	MONDO:0007265	monoallelic_autosomal	restricted mutation set	definitive	altered gene product structure		gain of function	inferred		HP:0001276; HP:0000268; HP:0000494; HP:0001744; HP:0001047; HP:0001187; HP:0003577; HP:0008872; HP:0000953; HP:0000463; HP:0002120; HP:0007333; HP:0000657; HP:0000938; HP:0001631; HP:0001639; HP:0006114; HP:0001048; HP:0000639; HP:0000414; HP:0002750; HP:0000280; HP:0000358; HP:0001561; HP:0000218; HP:0000962; HP:0002020; HP:0002212; HP:0002223; HP:0000164; HP:0000391; HP:0001252; HP:0001249; HP:0000561; HP:0009891; HP:0000238; HP:0009908; HP:0003477; HP:0000347; HP:0000520; HP:0001642; HP:0000126; HP:0007370; HP:0004322; HP:0008064; HP:0000767; HP:0003196; HP:0000486; HP:0005280; HP:0000545; HP:0000286; HP:0000341; HP:0000365; HP:0000369; HP:0001093; HP:0004209; HP:0008113; HP:0000508; HP:0002217; HP:0000529; HP:0002002; HP:0001508; HP:0001250; HP:0002019; HP:0000768; HP:0004482; HP:0002013; HP:0000176; HP:0001003; HP:0001622; HP:0000006; HP:0000316; HP:0008070	19206169; 18042262; 16474404; 16372351	DD; Skin		2025-01-27 16:01:21+00:00	BRAF	0.99999951993426	0.99993859437327	0.935274044274733	0.682089531072628	0.999999999869698	0.0719828440131299	0.0719828440131299	0.244982072575119
G2P00837	605705.0	11142	MSK; SNF1LK	SIK1-related neonatal epilepsy spectrum	616341	MONDO:0014595	monoallelic_autosomal	restricted mutation set	definitive	altered gene product structure		gain of function	inferred			25839329	DD		2015-07-22 16:14:55+00:00	SIK1								
G2P00864	134934.0	3690	ACH; CD333; CEK2; JTK4	FGFR3-related Crouzon syndrome with acanthosis nigricans	612247	MONDO:0012833	monoallelic_autosomal	restricted mutation set	definitive	altered gene product structure	missense_variant	gain of function	inferred			7493034; 8880573; 11426459; 37397405; 34388723; 23437153; 31016899; 32860240	DD; Skin; Skeletal		2023-05-24 09:07:29+00:00	FGFR3								
G2P00865	600275.0	7882		NOTCH2-related Hajdu-Cheney syndrome	102500	MONDO:0007057	monoallelic_autosomal	restricted mutation set	definitive	altered gene product structure		gain of function	inferred		HP:0000494; HP:0006180; HP:0000405; HP:0008462; HP:0001799; HP:0001842; HP:0000463; HP:0004586; HP:0000107; HP:0000938; HP:0003083; HP:0002645; HP:0006480; HP:0000218; HP:0000664; HP:0000574; HP:0005463; HP:0000238; HP:0001007; HP:0000347; HP:0009771; HP:0002756; HP:0000445; HP:0004322; HP:0000343; HP:0002688; HP:0000028; HP:0000023; HP:0000286; HP:0001537; HP:0000369; HP:0001508; HP:0000939; HP:0009748; HP:0002751; HP:0002857; HP:0008421; HP:0000689; HP:0002953; HP:0000047; HP:0000470; HP:0000527; HP:0000006; HP:0001388	21378989; 21378985; 21712856	DD; Eye; Skeletal		2023-05-24 09:07:29+00:00	NOTCH2	0.18799889533495	0.916929188619859	0.99996411816909	0.992181520626718	1.0	0.990032745164193	0.990032745164193	0.150075518967253
G2P00872	171834.0	8975	PI3K	PIK3CA-related overgrowth spectrum disorder with or without megalencephaly, capillary malformation, polymicrogyria and lipomatous overgrowth			monoallelic_autosomal	typically mosaic; restricted mutation set	definitive	altered gene product structure		gain of function	inferred		HP:0000494; HP:0001744; HP:0002667; HP:0001852; HP:0002119; HP:0000337; HP:0002564; HP:0004099; HP:0012032; HP:0000568; HP:0001252; HP:0100790; HP:0001249; HP:0000238; HP:0002126; HP:0001428; HP:0000324; HP:0001909; HP:0001159; HP:0001388; HP:0004481; HP:0004437; HP:0002858; HP:0000319; HP:0005280; HP:0000286; HP:0003745; HP:0001528; HP:0002144; HP:0010301; HP:0000965; HP:0001355; HP:0001250; HP:0001263; HP:0009748; HP:0008678; HP:0001629; HP:0010442; HP:0002650; HP:0002389; HP:0001548; HP:0000316	22658544; 22729224	DD; Skeletal		2024-12-11 11:40:22+00:00	PIK3CA	0.0450505300338516	0.0408735833628749	0.0194169061688003	0.0005416864751312	0.995882105695406	0.0506858502550419	0.0506858502550419	0.364253127209522
G2P00887	608167.0	18865	KCA4.1; KIAA1422; SLACK; SLO2.2	KCNT1-related malignant migrating partial seizures of infancy		MONDO:0017385	monoallelic_autosomal	restricted mutation set	definitive	altered gene product structure		gain of function	inferred			23086397	DD		2015-07-22 16:14:59+00:00	KCNT1								
G2P00981	602662.0	20774	BETA-5; DYT4; TUBB4	TUBB4A-related hypomyelination with atrophy of the basal ganglia and cerebellum			monoallelic_autosomal	restricted mutation set	definitive	altered gene product structure		gain of function	inferred		HP:0001276; HP:0011844; HP:0001263; HP:0100022; HP:0002827; HP:0002644; HP:0001252; HP:0001249; HP:0002061; HP:0001321; HP:0001317; HP:0001257; HP:0001367; HP:0001258; HP:0001373	23582646	DD		2015-07-22 16:15:03+00:00	TUBB4A	0.830116257651865	0.60159421466397	0.603357887855266	0.490706692436143	0.93352077108749	0.0039186968175162	0.0039186968175162	0.508247052716746
G2P01005	176943.0	3689	BEK; CD332; CEK3; CFD1; ECT1; JWS; K-SAM; KGFR; TK14; TK25	FGFR2-related Jackson-Weiss syndrome	123150		monoallelic_autosomal	restricted mutation set	definitive	altered gene product structure		gain of function	inferred		HP:0000006; HP:0010743; HP:0008080; HP:0001363; HP:0010055; HP:0000272; HP:0004691; HP:0001783; HP:0008122	7874170; 9385368	DD; Skin		2025-01-21 21:28:52+00:00	FGFR2	0.999558832021165	0.96637605692534	0.985415352457783	0.686224037385405	0.99999999999999	0.869116342517146	0.869116342517146	0.211106247888098
G2P01027	605427.0	18083	CMT2C; OTRPC4; TRP12; VR-OAC; VRL-2; VROAC	TRPV4-related spondylometaphyseal dysplasia, Kozlowski type	184252	MONDO:0008477	monoallelic_autosomal	restricted mutation set	definitive	altered gene product structure		gain of function	inferred		HP:0003311; HP:0005042; HP:0003180; HP:0001498; HP:0002750; HP:0001760; HP:0008833; HP:0003521; HP:0000271; HP:0002515; HP:0003015; HP:0000768; HP:0002751; HP:0002812; HP:0006069; HP:0000926; HP:0001547; HP:0000470; HP:0000006	19232556; 20577006	DD; Skeletal		2023-05-24 09:07:30+00:00	TRPV4	0.69520991884049	0.566791148512115	0.539053116176795	0.122969596866205	0.973962663969914	0.0048092181774316	0.0048092181774316	0.703184884326681
G2P01035	118504.0	1958	BFNC; EBN; EBN1	CHRNA4-related nocturnal frontal lobe epilepsy	600513	MONDO:0010899	monoallelic_autosomal	restricted mutation set	definitive	altered gene product structure		gain of function	inferred		HP:0001250; HP:0001249; HP:0007359; HP:0001297; HP:0000708; HP:0003829; HP:0003621; HP:0000006	7647781; 35093606; 32536355; 32342646; 32097883; 32031532; 29630124; 29454195; 26309560; 25282705; 21753767; 19058950; 12887446; 10802757; 10563623; 10448807; 9175743; 7550350	DD		2015-07-22 16:15:07+00:00	CHRNA4	0.999987578154174	0.998959435700263	0.999696472079011	0.994472231528616	0.999999999999826	0.991461466434504	0.991461466434504	0.397697238186709
G2P01077	182530.0	11187	GF1; GINGF; HGF	SOS1-related Noonan syndrome	610733	MONDO:0012547	monoallelic_autosomal	restricted mutation set	definitive	altered gene product structure		gain of function	inferred		HP:0000494; HP:0003010; HP:0000368; HP:0001639; HP:0000915; HP:0000179; HP:0002212; HP:0000256; HP:0000535; HP:0000635; HP:0006610; HP:0001642; HP:0009890; HP:0000465; HP:0002967; HP:0004322; HP:0000028; HP:0005280; HP:0000286; HP:0000508; HP:0001629; HP:0000689; HP:0002650; HP:0000470; HP:0000006; HP:0000316	18925667; 17143285; 19438935	DD		2025-01-27 09:29:00+00:00	SOS1	0.262970622894662	0.543559752322505	0.999990921222676	0.999779801654402	1.0	0.983745834098879	0.983745834098879	0.240428306437002
G2P01101	134934.0	3690	ACH; CD333; CEK2; JTK4	FGFR3-related thanatophoric dysplasia, type 2	187601	MONDO:0008547	monoallelic_autosomal	restricted mutation set	definitive	altered gene product structure		gain of function	inferred		HP:0008909; HP:0003185; HP:0001156; HP:0006584; HP:0000774; HP:0000910; HP:0001561; HP:0002093; HP:0000946; HP:0000926; HP:0003811; HP:0002677; HP:0000274; HP:0003015; HP:0000773; HP:0001558; HP:0000006; HP:0002676	7773297	DD; Skeletal		2025-01-28 08:45:44+00:00	FGFR3								
G2P01114	190181.0	11772	ACVRLK4; ALK-5; ALK5; ESS1; MSSE; TBR-I; TBRI	TGFBR1-related Loeys-Dietz syndrome	609192	MONDO:0012212	monoallelic_autosomal	restricted mutation set	definitive	altered gene product structure		gain of function	inferred		HP:0001162; HP:0002308; HP:0004944; HP:0004955; HP:0001762; HP:0009473; HP:0001631; HP:0004937; HP:0000278; HP:0000766; HP:0001249; HP:0001647; HP:0000238; HP:0000272; HP:0001634; HP:0000347; HP:0000520; HP:0001075; HP:0005182; HP:0000978; HP:0001166; HP:0001388; HP:0001425; HP:0000974; HP:0001643; HP:0002631; HP:0000175; HP:0000193; HP:0001363; HP:0000023; HP:0000977; HP:0000592; HP:0001519; HP:0004933; HP:0000577; HP:0001263; HP:0002650; HP:0004954; HP:0010648; HP:0000006; HP:0000316	15731757; 16596670; 18070134; 16791849; 16928994	DD; Skeletal		2023-05-24 09:07:30+00:00	TGFBR1	0.382580852713447	0.408294356385543	0.308512172651993	0.134815830594602	0.99149496834998	0.550276416747765	0.550276416747765	0.53716516848724
G2P01123	123833.0	1583		CCND2-related megalencephaly-polymicrogyria-polydactyly-hydrocephalus syndrome	615938	MONDO:0014408	monoallelic_autosomal	restricted mutation set	definitive	altered gene product structure		gain of function	inferred		HP:0002079; HP:0001653; HP:0001631; HP:0007074; HP:0002007; HP:0000618; HP:0000238; HP:0002126; HP:0006380; HP:0002187; HP:0001090; HP:0100259; HP:0000508; HP:0001355; HP:0003202; HP:0001302; HP:0001250; HP:0001263; HP:0001629; HP:0010775; HP:0002943; HP:0000637; HP:0008936; HP:0002808; HP:0000006	24705253	DD		2015-07-22 16:15:11+00:00	CCND2	0.594903406786556	0.344939799245814	0.995562398691512	0.889858009770922	0.999999902407149	0.999999373105259	0.999999373105259	0.208274309802557
G2P01166	604677.0	2205	CERT; COL4A3BP; GPBP; STARD11	CERT1-related intellectual disability	616351		monoallelic_autosomal	restricted mutation set	definitive	altered gene product structure		gain of function	inferred		HP:0000153; HP:0011844; HP:0001250; HP:0003781; HP:0000492; HP:0100022; HP:0001263; HP:0002020; HP:0001249; HP:0000286; HP:0000271; HP:0010864; HP:0000252; HP:0011297; HP:0000159; HP:0002069; HP:0000929	25533962	DD		2025-01-14 17:10:35+00:00	CERT1	0.933857825654418	0.901174692401422	0.223938317049298	0.415087558562091	0.997593547258542	0.0013272050937575	0.0013272050937575	0.54043748621339
G2P01168	164730.0	391	AKT; PKB; PRKBA; RAC; RAC-ALPHA	AKT1-related Proteus syndrome	176920	MONDO:0008318	monoallelic_autosomal	typically mosaic; restricted mutation set	definitive	altered gene product structure		gain of function	inferred		HP:0004490; HP:0007403; HP:0002176; HP:0007483; HP:0000256; HP:0001010; HP:0012032; HP:0100764; HP:0003416; HP:0003764; HP:0001528; HP:0003745; HP:0001028; HP:0002751; HP:0002342; HP:0004472; HP:0001012; HP:0001140; HP:0005465; HP:0001548	22876373; 21793738	DD; Skeletal		2025-01-10 10:11:25+00:00	AKT1	0.999999512416898	0.999999512416898	0.754748777181964	0.720048098521403	0.999999512416898	0.989008355126339	0.989008355126339	0.314071127117902
G2P01257	134934.0	3690	ACH; CD333; CEK2; JTK4	FGFR3-related hypochondroplasia	146000	MONDO:0007793	monoallelic_autosomal	restricted mutation set	definitive	altered gene product structure		gain of function	inferred		HP:0002007; HP:0001156; HP:0003026; HP:0000256; HP:0009815; HP:0002938; HP:0002644; HP:0001249; HP:0011405; HP:0003015; HP:0001377; HP:0000272; HP:0002970; HP:0000006	11055896; 16912704; 7670477; 10215410; 9452043; 8589686; 11015576	DD; Skeletal		2025-01-21 21:17:24+00:00	FGFR3								
G2P01260	600129.0	8783	DPDE3	PDE4D-related acrodysostosis	614613	MONDO:0013822	monoallelic_autosomal	restricted mutation set	definitive	altered gene product structure		gain of function	inferred		HP:0010743; HP:0000851; HP:0003502; HP:0000463; HP:0010049; HP:0010579; HP:0001249; HP:0000311; HP:0000272; HP:0003416; HP:0000750; HP:0001513; HP:0005616; HP:0003196; HP:0000028; HP:0005280; HP:0009803; HP:0001511; HP:0001263; HP:0000047; HP:0000006	22464250; 22464252; 23033274	DD; Skeletal		2025-01-27 14:30:06+00:00	PDE4D	0.994593506443103	0.889506762447364	0.770649101579011	0.245979065130575	0.999998882304652	0.131475048117631	0.131475048117631	0.441753397470032
G2P01273	176943.0	3689	BEK; CD332; CEK3; CFD1; ECT1; JWS; K-SAM; KGFR; TK14; TK25	FGFR2-related Beare-Stevenson cutis gyrata syndrome	123790	MONDO:0007412	monoallelic_autosomal	restricted mutation set	definitive	altered gene product structure		gain of function	inferred		HP:0000494; HP:0000189; HP:0003246; HP:0001792; HP:0000368; HP:0002676; HP:0001274; HP:0004450; HP:0001545; HP:0000956; HP:0000238; HP:0000272; HP:0000520; HP:0002098; HP:0001363; HP:0007517; HP:0000453; HP:0001263; HP:0000452; HP:0001377; HP:0000006; HP:0000316; HP:0000048	8696350; 19610084; 9545103; 12000365	DD; Skin; Skeletal		2025-01-21 21:30:16+00:00	FGFR2	0.999558832021165	0.96637605692534	0.985415352457783	0.686224037385405	0.99999999999999	0.869116342517146	0.869116342517146	0.211106247888098
G2P01315	601263.0	6842	MEK2; MKK2; PRKMK2	MAP2K2-related cardiofaciocutaneous syndrome	615280	MONDO:0014114	monoallelic_autosomal	restricted mutation set	definitive	altered gene product structure		gain of function	inferred		HP:0001276; HP:0000268; HP:0000494; HP:0001744; HP:0001047; HP:0001187; HP:0003577; HP:0008872; HP:0000463; HP:0002120; HP:0007333; HP:0000657; HP:0000938; HP:0001631; HP:0001639; HP:0006114; HP:0001048; HP:0000639; HP:0000414; HP:0002750; HP:0000280; HP:0000358; HP:0001561; HP:0000218; HP:0000962; HP:0002020; HP:0002212; HP:0002223; HP:0000164; HP:0001252; HP:0001249; HP:0000561; HP:0009891; HP:0000238; HP:0009908; HP:0003477; HP:0000347; HP:0000520; HP:0001642; HP:0000126; HP:0007370; HP:0004322; HP:0008064; HP:0000767; HP:0003196; HP:0000486; HP:0005280; HP:0000545; HP:0000286; HP:0000341; HP:0000365; HP:0001093; HP:0004209; HP:0008113; HP:0000508; HP:0002217; HP:0000529; HP:0002002; HP:0001508; HP:0001250; HP:0002019; HP:0000768; HP:0004482; HP:0002013; HP:0000176; HP:0001003; HP:0001622; HP:0000006; HP:0000316; HP:0008070		DD		2025-01-27 16:06:01+00:00	MAP2K2	0.981063726757991	0.91325401008022	0.74499575502657	0.764187732989277	0.999882223548445	0.96847987008953	0.96847987008953	0.65585001242479
G2P01321	134934.0	3690	ACH; CD333; CEK2; JTK4	FGFR3-related thanatophoric dysplasia, type 1	187600	MONDO:0008546	monoallelic_autosomal	restricted mutation set	definitive	altered gene product structure		gain of function	inferred		HP:0002093; HP:0000946; HP:0003811; HP:0002676; HP:0002282; HP:0008909; HP:0002007; HP:0003026; HP:0006584; HP:0000774; HP:0001561; HP:0000256; HP:0006487; HP:0001252; HP:0000238; HP:0000773; HP:0001558; HP:0002187; HP:0003185; HP:0004565; HP:0000910; HP:0002677; HP:0003015; HP:0000274; HP:0000006	19449430; 7773297; 7647778; 8845844; 8589699; 9215781; 9790257; 10360402; 10910625; 11309183	DD; Skeletal		2025-01-28 08:46:35+00:00	FGFR3								
G2P01345	164790.0	7989	N-RAS	NRAS-related Noonan syndrome	613224	MONDO:0013186	monoallelic_autosomal	restricted mutation set	definitive	altered gene product structure		gain of function	inferred		HP:0000750; HP:0004322; HP:0000962; HP:0002212; HP:0001555; HP:0000256; HP:0000028; HP:0000545; HP:0001639; HP:0000316; HP:0001256; HP:0000369; HP:0000465; HP:0001642; HP:0001290	19966803	DD		2025-01-27 09:32:59+00:00	NRAS	0.935304460357354	0.930166815947984	0.930810829273869	0.940663156148001	0.983847222012879		0.983847222012879	0.565751740810076
G2P01423	603372.0	12373	LGR3	TSHR-related hyperthyroidism, familial gestational	603373	MONDO:0011309	monoallelic_autosomal	restricted mutation set	definitive	altered gene product structure		gain of function	inferred		HP:0012188; HP:0000006; HP:0000836	9854118	DD		2015-07-22 16:15:27+00:00	TSHR	0.876979384704774	0.817950193250772	0.935183311697999	0.936407101374124	0.961013814902893		0.961013814902893	0.885275089640174
G2P01432	607492.0	30032	FLJ10209; KIAA1175	PACS1-related intellectual disability	615009		monoallelic_autosomal	restricted mutation set	definitive	altered gene product structure		gain of function	inferred		HP:0011343; HP:0000494; HP:0000252; HP:0001671; HP:0001760; HP:0001780; HP:0001167; HP:0000035; HP:0000159; HP:0000233; HP:0000366; HP:0000153; HP:0011844; HP:0000492; HP:0008050; HP:0001155; HP:0000271; HP:0000286; HP:0000369; HP:0011297; HP:0000598; HP:0002817; HP:0000177; HP:0001250; HP:0001263; HP:0002019; HP:0000316; HP:0000929	23159249; 25522177; 26842493; 28111752; 28975623; 29550517; 30113927; 34068396; 34373684; 34517877; 36210549; 36415352; 37064331; 37141437; 37218682; 37373745; 37747683	DD		2025-01-16 14:07:31+00:00	PACS1	0.978426468718544	0.898156361114891	0.993452729658545	0.932989077942203	0.999999999996217	0.417923469825837	0.417923469825837	0.300965253024338
G2P01447	604417.0	17869	AF5Q31; MCEF	AFF4-related Cornelia de Lange-like syndrome	616368		monoallelic_autosomal	restricted mutation set	definitive	altered gene product structure		gain of function	inferred			25730767	DD		2025-01-27 10:34:55+00:00	AFF4	0.909623069425183	0.920865930070694	0.996583822283142	0.910713317622935	1.0	0.433828018296201	0.433828018296201	0.16184834386244
G2P01530	131243.0	3179	ET-A; ETA-R; HET-AR	EDNRA-related mandibulofacial dysostosis with alopecia	616367	MONDO:0014608	monoallelic_autosomal	restricted mutation set	definitive	altered gene product structure		gain of function	inferred			25772936	DD; Skeletal		2023-05-24 09:07:32+00:00	EDNRA	0.70576248239237	0.115839081764959	0.486205227513097	0.480545082794839	0.999674999493735	0.998406739780608	0.998406739780608	0.351645326510475
G2P01582	173410.0	8804	CD140B; JTK12; PDGFR; PDGFR1	PDGFRB-related familial infantile myofibromatosis	228550	MONDO:0009227	monoallelic_autosomal	restricted mutation set	definitive	altered gene product structure		gain of function	inferred			23731542; 28334876; 30200486	DD; Skin		2025-01-21 11:27:52+00:00	PDGFRB	0.57886115947006	0.120853613062566	0.821672503302023	0.729372249805654	0.999999999911303	0.950304982432139	0.950304982432139	0.424550830447664
G2P01586	176943.0	3689	BEK; CD332; CEK3; CFD1; ECT1; JWS; K-SAM; KGFR; TK14; TK25	FGFR2-related Pfeiffer syndrome	101600		monoallelic_autosomal	restricted mutation set	definitive	altered gene product structure		gain of function	inferred		HP:0000494; HP:0002308; HP:0003795; HP:0000303; HP:0002676; HP:0004440; HP:0000244; HP:0000218; HP:0005347; HP:0010055; HP:0001249; HP:0000238; HP:0001159; HP:0003196; HP:0000486; HP:0005280; HP:0000586; HP:0000453; HP:0002780; HP:0000678; HP:0011304; HP:0000327; HP:0006110; HP:0000452; HP:0000316; HP:0000006; HP:0003041; HP:0003070	7719333; 9150725; 9457499; 9475591; 10394936; 10731087; 10945669; 11380927; 11556600; 11807866	DD; Skin; Skeletal		2024-02-26 11:55:51+00:00	FGFR2	0.999558832021165	0.96637605692534	0.985415352457783	0.686224037385405	0.99999999999999	0.869116342517146	0.869116342517146	0.211106247888098
G2P01624	603213.0	6391	KID; KNSL4; OBP-1; OBP-2	KIF22-related spondyloepimetaphyseal dysplasia with joint laxity	603546	MONDO:0011335	monoallelic_autosomal	restricted mutation set	definitive	altered gene product structure		gain of function	inferred		HP:0012296; HP:0003083; HP:0003071; HP:0005121; HP:0006127; HP:0001498; HP:0002651; HP:0005092; HP:0003370; HP:0009836; HP:0003025; HP:0001252; HP:0003090; HP:0006016; HP:0000272; HP:0005008; HP:0012297; HP:0004322; HP:0006454; HP:0003301; HP:0010301; HP:0010585; HP:0003015; HP:0000977; HP:0002857; HP:0008819; HP:0002650; HP:0001374; HP:0010582; HP:0008457; HP:0000006; HP:0001388; HP:0012299	19277648; 22152678	DD; Skeletal		2023-05-24 09:07:33+00:00	KIF22	0.0670862820959294	0.0230053617337337	0.0329953205063486	0.0553918889659267	0.967671025907505	0.375791602831592	0.375791602831592	0.9271112206142
G2P01633	602775.0	15454	KIAA0862; SOC-2; SOC2; SUR-8; SUR8	SHOC2-related Noonan-like syndrome with loose anagen hair	607721	MONDO:0054637	monoallelic_autosomal	restricted mutation set	definitive	altered gene product structure		gain of function	inferred		HP:0001631; HP:0000964; HP:0001639; HP:0000752; HP:0000358; HP:0000256; HP:0001249; HP:0001642; HP:0000465; HP:0004322; HP:0008064; HP:0000486; HP:0000369; HP:0002209; HP:0001611; HP:0001629; HP:0000470; HP:0000006; HP:0000316	19684605	DD		2025-01-27 09:34:06+00:00	SHOC2	0.971457461553056	0.846223068251643	0.981660882552928	0.930516788560447	0.999999982782405	0.614552347353622	0.614552347353622	0.191573701784913
G2P01638	102560.0	144	ACTG; DFNA20; DFNA26	ACTG1-related Baraitser-Winter syndrome	614583	MONDO:0013812	monoallelic_autosomal	restricted mutation set	definitive	altered gene product structure	missense_variant; inframe_deletion; inframe_insertion	gain of function	inferred		HP:0011343; HP:0000307; HP:0000377; HP:0002500; HP:0000252; HP:0000154; HP:0002119; HP:0000219; HP:0001760; HP:0000179; HP:0000202; HP:0001274; HP:0000364; HP:0004298; HP:0000568; HP:0000243; HP:0001167; HP:0001249; HP:0002553; HP:0000159; HP:0005484; HP:0000366; HP:0000465; HP:0000153; HP:0004322; HP:0011844; HP:0000343; HP:0000492; HP:0001155; HP:0000271; HP:0011389; HP:0000365; HP:0011297; HP:0000248; HP:0000598; HP:0000508; HP:0002817; HP:0000177; HP:0001250; HP:0001263; HP:0000407; HP:0000589; HP:0003812; HP:0000637; HP:0001339; HP:0004299; HP:0000316; HP:0000470; HP:0000006; HP:0000929	22366783; 25052316; 27096712; 27240540; 29024830	DD; Eye; Ear		2025-04-09 08:42:19+00:00	ACTG1								
G2P01677	600470.0	12872	ZIC; ZNF201	ZIC1-related craniosynostosis	616602	MONDO:0014705	monoallelic_autosomal	restricted mutation set	definitive	altered gene product structure		gain of function	inferred			26340333	DD		2016-01-08 10:22:05+00:00	ZIC1	0.999712816973001	0.995965010012811	0.723522243357542	0.250338529812027	0.999999991999644	0.797196290939666	0.797196290939666	0.230980232229656
G2P01679	173410.0	8804	CD140B; JTK12; PDGFR; PDGFR1	PDGFRB-related premature aging syndrome, Penttinen type	601812	MONDO:0011150	monoallelic_autosomal	restricted mutation set	definitive	altered gene product structure		gain of function	inferred		HP:0001156; HP:0002750; HP:0000684; HP:0000407; HP:0001507; HP:0002925; HP:0000540; HP:0009771; HP:0000951	26279204; 33450762; 29944170	DD; Skin; Skeletal		2025-02-07 12:42:50+00:00	PDGFRB	0.57886115947006	0.120853613062566	0.821672503302023	0.729372249805654	0.999999999911303	0.950304982432139	0.950304982432139	0.424550830447664
G2P01702	115440.0	2457	CKA1; CKA2	CSNK2A1-related neurodevelopmental disorder (Okur-Chung syndrome)	617062		monoallelic_autosomal	restricted mutation set	definitive	altered gene product structure		gain of function	inferred			27048600; 28725024; 29383814; 29568000; 31060130; 32472542; 34038195; 37195306; 37491870	DD		2025-01-15 15:55:25+00:00	CSNK2A1								
G2P01737	139380.0	4396		GNB1-related severe neurodevelopmental disability, hypotonia, and seizures	616973		monoallelic_autosomal	restricted mutation set	definitive	altered gene product structure		gain of function	inferred		HP:0001332; HP:0011398; HP:0004322; HP:0001250; HP:0001249	27108799; 30194818	DD		2025-01-16 22:42:22+00:00	GNB1	0.998016633220682	0.990472611174616	0.994487842754252	0.983435417122546	0.999999191028005	0.999992044805528	0.999992044805528	0.152802607897937
G2P01882	601513.0	3668	FGF12B; FHF1	FGF12-related epileptic encephalopathy	617166		monoallelic_autosomal	restricted mutation set	definitive	altered gene product structure		gain of function	inferred		HP:0200134	27830185; 27872899; 27164707	DD		2025-01-16 12:22:18+00:00	FGF12								
G2P02250	610672.0	20967	BEND8; BTBD14B; BTBD30; NAC-1; NAC1	NACC1-related infantile epilepsy, cataracts, and profound developmental delay			monoallelic_autosomal	restricted mutation set	definitive	altered gene product structure		gain of function	inferred		HP:0001263; HP:0001250; HP:0012171; HP:0012469; HP:0011968; HP:0010864; HP:0000518	28132692	DD; Eye		2017-08-30 16:17:25+00:00	NACC1	0.965867138549541	0.685833776664449	0.914281344574082	0.631480537224886	0.999999896617529	0.998448157357902	0.998448157357902	0.236361482724199
G2P02514	600221.0	11724	CD202B; TIE-2; TIE2; VMCM; VMCM1	TEK-related venous malformations, multiple cutaneous and mucosal	600195		monoallelic_autosomal	restricted mutation set	definitive	altered gene product structure	missense_variant; inframe_deletion; inframe_insertion	gain of function	inferred		HP:0000153; HP:0001871; HP:0001626; HP:0002584; HP:0025031; HP:0012721; HP:0000152; HP:0000006	10369874; 19888299; 7833915; 8980225	DD; Skin		2025-03-14 11:54:54+00:00	TEK	0.999999999999743	0.999999999999743	0.878913161173642	0.0987391958908103	0.999999999999743	0.0279056554417239	0.0279056554417239	0.390558230344898
G2P02577	610456.0	1348	C7ORF5; FLJ20073; KIAA2004	SAMD9-related myelodysplasia, infection, restriction of growth, adrenal hypoplasia, genital phenotypes, enteropathy (MIRAGE)	617053		monoallelic_autosomal	restricted mutation set	definitive	altered gene product structure		gain of function	inferred		HP:0001511; HP:0002863; HP:0008207; HP:0002028; HP:0000062; HP:0002719	28346228; 27182967	DD		2018-12-04 15:23:51+00:00	SAMD9	0.947549471259316	0.245140012192849	0.810683259969363	0.921952889876382	0.245140012192849	1.28969731916206e-05	1.28969731916206e-05	1.0600352749058
G2P02770	600098.0	17271	TC21	RRAS2-related Noonan syndrome	618624	MONDO:0032839	monoallelic_autosomal	restricted mutation set	definitive	altered gene product structure		gain of function	inferred			31130282; 31130285; 24705357	DD; Skin		2024-12-24 08:54:33+00:00	RRAS2	0.949616720962797	0.919138202514881	0.907206367658298	0.937953718132542	0.990487469690901		0.990487469690901	0.675556147802182
G2P02791	604385.0	10583	NAN; NAV1.9; SCN12A; SNS-2	SCN11A-related episodic pain syndrome, familial	615552	MONDO:0014247	monoallelic_autosomal	potential secondary finding; restricted mutation set	definitive	altered gene product structure		gain of function	inferred				DD		2022-08-03 13:59:20+00:00	SCN11A	0.567644362583479	0.367135402236157	0.688151186554055	0.664143980050782	0.99752655551114		0.99752655551114	0.806270166328444
G2P02997	608435.0	7227	M-RAS; R-RAS3; RRAS3	MRAS-related Noonan syndrome	618499	MONDO:0032786	monoallelic_autosomal	restricted mutation set	definitive	altered gene product structure		gain of function	inferred			31108500; 28289718; 31173466	DD		2025-01-27 09:32:36+00:00	MRAS	0.58684106460405	0.631780918355049	0.786929470129279	0.467214363999249	0.996974599557494	0.322067583155947	0.322067583155947	0.437049684907111
G2P03011	173410.0	8804	CD140B; JTK12; PDGFR; PDGFR1	PDGFRB-related Kosaki overgrowth syndrome	616592	MONDO:0014704	monoallelic_autosomal	restricted mutation set	definitive	altered gene product structure		gain of function	inferred			32291752; 28639748; 29226947; 30941910; 25454926	DD; Skeletal		2025-01-21 11:24:12+00:00	PDGFRB	0.57886115947006	0.120853613062566	0.821672503302023	0.729372249805654	0.999999999911303	0.950304982432139	0.950304982432139	0.424550830447664
G2P03309	114205.0	1390	CACH2; CACN2; CACNA1C-IT2; CACNL1A1; CAV1.2; CCHL1A1; LQT8; TS	CACNA1C-related Timothy syndrome		MONDO:0010979	monoallelic_autosomal	typically de novo; restricted mutation set	definitive	altered gene product structure	missense_variant	gain of function	inferred		HP:0001657; HP:0001159; HP:0001699	28211989; 25633834; 15863612; 15454078; 22106044; 26253506; 24728418; 31983240; 30681346; 33797204; 16360093	DD; Cardiac	Expert review done on 24/11/2021; CACNA1C-related Timothy syndrome is caused by variants leading to altered gene product sequence. A recurrent, de novo, missense variant in CACNA1C was described in 13 Timothy syndrome patients, p.Gly406Arg in exon 8A (PMID 15454078; PMID: 15863612). The disease mechanism appears to be gain-of-function through failed channel inactivation. Classic Timothy syndrome (TS1) is a very rare multisystem disorder characterized by marked QT prolongation, syndactyly, immune deficiency, seizures, congenital heart defects, cognitive abnormalities, learning difficulties, and intermittent hypoglycaemia (PMID: 28211989).  CACNA1C has a complex genomic structure that undergoes extensive alternative splicing. Splawski et al identified 2 patients with de novo missense variants in exon 8 of an alternate splice form (p.Gly406Arg, analogous to the exon 8a variant, and p.Gly402Ser). This splice form represents 80% of all cardiac mRNAs. The patients were described as having atypical Timothy syndrome (TS2), presenting with a more severe cardiac phenotype and without syndactyly (PMID: 15863612; PMID: 25633834).  Other missense variants in CACNA1C have been reported in association with isolated LQTS (PMID: 26253506; PMID: 25633834; PMID:24728418). However as of 2020, the ClinGen Cardiovascular Domain Working Group have classified the strength of evidence supporting an association between CACNA1C and LQTS as moderate (PMID 31983240).  ; A recurrent, de novo missense_variant causing Classic Timothy Syndrome has been described: NM_001167623.2(CACNA1C):c.1216G>C (p.Gly406Arg); Restricted repertoire of pathogenic variants: A recurrent, de novo missense_variant causing Classic Timothy Syndrome has been described: NM_001167623.2(CACNA1C):c.1216G>C (p.Gly406Arg)	2024-03-26 13:14:12+00:00	CACNA1C	1.0	1.0	1.0	1.0	1.0	0.0489008373647127	0.0489008373647127	0.157405402740797
G2P03310	176876.0	9644	BPTP3; NS1; PTP2C; SH-PTP2; SHP-2; SHP2	PTPN11-related Noonan syndrome		MONDO:0008104	monoallelic_autosomal	restricted mutation set	definitive	altered gene product structure	missense_variant; inframe_deletion	gain of function	inferred		HP:0000494; HP:0001680; HP:0000476; HP:0002162; HP:0000368; HP:0001631; HP:0001639; HP:0000325; HP:0000135; HP:0000917; HP:0000915; HP:0001004; HP:0003251; HP:0000218; HP:0001249; HP:0000347; HP:0004841; HP:0001642; HP:0001892; HP:0009466; HP:0000465; HP:0002967; HP:0004322; HP:0001156; HP:0001425; HP:0001643; HP:0004859; HP:0000028; HP:0000545; HP:0001531; HP:0000286; HP:0000914; HP:0100697; HP:0000508; HP:0008357; HP:0008897; HP:0000407; HP:0002751; HP:0001629; HP:0000689; HP:0100769; HP:0000470; HP:0000006; HP:0000316	12161469; 19449407; 12529711; 12325025; 15384080; 11704759; 30681346; 23312968; 21269411; 11992261; 16358218; 14974085; 15521065; 15240615; 18348260; 19760651; 24739123; 25974318; 21533187; 12357036; 12522798; 12872825; 15211660; 15248152; 15889278; 15929108; 15956085; 15985475; 16078230; 16188759; 16804314; 17052965; 17184563; 17194341; 17339163; 17361219; 17497712; 17515436	DD; Skin; Cardiac	Expert review done on 12/01/2022; PTPN11-related Noonan syndrome is inherited as an autosomal dominant condition with variable expressivity. Pulmonary stenosis is the most common cardiac manifestation. The penetrance of hypertrophic cardiomyopathy in PTPN11-related Noonan syndrome has been reported as 20-30%. There is no definite evidence of PTPN11 variants causing isolated cardiac disease without other features of Noonan syndrome, but the syndromic phenotype can be subtle and may be underdiagnosed. This suggests that cardiac involvement can be the initial presentation in some cases, and PTPN11 should be considered in the differential diagnosis of HCM. PTPN11 variants are the most common cause of Noonan syndrome, accounting for approximately 50% of cases. The mechanism is likely gain of function due to missense variants (particularly variants disrupting interaction between the N-SH2 and PTP domains), leading to activation of the RAS-MAPK pathway. There are at least two reports of Noonan syndrome due to single-residue in-frame deletions in PTPN11. There are reports of structural duplications including PTPN11 causing Noonan syndrome, but all patients reported to date have had a relatively non-specific phenotype and large duplications encompassing other genes. It is therefore not clear whether gene duplication specifically causes Noonan syndrome. Allelic disorders include Noonan syndrome with multiple lentigines (NSML, previously known as LEOPARD syndrome), caused by dominant-negative PTPN11 variants, and metachondromatosis, caused by loss-of-function PTPN11 variants.	2022-05-25 11:23:35+00:00	PTPN11	0.999992764642185	0.997457859634928	0.999983437075826	0.999766047798086	0.999999999995368	0.99999876271955	0.99999876271955	0.136949632236378
G2P03311	164760.0	9829	C-RAF; CRAF; RAF-1	RAF1-related Noonan syndrome		MONDO:0012690	monoallelic_autosomal	restricted mutation set	definitive	altered gene product structure	missense_variant; inframe_deletion	gain of function	inferred		HP:0004322; HP:0001263; HP:0000766; HP:0001999; HP:0001631; HP:0001639; HP:0000470; HP:0000006; HP:0000465	30681346; 17603482; 17603483; 30762279; 29271604; 24782337; 22786616; 25974318	DD; Cardiac	Expert review done on 12/01/2022; RAF1 variants are responsible for ~5% of Noonan syndrome cases. RAF1-related Noonan syndrome is inherited as an autosomal dominant condition. The mechanism is likely RAF1 gain of function, due to missense variants leading to activation of the Ras-MAPK pathway. The penetrance of hypertrophic cardiomyopathy is higher in patients with RAF1 variants, compared to other forms of Noonan syndrome. There is no definite evidence of RAF1 variants causing isolated cardiac disease without other features of Noonan syndrome, but RAF1 variants have been identified in multiple patients who were being investigated for HCM, indicating that the syndromic phenotype can be subtle and may be underdiagnosed. Since cardiac involvement can be the initial presentation in some cases, RAF1 should be considered in the differential diagnosis of HCM. There is evidence for a genotype-phenotype correlation, with variants in the CR2 domain of RAF1 more likely to be associated with HCM. There is a further mutational hotspot in the kinase domain of CR3, but pathogenic variants have also been identified outside these hotspots. There are reports of patients with chromosomal duplications including RAF1, but their phenotype is relatively non-specific and there is no definitive evidence that whole-gene duplications cause Noonan syndrome.	2022-05-25 11:23:35+00:00	RAF1	0.961998097960392	0.591168938066326	0.81354431113219	0.448282562023921	0.999999997484592	0.999070477499147	0.999070477499147	0.329704449999171
G2P03312	609591.0	10023	MGC125864; MGC125865; RIBB; RIT; ROC1	RIT1-related Noonan syndrome		MONDO:0014143	monoallelic_autosomal	restricted mutation set	definitive	altered gene product structure	missense_variant	gain of function	inferred		HP:0000765; HP:0003510; HP:0000422; HP:0002020; HP:0002623; HP:0000766; HP:0001642; HP:0004322; HP:0000492; HP:0001155; HP:0000271; HP:0004404; HP:0000592; HP:0000290; HP:0000069; HP:0000768; HP:0100022; HP:0002088; HP:0008070; HP:0004381; HP:0002240; HP:0007477; HP:0001631; HP:0001004; HP:0001646; HP:0000535; HP:0000035; HP:0000591; HP:0008050; HP:0003196; HP:0000369; HP:0002209; HP:0000598; HP:0000014; HP:0000508; HP:0000951; HP:0001641; HP:0010490; HP:0009487; HP:0000494; HP:0004755; HP:0001789; HP:0001671; HP:0001167; HP:0011968; HP:0009553; HP:0009890; HP:0000767; HP:0002194; HP:0000331; HP:0001638; HP:0011297; HP:0001649; HP:0000769; HP:0001629; HP:0006191; HP:0000316; HP:0001270; HP:0001182; HP:0000358; HP:0001561; HP:0001252; HP:0006610; HP:0000076; HP:0011844; HP:0005280; HP:0010720; HP:0000286; HP:0100807; HP:0000077; HP:0001654; HP:0011675; HP:0000954; HP:0000306; HP:0002817; HP:0003508; HP:0001263	30681346; 23791108; 26446362; 27101134; 25959749	DD; Skin; Cardiac	Expert review done on 12/01/2022; RIT1 variants are responsible for ~5% of Noonan syndrome cases. RIT1-related Noonan syndrome is inherited as an autosomal dominant condition. The penetrance of hypertrophic cardiomyopathy is higher in patients with RIT1 variants, compared to other forms of Noonan syndrome (estimated at 70-75%). There is no definite evidence of RIT1 variants causing isolated cardiac disease without other features of Noonan syndrome, but the syndromic phenotype can be subtle and may be underdiagnosed. This suggests that cardiac involvement can be the initial presentation in some cases, and RIT1 should be considered in the differential diagnosis of HCM. The mechanism is likely RIT1 gain of function, due to missense variants leading to activation of the Ras-MAPK pathway. The precise mechanism by which missense variants lead to gain of function remains unclear. There is clustering of variants, particularly in the switch II region.	2025-01-20 23:26:28+00:00	RIT1	0.320952840028448	0.178263990119001	0.814242528291681	0.786653080882325	0.999821899973246	0.7357048820619	0.7357048820619	0.44545515040037
G2P03442	601439.0	60	CMD1O; SUR2	ABCC9-related Cantu Syndrome	239850		monoallelic_autosomal		definitive	altered gene product structure	missense_variant	gain of function	inferred		HP:0004540; HP:0002690; HP:0000463; HP:0007665; HP:0001256; HP:0002673; HP:0001520; HP:0005129; HP:0000215; HP:0002750; HP:0001004; HP:0000280; HP:0001640; HP:0000774; HP:0000179; HP:0000256; HP:0010055; HP:0001647; HP:0001698; HP:0004975; HP:0000343; HP:0001643; HP:0003016; HP:0005280; HP:0000286; HP:0001537; HP:0003300; HP:0004634; HP:0005445; HP:0000939; HP:0008822; HP:0010068; HP:0000431; HP:0010109; HP:0000926; HP:0000212; HP:0000470; HP:0000527; HP:0000006	30089727; 33529173; 22610116; 31175705; 22608503; 31828977; 34453476	DD; Skin; Skeletal; Cardiac	ABCC9 pathogenic variants cause Cantu Syndrome (CS) through altered gene product sequence. The mechanism is likely gain of function (NBK246980; PMID: 22610116; PMID: 31175705; PMID: 30089727).Harakalova et al showed that variants in ABCC9 reduce the ATP-mediated potassium channel inhibition, resulting in channel opening (PMID: 22610116). Pathophysiologic mechanisms resulting in the clinical manifestations remain poorly understood. Cantu syndrome is characterized by congenital hypertrichosis, distinctive facial features, osteochondrodysplasia and cardiac defects. The cardiac manifestations include patent ductus arteriosus, cardiomegaly, hypertrophy and pericardial effusion. It does not present with isolated LVH. All participants in the Cantu registry who harboured a pathogenic missense variant have at least some features in keeping with Cantu syndrome, even if mild. There is however significant variability in phenotype even amongst family members with the same variant (PMID: 33529173) and no clear genotype phenotype correlation (PMID: 31828977). Inheritance is autosomal dominant characterized by variable expressivity. De novo variants are common, Grange et al found only 16/74 (22%) patients had inherited the ABCC9 variant from an affected parent (PMID: 31828977). It is caused by heterozygous missense mutations in ABCC9 (or less commonly variants in KCNJ8). A review of 74 patients in the International Registry for Cantu syndrome in 2019 found 28 distinct variants (97% were in ABCC9). All were simple missense apart from one insertion deletion involving 2 nucleotides (c.3055_3,056 del ins GA). Missense variants were located throughout the protein, however a majority (68%) clustered around transmembrane domain 2 (TMD2). Variants at p.Arg1154 (identified in 24 subjects, 33%) and p.Arg1116 (identified in 11 subjects, 15%), were most commonly observed (PMID: 31828977). Zhang et al 2021 showed that R1154Q variants in genetically modified mice might result in an effective mixed loss/gain of function phenotype, potentially explaining the diverse disease features in patients with CS. However, due to its extreme rarity, the mechanisms resulting in the clinical manifestations of CS remain to be fully elucidated (PMID: 33529173; PMID: 34453476). Curation done on 11.11.2021 Expert panel review pending.	2025-01-20 13:02:44+00:00	ABCC9	0.0191595229823125	0.45564898138444	0.0837110039293653	0.056663622495159	0.968494921842182	0.0014656628714608	0.0014656628714608	0.556103508473057
G2P00081	605921.0	11386	D11S4896E; GOK	STIM1-related tubular-aggregate myopathy	160565		monoallelic_autosomal	restricted mutation set	limited	altered gene product structure		gain of function	inferred		HP:0002600; HP:0003198; HP:0003738; HP:0003701; HP:0003552; HP:0003677; HP:0003388; HP:0003236; HP:0000662; HP:0003557; HP:0003581; HP:0009005; HP:0003394; HP:0002522; HP:0000006	23332920	DD		2015-07-22 16:14:14+00:00	STIM1	0.999999263933185	0.999999263933185	0.803424843038197	0.7112315970612	0.999999263933185	0.979000861584393	0.979000861584393	0.445834439790526
G2P00769	613420.0	18249	C18ORF5	KCTD1-related scalp-ear-nipple syndrome	181270	MONDO:0008404	monoallelic_autosomal	restricted mutation set	limited	altered gene product structure		gain of function	inferred		HP:0012330; HP:0006349; HP:0000765; HP:0000822; HP:0000463; HP:0000089; HP:0000818; HP:0000303; HP:0011251; HP:0002213; HP:0001595; HP:0006709; HP:0000612; HP:0000601; HP:0011272; HP:0004691; HP:0002164; HP:0000411; HP:0000385; HP:0001597; HP:0100540; HP:0000519; HP:0100783; HP:0000378; HP:0005280; HP:0000286; HP:0000581; HP:0000083; HP:0000369; HP:0000104; HP:0001057; HP:0002000; HP:0011939; HP:0008551; HP:0045025; HP:0000006; HP:0008070	23541344; 34456244; 33000225	DD; Skin		2025-01-09 15:40:17+00:00	KCTD1	0.993909622247594	0.942827363943674	0.92095899567627	0.837219660386728	0.99999993810512	0.130695635657541	0.130695635657541	0.428446105765287
G2P01542	600276.0	7883	CADASIL; CASIL	NOTCH3-related infantile myofibromatosis	615293	MONDO:0014122	monoallelic_autosomal	restricted mutation set	limited	altered gene product structure		gain of function	inferred			23731542; 33509954	DD; Skin		2025-01-20 14:46:05+00:00	NOTCH3	0.999999999999969	0.999999999999969	0.500787686781398	0.150747018616319	0.999999999999969	0.0548219376098242	0.0548219376098242	0.52324514669828
G2P01766	602104.0	10825	CRBM; RES4-23	SH3BP2-related cherubism	118400	MONDO:0007315	monoallelic_autosomal	restricted mutation set	limited	altered gene product structure		gain of function	inferred			11381256	DD; Skeletal		2023-05-24 09:07:33+00:00	SH3BP2	0.94859793500505	0.870894458716308	0.67962173431003	0.911590468414149	0.999963607923776	0.210618926565306	0.210618926565306	0.707384843599817
G2P02567	605720.0	6279	K2P4.1; TRAAK	KCNK4-related facial dysmorphism, hypertrichosis, epilepsy, intellectual and developmental delay, and gingival overgrowth syndrome	618381		monoallelic_autosomal	restricted mutation set	limited	altered gene product structure	missense_variant; inframe_deletion; inframe_insertion	gain of function	inferred		HP:0001249; HP:0000212; HP:0001250; HP:0000998	30290154	DD; Skin		2025-02-07 12:39:14+00:00	KCNK4	0.23578399445746	0.338460985628548	0.226350581446895	0.555193129088427	0.862332081342116		0.862332081342116	1.08375793085311
G2P02802	610044.0	18866	KCA4.2; SLICK; SLO2.1	KCNT2-related developmental and infantile epileptic encephalopathy	617771		monoallelic_autosomal	restricted mutation set	limited	altered gene product structure		gain of function	inferred		HP:0001263	29740868	DD		2025-01-17 16:36:57+00:00	KCNT2	0.333599207196654	0.381887004932301	0.568354052593145	0.395339400775425	0.999832547380599	0.0047094598651471	0.0047094598651471	0.587898080430605
G2P03096	300070.0	3670	FGF2; FHF2; FLJ30672; LINC00889	FGF13-related neurodevelopmental disorder	301058	MONDO:0025353	monoallelic_X_heterozygous	restricted mutation set	limited	altered gene product structure		gain of function	inferred			33245860; 34871784; 37536293	DD		2021-01-28 16:46:55+00:00	FGF13								
G2P03492	609463.0	29819	MKL2	MRTFB-related neurodevelopmental disorder		MONDO:0700092	monoallelic_autosomal	typically de novo	limited	altered gene product structure	missense_variant	gain of function	inferred			37013900	DD		2025-03-14 11:52:51+00:00	MRTFB	1.0	1.0	1.0	1.0	1.0	0.987019236243661	0.987019236243661	0.358597096407643
G2P03495	604511.0	1551	CBX; HP1-BETA; HP1BETA; HP1HS-BETA; M31; MOD1	CBX1-related neurodevelopmental disorder		MONDO:0700092	monoallelic_autosomal	typically de novo	moderate	altered gene product structure	missense_variant	dominant negative	evidence	37087635 -> function: protein expression, biochemical, protein interaction; functional_alteration: patient cells; models: non-human model organism		37087635	DD		2025-03-06 14:20:17+00:00	CBX1								
G2P03535	609366.0	16850	KIAA0155; P150TSP; SH2BP1; TSBP	CTR9-related neurodevelopmental disorder		MONDO:1040006	monoallelic_autosomal	typically de novo	moderate	altered gene product structure	missense_variant	dominant negative	evidence	35717577 -> function: biochemical; models: non-human model organism		35499524; 35717577; 35468861	DD		2025-03-04 11:08:12+00:00	CTR9	0.981733498214052	0.966442169820347	0.889504565711938	0.785692400394028	0.999999999915539	0.0205317178036015	0.0205317178036015	0.330927151389445
G2P03705	600481.0	11290	BHLHD2; SREBP2	SREBF2-related complex dermatological, neurological, and skeletal abnormalities			monoallelic_autosomal	typically de novo; restricted mutation set	moderate	altered gene product structure	missense_variant	dominant negative	evidence	38847193 -> function: protein expression; functional_alteration: patient cells; models: non-human model organism; rescue: non-human model organism		26350204; 38847193	DD	Two monoallelic missense variants have been reported in PMID 38847193, both affecting the same residue (p.Arg519). The DDG2P curation team found the phenotype associated with the two variants to be highly specific.	2025-02-19 11:40:06+00:00	SREBF2	0.181313841946475	0.117980853257603	0.940636375362203	0.417469254823699	0.999999933865354	0.999995718536882	0.999995718536882	0.585377588554468
G2P03706	612062.0	18126	BK747E2.3; FLJ22057; KIAA1133; RNF203	ZNRF3-related neurodevelopmental disorder with macrocephaly		MONDO:0100038	monoallelic_autosomal	typically de novo	moderate	altered gene product structure	missense_variant; inframe_deletion; frameshift_variant	dominant negative	evidence	39168120 -> function: protein expression; functional_alteration: non patient cells; models: cell culture model		39168120	DD	Interpretation of missense variants outside of the RING domain is expected to be challenging.	2025-03-19 11:33:36+00:00	ZNRF3	0.996493625240281	0.812872256730482	0.990465127209475	0.965073882525238	0.999999999992698	0.999999456164152	0.999999456164152	0.389588697319941
G2P03521	606234.0	13177	HELIOS; ZNFN1A2	IKZF2-related ICHAD syndrome			monoallelic_autosomal	typically de novo	limited	altered gene product structure	missense_variant; inframe_insertion	dominant negative	evidence	37316189 -> function: biochemical		37316189	DD		2025-03-03 14:33:13+00:00	IKZF2	0.967182065603851	0.716436174736032	0.537704248324556	0.154102840257494	0.999998492624071	0.940210967579356	0.940210967579356	0.463032018865597
G2P01071	602591.0	6318	HK2; KIF2	KIF2A-related malformations of cortical development and microcephaly.			monoallelic_autosomal	restricted mutation set	strong	altered gene product structure		dominant negative	inferred			23603762	DD		2015-07-22 16:15:09+00:00	KIF2A	0.652802956914355	0.171527930208545	0.365429635252711	0.215978556463188	0.999227651312899	0.106198779658388	0.106198779658388	0.47702116167602
G2P01489	606939.0	854	ATP6B2; HO57; VATB; VMA2; VPP3	ATP6V1B2-related Zimmermann-Laband syndrome	616455		monoallelic_autosomal	restricted mutation set	strong	altered gene product structure		dominant negative	inferred			25915598	DD; Skin		2025-02-06 16:15:39+00:00	ATP6V1B2	0.641185863940638	0.326843735693559	0.418428708268637	0.148273427343537	0.999980946778003	0.998590427714453	0.998590427714453	0.47408415122185
G2P01749	601723.0	4043	C2ORF31; DKFZP434E2135; HFZ5	FZD5-related coloboma	620731		monoallelic_autosomal	restricted mutation set	strong	altered gene product structure		dominant negative	inferred		HP:0000006; HP:0000589	26908622	DD; Eye		2025-01-16 17:43:40+00:00	FZD5	0.981249884946294	0.69972286892579	0.994297332230981	0.980763478700147	0.999999996331955	0.999983637204315	0.999983637204315	0.34105686373326
G2P02439	601671.0	9964	BAF45D; REQ; SMARCG2; UBI-D4	DPF2-related Coffin-Siris like disorder	618027		monoallelic_autosomal	restricted mutation set	strong	altered gene product structure		dominant negative	inferred		HP:0011398; HP:0001249; HP:0011968; HP:0011937; HP:0010047; HP:0008070	29429572; 35607970	DD; Skin		2025-02-07 12:24:19+00:00	DPF2	0.449401618333546	0.0217169955166594	0.613220942016791	0.238628618387845	0.99999808015212	0.248260741272398	0.248260741272398	0.310539365688377
G2P02585	608723.0	20990	DJ257A7.2; KIAA1733; RPEL1	PHACTR1-related neurodevelopment disorder	618298	MONDO:0032663	monoallelic_autosomal	restricted mutation set	strong	altered gene product structure		dominant negative	inferred		HP:0001249; HP:0002521; HP:0012469	30256902; 23033978	DD		2019-01-20 22:40:10+00:00	PHACTR1	0.560750063104018	0.571792019601944	0.988218415086494	0.922274810366316	0.999999996951716	0.999577384728878	0.999577384728878	0.298118540401911
G2P02937	602650.0	11254	BTBD32; TEF2	SPOP-related neurodevelopmental disorder, dominant negative		MONDO:0032943	monoallelic_autosomal	restricted mutation set	strong	altered gene product structure		dominant negative	inferred			32109420	DD		2025-01-21 15:19:44+00:00	SPOP	0.027941505908385	0.205313790961395	0.0708747576449831	0.143375121779901	0.799326353685105	0.149299325443943	0.149299325443943	0.423975915166001
G2P01292	120090.0	2203	DKFZP686I14213; FLJ22259	COL4A2-related porencephaly	614483		monoallelic_autosomal	potential secondary finding; restricted mutation set	moderate	altered gene product structure		dominant negative	inferred		HP:0001250; HP:0001263; HP:0000006; HP:0002301; HP:0002132; HP:0003828; HP:0001257; HP:0002119; HP:0003829; HP:0002170		DD		2022-08-03 13:22:31+00:00	COL4A2	0.682394812424977	0.462169067695818	0.982087539291049	0.937289010567386	1.0	0.999999999999485	0.999999999999485	0.483701391218242
G2P01930	160776.0	7568	NMMHCB	MYH10-related multiple congenital anomalies		MONDO:0700281	monoallelic_autosomal	typically de novo	moderate	absent gene product	missense_variant; inframe_insertion; frameshift_variant_NMD_triggering	dominant negative	inferred		HP:0001263; HP:0001385; HP:0001511; HP:0000238; HP:0000252; HP:0000776	25003005; 25356899; 35980381	DD		2025-01-16 11:27:12+00:00	MYH10	0.999142992788303	0.896391685281416	0.997861962168712	0.613216800047013	1.0	0.183337012519762	0.183337012519762	0.227461146302215
G2P03450	103190.0	654		ARF3-related neurodevelopmental disorder		MONDO:0700092	monoallelic_autosomal	typically de novo	moderate	decreased gene product level; altered gene product structure	missense_variant	dominant negative	inferred			36369169	DD		2023-06-05 14:23:47+00:00	ARF3								
G2P00021	120150.0	2197	OI4	COL1A1-related osteogenesis imperfecta spectrum	166220		monoallelic_autosomal	restricted mutation set	definitive	altered gene product structure		dominant negative	inferred		HP:0001724; HP:0000765; HP:0001058; HP:0001382; HP:0003502; HP:0002093; HP:0004586; HP:0006367; HP:0000938; HP:0002645; HP:0005622; HP:0000325; HP:0003100; HP:0003321; HP:0002659; HP:0002007; HP:0008921; HP:0000239; HP:0001252; HP:0005474; HP:0000272; HP:0001634; HP:0000347; HP:0008873; HP:0001075; HP:0002092; HP:0001623; HP:0000923; HP:0000978; HP:0010444; HP:0000707; HP:0000974; HP:0003088; HP:0002194; HP:0000006; HP:0002644; HP:0005897; HP:0001790; HP:0002757; HP:0008780; HP:0000365; HP:0000963; HP:0000977; HP:0000592; HP:0002982; HP:0002691; HP:0000362; HP:0000007; HP:0003023; HP:0000260; HP:0001507; HP:0003179; HP:0000444; HP:0000926; HP:0002650; HP:0002980; HP:0002808; HP:0001635; HP:0001518; HP:0005855; HP:0001622; HP:0000703; HP:0001388	9295084; 3082886; 18409203; 2295701; 1988452; 15728585; 1737847; 9067755; 15024692; 8757037; 8408653; 1634225; 8786074; 8723681; 11286507; 2511192; 8910493; 8456809; 7789952; 1770532; 21834035; 8364588; 2037280; 3403550; 2794057; 8950680; 8097422; 7816518; 3667599; 8100209; 12538651; 1613761; 2298750; 3108247; 1864604; 2309707; 7881420; 2500431; 2913053; 1874719; 2339700	DD; Skin; Skeletal		2025-01-15 11:51:09+00:00	COL1A1	1.0	1.0	0.952753794430195	0.5359427603125	1.0	0.603714323272521	0.603714323272521	0.116721027318187
G2P00113	605377.0	2933	DM; DM1; DM1PK; DMK; MDPK; MT-PK	DMPK-related dystrophia myotonica	160900	MONDO:0008056	monoallelic_autosomal	restricted mutation set	definitive	altered gene product structure		dominant negative	inferred		HP:0002292; HP:0002059; HP:0008872; HP:0000135; HP:0001561; HP:0001349; HP:0002015; HP:0001252; HP:0000029; HP:0001558; HP:0000518; HP:0002098; HP:0001324; HP:0002486; HP:0005110; HP:0008770; HP:0001081; HP:0002189; HP:0006887; HP:0004749; HP:0011705; HP:0000006		DD; Eye; Skin		2018-01-21 21:15:11+00:00	DMPK								
G2P00117	120290.0	2187	DFNA13; DFNB53; HKE5	COL11A2-related otospondylomegaepiphyseal dysplasia	215150	MONDO:0044206	biallelic_autosomal	restricted mutation set	definitive	altered gene product structure		dominant negative	inferred		HP:0006237; HP:0004279; HP:0002938; HP:0000463; HP:0010049; HP:0004679; HP:0000414; HP:0003026; HP:0000201; HP:0001371; HP:0000272; HP:0000347; HP:0002656; HP:0004322; HP:0006532; HP:0003088; HP:0000175; HP:0009803; HP:0003015; HP:0000410; HP:0003417; HP:0003037; HP:0002829; HP:0000007; HP:0003421; HP:0000478; HP:0005003	16189708; 7859284; 16637051; 10677296; 9188673; 15558753; 21204229; 21208667; 32341816; 37347055	DD; Skeletal; Ear		2025-04-09 08:56:18+00:00	COL11A2	0.948645574771434	0.275954555124584	0.981947723774603	0.685256253452219	1.0		1.0	0.434237975942095
G2P00198	607102.0	12796	AWT1; GUD; NPHS4; WAGR; WIT-2; WT-1	WT1-related Denys-Drash syndrome	194080		monoallelic_autosomal	restricted mutation set	definitive	altered gene product structure		dominant negative	inferred		HP:0003774; HP:0000786; HP:0001967; HP:0003248; HP:0000149; HP:0000822; HP:0000100; HP:0000097; HP:0000061; HP:0002667; HP:0000033; HP:0000112; HP:0001428; HP:0000133; HP:0000776; HP:0010459; HP:0000037; HP:0000006	1327525; 8388765; 1302008; 1655284; 9499425; 1658787; 10571943	DD		2015-07-22 16:14:21+00:00	WT1	0.999999999999991	0.999999999999991	0.999999999999991	0.999999999999991	0.999999999999991	0.869353273166786	0.869353273166786	0.206745423166124
G2P00546	182810.0	11273		SPTAN1-related neurodevelopmental disorder with epilepsy and spastic paraplegia	613477		monoallelic_autosomal	restricted mutation set	definitive	absent gene product; altered gene product structure	missense_variant; splice_region_variant; frameshift_variant_NMD_triggering; stop_gained_NMD_triggering	dominant negative	inferred		HP:0003593; HP:0000253; HP:0001250; HP:0002521; HP:0002079; HP:0002510; HP:0010864; HP:0001272; HP:0003828; HP:0003429; HP:0000006; HP:0002187	20493457; 22258530; 29050398; 34590414; 36331550; 22429196; 22656320; 29986434; 30548380; 32811770; 33206935; 33207363; 33578420; 35150594; 35219564; 35620303; 35925050; 36408834	DD		2023-02-28 15:12:00+00:00	SPTAN1	1.0	1.0	0.999999999974926	0.999997957318723	1.0	0.126528587194041	0.126528587194041	0.198621665703181
G2P00601	120130.0	2202		COL4A1-related porencephaly	175780		monoallelic_autosomal	potential secondary finding; restricted mutation set	definitive	altered gene product structure		dominant negative	inferred		HP:0000577; HP:0001250; HP:0000006; HP:0002451; HP:0001249; HP:0002301; HP:0002140; HP:0003487; HP:0001123; HP:0002132; HP:0000238; HP:0003828; HP:0001257; HP:0002273; HP:0002352		DD		2022-08-03 13:53:19+00:00	COL4A1	0.999584689887454	0.536245779696587	0.986043332117577	0.989495728659374	1.0	0.999413307884112	0.999413307884112	0.194755870456995
G2P00631	137780.0	4235	FLJ45472	GFAP-related Alexander disease	203450	MONDO:0008752	monoallelic_autosomal	restricted mutation set	definitive	altered gene product structure		dominant negative	inferred		HP:0003593; HP:0004481; HP:0001250; HP:0002483; HP:0002376; HP:0001251; HP:0002922; HP:0007162; HP:0000238; HP:0001257; HP:0000006	12975300; 11567214; 12034796; 12447932; 11138011; 14557587	DD		2015-07-22 16:14:44+00:00	GFAP	0.102437214415641	0.0502158452412952	0.0257072211240264	0.0013403889285749	0.821903104338946	0.0014923699754327	0.0014923699754327	0.905023958507722
G2P00648	120110.0	2185		COL10A1-related metaphyseal chondrodysplasia, Schmid type	156500	MONDO:0007983	monoallelic_autosomal	restricted mutation set	definitive	altered gene product structure		dominant negative	inferred		HP:0005819; HP:0003502; HP:0003371; HP:0009882; HP:0008833; HP:0006431; HP:0006414; HP:0006634; HP:0005871; HP:0006208; HP:0002515; HP:0003301; HP:0002970; HP:0009844; HP:0006028; HP:0002812; HP:0000926; HP:0002980; HP:0000006	10991694; 7607655; 12554676; 7749409; 17403716; 9468540; 8012364; 8986632; 9852679; 9525992; 9067753; 8004099; 8554571; 8304336	DD; Skeletal		2023-05-24 09:07:28+00:00	COL10A1	0.99613482913698	0.995423319893469	0.561910529579607	0.999553831042342	0.999553831042342		0.999553831042342	0.765735216971095
G2P00649	612570.0	3604	CCA; DA9	FBN2-related congenital contractural arachnodactyly	121050	MONDO:0007363	monoallelic_autosomal	restricted mutation set	definitive	altered gene product structure		dominant negative	inferred		HP:0000268; HP:0001181; HP:0001762; HP:0001653; HP:0000938; HP:0001631; HP:0001270; HP:0009465; HP:0002007; HP:0000218; HP:0003273; HP:0001083; HP:0008962; HP:0001647; HP:0002616; HP:0001634; HP:0000347; HP:0001166; HP:0006380; HP:0001643; HP:0009901; HP:0001840; HP:0000545; HP:0002999; HP:0000248; HP:0008453; HP:0001519; HP:0000768; HP:0010499; HP:0002751; HP:0001629; HP:0002987; HP:0000470; HP:0000006; HP:0100490	8900230; 20799338; 10797416; 9199560; 11281275; 9737771; 9106527	DD; Eye; Skeletal		2023-05-24 09:07:28+00:00	FBN2	1.0	1.0	0.998721044805801	0.839024642263678	1.0	0.751718519718772	0.751718519718772	0.334250398221345
G2P00920	615416.0	35126	BHLHF42	BHLHA9-related mesoaxial synostotic syndactyly with phalangeal seduction, Malik-Percin type	609432	MONDO:0012271	biallelic_autosomal	restricted mutation set	definitive	altered gene product structure		dominant negative	inferred			25466284	DD		2015-07-22 16:15:00+00:00	BHLHA9	1.0	1.0	1.0	1.0	1.0		1.0	12.2445430275378
G2P01074	120290.0	2187	DFNA13; DFNB53; HKE5	COL11A2-related Stickler syndrome	184840		monoallelic_autosomal	restricted mutation set	definitive	altered gene product structure		dominant negative	inferred		HP:0000463; HP:0000201; HP:0000272; HP:0000347; HP:0000520; HP:0010580; HP:0008905; HP:0002656; HP:0003088; HP:0000175; HP:0005280; HP:0002644; HP:0003417; HP:0001263; HP:0000947; HP:0002829; HP:0000407; HP:0000478; HP:0000926; HP:0000006; HP:0000316	15372529; 9506662; 7833911; 14234962; 15558753; 9805126; 10718438; 18381781; 22796475; 25780254	DD; Skeletal; Ear		2025-04-09 08:57:21+00:00	COL11A2	0.948645574771434	0.275954555124584	0.981947723774603	0.685256253452219	1.0		1.0	0.434237975942095
G2P01193	600599.0	6345	EKLF	KLF1-related anemia, dyserythropoietic congenital	613673	MONDO:0013355	monoallelic_autosomal	restricted mutation set	definitive	altered gene product structure		dominant negative	inferred		HP:0002904; HP:0010972; HP:0004322; HP:0001744; HP:0002240; HP:0003577; HP:0001923; HP:0001639; HP:0001789; HP:0000006	21055716	DD		2015-07-22 16:15:15+00:00	KLF1								
G2P01228	612850.0	30829	BA506K6.1; DKFZP566F223; MGC8685	TUBB2B-related polymicrogyria asymmetric	610031		monoallelic_autosomal	restricted mutation set	definitive	altered gene product structure		dominant negative	inferred		HP:0001274; HP:0001302; HP:0001250; HP:0001269; HP:0000007; HP:0006927; HP:0000478; HP:0002307; HP:0002079; HP:0001249; HP:0000252; HP:0001321; HP:0001270; HP:0006930; HP:0001328; HP:0000006	19465910; 22333901	DD; Eye		2015-07-22 16:15:16+00:00	TUBB2B								
G2P01284	603851.0	9143	NBPHOX; PMX2B	PHOX2B-related central hypoventilation syndrome, congenital, with or without Hirschsprung disease	209880	MONDO:0800026	monoallelic_autosomal	restricted mutation set	definitive	altered gene product structure		dominant negative	inferred		HP:0000153; HP:0000358; HP:0000494; HP:0002019; HP:0001626; HP:0003005; HP:0002251; HP:0006747; HP:0000975; HP:0002791; HP:0011968; HP:0000369; HP:0004370; HP:0000006	12640453; 12438263; 15024693; 16691592; 16888290	DD		2015-07-22 16:15:19+00:00	PHOX2B	0.999628905288768	0.99857281479392	0.995314043928004	0.988512452378485	0.999999570479111	0.666292204174056	0.666292204174056	0.247373556310626
G2P01289	601646.0	9312	B56D; B56DELTA	PPP2R5D-related intellectual disability	616355		monoallelic_autosomal	restricted mutation set	definitive	altered gene product structure		dominant negative	inferred		HP:0000153; HP:0001263; HP:0000256; HP:0001252; HP:0000271; HP:0000290; HP:0000929	25533962; 26576547; 25972378; 36216457; 33338668; 33628804; 34448180; 36403339; 37248744	DD		2025-01-16 14:12:40+00:00	PPP2R5D	0.999999909700284	0.999977320306422	0.999813610595092	0.999378059125636	0.99999999982479	0.14480940263436	0.14480940263436	0.195595199285124
G2P01437	605983.0	9302	PP2A-AALPHA; PP2AA; PR65A	PPP2R1A-related intellectual disability	616362		monoallelic_autosomal	restricted mutation set	definitive	altered gene product structure		dominant negative	inferred		HP:0011343; HP:0011344; HP:0002500; HP:0000463; HP:0001167; HP:0001252; HP:0000159; HP:0000366; HP:0000153; HP:0011844; HP:0000492; HP:0008050; HP:0001155; HP:0000271; HP:0011297; HP:0000290; HP:0000598; HP:0000534; HP:0002817; HP:0000177; HP:0001250; HP:0001263; HP:0100022; HP:0000429; HP:0000929	25533962	DD		2025-01-16 14:11:43+00:00	PPP2R1A	0.464609313169974	0.121825879284757	0.72830958435334	0.413230493042618	0.999781676460143	0.976252609959088	0.976252609959088	0.328342753067935
G2P01603	606025.0	13503	DKFZP566F123; DPZF; ODA-8S; ZNF288	ZBTB20-related Primrose syndrome	259050	MONDO:0009798	monoallelic_autosomal	restricted mutation set	definitive	altered gene product structure		dominant negative	inferred		HP:0000494; HP:0003693; HP:0005121; HP:0001115; HP:0008541; HP:0000774; HP:0002550; HP:0000256; HP:0000664; HP:0003273; HP:0000490; HP:0001249; HP:0002221; HP:0005103; HP:0009882; HP:0000272; HP:0006380; HP:0004322; HP:0000767; HP:0001840; HP:0003745; HP:0000365; HP:0003301; HP:0000327; HP:0002180; HP:0001761; HP:0000939; HP:0002857; HP:0002808; HP:0000771; HP:0002868; HP:0000400	25017102	DD		2015-07-22 16:15:39+00:00	ZBTB20	0.908386852119891	0.571470829634734	0.924383704271908	0.561124807522784	0.99999999992578	0.125805858539168	0.125805858539168	0.208682888096167
G2P01608	600702.0	10596	CERIII; CIAT; MED; NACH6; NAV1.6; PN4	SCN8A-related epileptic encephalopathy, early infantile	614558	MONDO:0013801	monoallelic_autosomal	restricted mutation set	definitive	altered gene product structure		dominant negative	inferred		HP:0001263; HP:0001249; HP:0011097; HP:0000006; HP:0000717	22365152; 16236810; 24352161; 24874546; 24888894; 25239001; 25568300; 25725044; 26235738; 25799905; 25951352; 26235739; 26252990; 26553437; 26677014; 26933559; 27210545; 27659738; 27875746; 27900360; 28084268; 28676440; 28702509; 28923014; 29121005; 29128679; 29235621; 29263050	DD		2015-07-22 16:15:39+00:00	SCN8A	0.136660694343262	0.0171815407724514	0.307741908808183	0.120718829778102	0.999999999974776	0.0689403905156285	0.0689403905156285	0.187639736370444
G2P01723	601368.0	3087	KIAA0208	DVL3-related Robinow syndrome	616894	MONDO:0014819	monoallelic_autosomal	restricted mutation set	definitive	altered gene product structure		dominant negative	inferred		HP:0011039; HP:0000765; HP:0000463; HP:0010312; HP:0010781; HP:0000422; HP:0010722; HP:0001539; HP:0000358; HP:0002007; HP:0001667; HP:0000218; HP:0004298; HP:0000256; HP:0001646; HP:0000239; HP:0001167; HP:0011328; HP:0000520; HP:0000153; HP:0011844; HP:0000492; HP:0008050; HP:0005280; HP:0001155; HP:0011611; HP:0000369; HP:0001654; HP:0011297; HP:0004209; HP:0000290; HP:0000598; HP:0000772; HP:0000174; HP:0000951; HP:0002817; HP:0001263; HP:0000769; HP:0000960; HP:0000637; HP:0000429; HP:0004299; HP:0001712; HP:0000316; HP:0000929	26924530	DD; Skeletal		2025-01-27 15:38:57+00:00	DVL3	0.976180252646155	0.818668584926493	0.96834221522938	0.838502845421352	0.999999749099278	0.989317372887875	0.989317372887875	0.4731089649958
G2P03076	609982.0	13488	FLJ22197; SKD1; SKD1A; SKD2; VPS4; VPS4-1	VPS4A-related CIMDAG Syndrome	619273	MONDO:0035819	monoallelic_autosomal	restricted mutation set	definitive	altered gene product structure		dominant negative	inferred			33186545; 33186543	DD		2025-01-27 16:19:15+00:00	VPS4A								
G2P00249	167420.0	9142	PHOX1; PMX1	PRRX1-related agnathia-otocephaly complex	202650	MONDO:0008740	monoallelic_autosomal	restricted mutation set	limited	altered gene product structure		dominant negative	inferred		HP:0000494; HP:0000160; HP:0000171; HP:0000405; HP:0000006; HP:0000007; HP:0001274; HP:0001696; HP:0003812; HP:0000478; HP:0000175; HP:0002098; HP:0001360; HP:0008749; HP:0005349; HP:0000347; HP:0100663; HP:0002779	22211708; 23444262; 21294718; 22674740; 37154149	DD		2025-01-27 14:49:20+00:00	PRRX1	0.995872887074246	0.986117258070325	0.995076092335809	0.990388028698114	0.999836825226377		0.999836825226377	0.525227100548988
G2P00835	605874.0	6283	K2P9.1; TASK-3; TASK3	KCNK9-related Birk-Barel syndrome	612292		monoallelic_autosomal	imprinted region; restricted mutation set	limited	altered gene product structure		dominant negative	inferred		HP:0000218; HP:0000960; HP:0002015; HP:0008872; HP:0011229; HP:0000322; HP:0001252; HP:0001249; HP:0000574; HP:0000341; HP:0002553; HP:0011819; HP:0000006		DD		2015-07-22 16:14:55+00:00	KCNK9	0.921029985860699	0.874804930309735	0.957959733721822	0.947019273945892	0.999987022166137	0.971138176436809	0.971138176436809	0.262778893994378
G2P01483	600310.0	2227	EDM1; EPD1; MED; PSACH; THBS5; TSP-5; TSP5	COMP-related multiple epiphyseal dysplasia	132400	MONDO:0007561	monoallelic_autosomal	restricted mutation set	limited	altered gene product structure		dominant negative	inferred		HP:0003311; HP:0100864; HP:0003502; HP:0002938; HP:0002816; HP:0001380; HP:0002758; HP:0002663; HP:0011405; HP:0001387; HP:0010049; HP:0001498; HP:0100168; HP:0003093; HP:0003026; HP:0003025; HP:0001379; HP:0009882; HP:0008873; HP:0000763; HP:0004236; HP:0002656; HP:0003414; HP:0001156; HP:0008800; HP:0006429; HP:0003016; HP:0009803; HP:0002515; HP:0003301; HP:0003300; HP:0010585; HP:0004568; HP:0000772; HP:0002970; HP:0002761; HP:0002829; HP:0005063; HP:0003049; HP:0002857; HP:0005743; HP:0008843; HP:0002341; HP:0000926; HP:0002650; HP:0009487; HP:0002808; HP:0010582; HP:0001377; HP:0000006; HP:0001388	9887340; 7670472; 12483304; 9021009; 9463320	DD; Skeletal		2023-06-01 08:40:46+00:00	COMP	0.0507392388351599	0.0092696422825115	0.0173481296576101	0.168338842648508	0.986180544162707		0.986180544162707	0.825993704427841
G2P01688	184745.0	6343	DFNA69; FPH2; KITL; KL-1; MGF; SCF; SF; SLF	KITLG-related Waardenburg syndrome		MONDO:0019517	monoallelic_autosomal	restricted mutation set	limited	altered gene product structure		dominant negative	inferred			26522471	DD		2016-01-08 10:22:05+00:00	KITLG	0.972256627933555	0.999972000774528	0.964111496674855	0.882595595121776	0.999972000774528	0.999054573995014	0.999054573995014	0.521100997277046
G2P03434	607529.0	10537	SARS	SARS1-related neurodevelopmental disorder		MONDO:0700092	monoallelic_autosomal	typically de novo	limited	altered gene product structure	splice_region_variant	dominant negative	inferred			36041817	DD		2025-01-21 15:05:36+00:00	SARS1	0.240709279566859	0.2133753140704	0.433147050096522	0.681347852115947	0.991203618720536	0.183408829632058	0.183408829632058	0.574771004227781
G2P03453	608767.0	16933	EUROIMAGE686608; EUROIMAGE783647; FEM1A; KIAA1785	FEM1C-related developmental disorder			monoallelic_autosomal	typically de novo	limited	altered gene product structure	missense_variant	dominant negative	inferred			36336956	DD		2023-06-07 09:28:35+00:00	FEM1C	0.112521939201333	0.441051536506127	0.440582023183706	0.19622595987818	0.986995889385576	0.897193621969111	0.897193621969111	0.62426096130853
