gene	obs_syn	exp_syn
A1BG	316.0	392.1451725788849
A1CF	272.0	256.281603647839
A2M	592.0	691.9890353063922
A2ML1	663.0	728.6528688167896
A3GALT2	253.0	211.3820085635529
A4GALT	258.0	326.60959851478566
A4GNT	157.0	166.57000749438112
AAAS	271.0	264.50282545128346
AACS	333.0	405.9298211153761
AADAC	167.0	176.68524262689482
AADACL2	177.0	171.6424763148196
AADACL3	195.0	233.52706198335625
AADACL4	188.0	234.3933957681207
AADAT	173.0	173.4055848844468
AAGAB	131.0	128.16397335211138
AAK1	458.0	437.16593160925095
AAMDC	51.0	49.52254450525241
AAMP	210.0	268.081254714761
AANAT	139.0	157.53829605278705
AAR2	188.0	204.2247140783048
AARD	91.0	111.07372209766048
AARS1	489.0	492.55290411779816
AARS2	502.0	600.6109895212901
AARSD1	189.0	194.0415149628477
AASDH	398.0	442.2918042939393
AASDHPPT	115.0	141.50687055619426
AASS	381.0	405.0163825465678
AATF	258.0	236.22249751550112
AATK	1075.0	1276.3225440989336
ABAT	297.0	349.99976166752697
ABCA1	1022.0	1101.341244171886
ABCA10	574.0	597.8126853417915
ABCA12	1063.0	1157.7283392927204
ABCA13	2252.0	2122.945160973343
ABCA2	1696.0	2406.3541853116394
ABCA3	1066.0	1289.147256463827
ABCA4	1133.0	1170.437424652794
ABCA5	609.0	584.332545345791
ABCA6	636.0	632.9763927089678
ABCA7	1488.0	1564.0293751987344
ABCA8	642.0	720.6729399297034
ABCA9	651.0	692.2603883032936
ABCB1	532.0	527.16235344122
ABCB10	418.0	473.4637968001134
ABCB11	591.0	549.9769080451152
ABCB4	517.0	551.0508643375942
ABCB5	610.0	666.4834945222163
ABCB6	482.0	552.4212590677944
ABCB7	218.0	215.4170097763414
ABCB8	428.0	544.5295027182764
ABCB9	435.0	508.20402533783687
ABCC1	937.0	900.8764840071088
ABCC10	805.0	962.6995579180197
ABCC11	665.0	673.4312606013741
ABCC12	645.0	660.3322630508081
ABCC2	657.0	714.4934885285104
ABCC3	733.0	865.532889630573
ABCC4	617.0	627.1933355373386
ABCC5	666.0	779.4348875821659
ABCC6	752.0	866.8967565586089
ABCC8	797.0	985.6767195995283
ABCC9	659.0	686.6167994271431
ABCD1	323.0	286.44272414172076
ABCD2	304.0	302.888896066114
ABCD3	258.0	261.59691532494327
ABCD4	328.0	334.87912444519566
ABCE1	204.0	218.90115962400392
ABCF1	345.0	411.6883481698652
ABCF2	299.0	325.9710207090151
ABCF2-H2BE1	305.0	332.5794985613161
ABCF3	355.0	436.0528089063699
ABCG1	370.0	482.27953902664615
ABCG2	269.0	274.0237710499118
ABCG4	326.0	401.42760774921464
ABCG5	385.0	420.74862040026665
ABCG8	451.0	505.5570255317854
ABHD1	205.0	228.86721502999532
ABHD10	146.0	131.83034292398162
ABHD11	169.0	186.64789809945043
ABHD12	219.0	225.75172484992999
ABHD12B	167.0	156.66900960947788
ABHD13	133.0	146.7067768293358
ABHD14A	148.0	172.33897126530707
ABHD14A-ACY1	238.0	280.36288736816863
ABHD14B	92.0	122.88984003200956
ABHD15	314.0	366.3117973904669
ABHD16A	251.0	303.6165431732257
ABHD16B	374.0	374.56623462769
ABHD17A	167.0	260.876177520108
ABHD17B	127.0	116.22133510446676
ABHD17C	233.0	236.25508515315366
ABHD18	181.0	154.46363810370602
ABHD2	209.0	288.4407491418032
ABHD3	192.0	178.39257795858984
ABHD4	169.0	191.32064922138375
ABHD5	167.0	150.69235374072665
ABHD6	147.0	207.6893276997417
ABHD8	282.0	295.30412152736585
ABI1	194.0	218.3179395695062
ABI2	213.0	241.6592822026773
ABI3	220.0	209.820671893235
ABI3BP	730.0	662.0377621799039
ABITRAM	70.0	75.3624021651342
ABL1	656.0	849.2426249689452
ABL2	549.0	572.8699962091728
ABLIM1	357.0	375.306598218395
ABLIM2	361.0	503.47517487358584
ABLIM3	300.0	349.315769868178
ABO	207.0	287.27226079983
ABR	498.0	639.1079514866076
ABRA	193.0	183.89063277381885
ABRACL	30.0	35.71705345961172
ABRAXAS1	144.0	142.8552753314617
ABRAXAS2	168.0	191.11241281520353
ABT1	165.0	176.7368448788954
ABTB1	302.0	334.78847985828645
ABTB2	606.0	685.964349870877
ACAA1	233.0	234.65169925938272
ACAA2	142.0	160.73140434261185
ACACA	953.0	1011.4709727668017
ACACB	1174.0	1421.5085390374684
ACAD10	486.0	536.4560847763438
ACAD11	324.0	308.0828277607321
ACAD8	198.0	241.61530211139166
ACAD9	313.0	339.2492467973834
ACADL	158.0	173.63400135802922
ACADM	160.0	154.5600478509053
ACADS	236.0	301.7032794382059
ACADSB	182.0	194.80378407958182
ACADVL	392.0	413.0899600398711
ACAN	1115.0	1526.427241932686
ACAP1	362.0	450.4038665098629
ACAP2	289.0	332.859206467882
ACAP3	628.0	699.8556160054931
ACAT1	181.0	176.11961791541407
ACAT2	156.0	181.1626600197544
ACBD3	278.0	260.5105796111911
ACBD4	162.0	165.42650078325286
ACBD5	229.0	230.45736769921672
ACBD6	113.0	143.4351942009969
ACBD7	43.0	37.57770480464767
ACCS	230.0	247.80288200245153
ACCSL	258.0	277.0193047974389
ACD	273.0	315.4301293576664
ACE	796.0	850.2876457726348
ACE2	195.0	211.35879156033732
ACER1	132.0	148.2372478292603
ACER2	138.0	166.31188197800637
ACER3	109.0	92.61256933317789
ACHE	392.0	513.3270072348769
ACIN1	573.0	656.1338327189899
ACKR1	208.0	197.90667372348204
ACKR2	207.0	212.49569200173175
ACKR3	209.0	266.18885781692694
ACKR4	67.0	113.6942513865741
ACLY	495.0	543.7715208693263
ACMSD	138.0	145.63995046461628
ACO1	364.0	413.4242569439987
ACO2	414.0	478.63411200987645
ACOD1	182.0	221.4318430115421
ACOT1	67.0	220.61577462302174
ACOT11	279.0	344.8434906571023
ACOT12	251.0	235.52038792978533
ACOT13	53.0	62.92234591068316
ACOT2	252.0	273.4759830901486
ACOT4	234.0	220.89047035008952
ACOT6	218.0	227.51087250040263
ACOT7	228.0	277.28668846482145
ACOT8	158.0	168.31274260391328
ACOT9	110.0	123.68606418290088
ACOX1	303.0	315.7712104673203
ACOX2	317.0	448.8101019915971
ACOX3	387.0	538.8126330519074
ACOXL	253.0	283.6562610773075
ACP1	72.0	73.37938107455611
ACP2	210.0	241.1660453166372
ACP3	162.0	164.0151916130267
ACP4	299.0	292.3720791343833
ACP5	154.0	201.05874647959908
ACP6	172.0	199.36832943857456
ACP7	237.0	249.90507932684028
ACR	200.0	246.55795667548892
ACRBP	267.0	297.31323360096997
ACRV1	98.0	118.52736378632412
ACSBG1	392.0	437.5173986369494
ACSBG2	309.0	313.9854535286062
ACSF2	283.0	348.0911230696962
ACSF3	414.0	487.8298819747547
ACSL1	316.0	363.4050499436555
ACSL3	315.0	315.072159697255
ACSL4	191.0	178.0270792335241
ACSL5	280.0	313.39349348555066
ACSL6	362.0	366.49908460393107
ACSM1	279.0	278.1954778946532
ACSM2A	249.0	248.54865932566443
ACSM2B	257.0	246.10806673219147
ACSM3	213.0	245.51134321401096
ACSM4	222.0	266.63637639081514
ACSM5	285.0	291.14746791242726
ACSM6	172.0	206.9438776492582
ACSS1	380.0	412.7125049521532
ACSS2	300.0	330.13020178138584
ACSS3	317.0	293.8034332327756
ACTA1	219.0	338.60242958834993
ACTA2	158.0	184.60936915435127
ACTB	335.0	348.4815336618142
ACTBL2	173.0	191.91338221908362
ACTC1	196.0	203.21631002505953
ACTG1	422.0	352.6484954822711
ACTG2	181.0	180.240259529635
ACTL10	180.0	198.1242216904751
ACTL6A	154.0	176.00126419262543
ACTL6B	230.0	236.5513986967738
ACTL7A	259.0	299.3157201052791
ACTL7B	267.0	310.93766973790486
ACTL8	224.0	258.92069157484536
ACTL9	283.0	325.3234889741095
ACTN1	429.0	522.19433424929
ACTN2	429.0	502.967530455924
ACTN3	456.0	476.3201855611964
ACTN4	515.0	607.233928695833
ACTR10	170.0	156.0356851131405
ACTR1A	177.0	198.2793197472161
ACTR1B	207.0	256.23304197592887
ACTR2	140.0	153.60336211919636
ACTR3	162.0	152.27324531818746
ACTR3B	148.0	200.64638628851222
ACTR3C	55.0	92.30471569447538
ACTR5	333.0	316.02524534521643
ACTR6	135.0	140.59397611390085
ACTR8	268.0	278.748019765127
ACTRT1	121.0	121.35674908666854
ACTRT2	262.0	382.57937345691244
ACTRT3	169.0	195.68463839110368
ACVR1	212.0	232.65237617273775
ACVR1B	247.0	267.3100957385609
ACVR1C	214.0	211.6497161834753
ACVR2A	193.0	204.25496170164135
ACVR2B	298.0	334.1521116466856
ACVRL1	288.0	310.3649997362932
ACY1	177.0	223.40990368411593
ACY3	174.0	210.3852817988053
ACYP1	38.0	40.4591742400603
ACYP2	54.0	40.74548315902452
ADA	173.0	184.79279570667893
ADA2	215.0	243.20613580475964
ADAD1	248.0	219.10101343928875
ADAD2	543.0	587.2141107001975
ADAL	129.0	135.3317788416376
ADAM10	310.0	291.1289104456702
ADAM11	364.0	464.7005895982323
ADAM12	420.0	491.3930745705904
ADAM15	388.0	477.4248530131255
ADAM17	344.0	374.5387318967639
ADAM18	327.0	273.69081938368817
ADAM19	466.0	488.92042870515183
ADAM2	323.0	266.4173406775455
ADAM20	305.0	316.8520035572846
ADAM21	262.0	288.5107404054446
ADAM22	391.0	403.5533226108269
ADAM23	367.0	393.2212370398725
ADAM28	322.0	317.43019189590024
ADAM29	367.0	361.3581559700758
ADAM30	382.0	342.9989276349063
ADAM32	285.0	270.1416229295993
ADAM33	483.0	532.9854822919605
ADAM7	334.0	309.7417481417459
ADAM8	517.0	664.3980344780146
ADAM9	316.0	341.9705834875081
ADAMDEC1	210.0	201.26979442206192
ADAMTS1	542.0	524.6713426812894
ADAMTS10	621.0	804.280098955869
ADAMTS12	704.0	769.8308021271812
ADAMTS13	758.0	872.184770719271
ADAMTS14	665.0	677.3135117785791
ADAMTS15	616.0	849.1084702673716
ADAMTS16	659.0	693.5358407412567
ADAMTS17	768.0	784.7125678781468
ADAMTS18	782.0	731.5086074124512
ADAMTS19	600.0	569.0801934749398
ADAMTS2	678.0	885.6484358884578
ADAMTS20	802.0	769.1878736023067
ADAMTS3	477.0	517.0289950302149
ADAMTS4	418.0	515.2545777357875
ADAMTS5	532.0	562.7441677075692
ADAMTS6	444.0	450.4787522940995
ADAMTS7	885.0	1011.6712966642621
ADAMTS8	556.0	602.5071919568572
ADAMTS9	982.0	935.7528595724932
ADAMTSL1	1121.0	1034.9662320093184
ADAMTSL2	572.0	762.8716550878992
ADAMTSL3	738.0	809.9106680573328
ADAMTSL4	592.0	741.4956317543908
ADAMTSL5	285.0	400.2076794967376
ADAP1	313.0	289.7226802593027
ADAP2	177.0	188.3146686347096
ADAR	605.0	613.2661732154052
ADARB1	349.0	430.9545553494041
ADARB2	572.0	637.274951146058
ADAT1	254.0	229.87504875830234
ADAT2	76.0	111.54419819940492
ADAT3	358.0	336.68505286418997
ADCK1	250.0	288.52453283374217
ADCK2	321.0	409.1390321489987
ADCK5	434.0	424.28890086787464
ADCY1	655.0	785.1568666052195
ADCY10	645.0	674.7447284182413
ADCY2	512.0	599.9425543621004
ADCY3	672.0	756.1344040420914
ADCY4	576.0	620.0534313852804
ADCY5	753.0	871.8672855270829
ADCY6	576.0	697.6893256212227
ADCY7	661.0	696.2708815266176
ADCY8	665.0	703.5081740163303
ADCY9	905.0	1082.7051081076038
ADCYAP1	136.0	209.16099708789434
ADCYAP1R1	222.0	252.07596780120022
ADD1	373.0	457.55379371530694
ADD2	375.0	408.51763349440404
ADD3	284.0	294.86884562125795
ADGB	658.0	662.76594615226
ADGRA1	385.0	470.59189135612667
ADGRA2	858.0	936.1136805023316
ADGRA3	607.0	657.4534647821224
ADGRB1	1054.0	1331.4729217319184
ADGRB2	870.0	1096.6449898554038
ADGRB3	690.0	631.149870590854
ADGRD1	474.0	590.3506045857464
ADGRD2	481.0	422.8015584104894
ADGRE1	398.0	431.5711358895208
ADGRE2	355.0	431.4732256653785
ADGRE3	281.0	295.37022579410007
ADGRE5	439.0	499.1323744355696
ADGRF1	430.0	416.74746390179894
ADGRF3	534.0	643.2337830082741
ADGRF4	313.0	304.77966972346127
ADGRF5	629.0	607.9704969005651
ADGRG1	394.0	425.9990997182352
ADGRG2	296.0	271.7079953499025
ADGRG3	312.0	326.1195155112714
ADGRG4	943.0	852.8791319739058
ADGRG5	277.0	312.09997891826214
ADGRG6	521.0	482.54394241562653
ADGRG7	381.0	324.03032401621766
ADGRL1	938.0	1166.1443603422933
ADGRL2	585.0	624.0055410776793
ADGRL3	710.0	681.6406429828389
ADGRL4	311.0	265.79317743167076
ADGRV1	2681.0	2481.8244349678002
ADH1A	147.0	153.40466521322898
ADH1B	170.0	159.13576705611825
ADH1C	170.0	155.90775908957036
ADH4	171.0	141.28990798633748
ADH5	125.0	136.7407948131267
ADH6	161.0	143.99420447074345
ADH7	180.0	157.26606103351347
ADHFE1	203.0	222.04409007031208
ADI1	90.0	117.58501900699454
ADIG	32.0	35.211589798039356
ADIPOQ	124.0	138.09474744205002
ADIPOR1	173.0	181.83145076872
ADIPOR2	165.0	182.506114800084
ADIRF	48.0	51.47467347714857
ADK	128.0	134.5587309597321
ADM	107.0	163.70089000711172
ADM2	123.0	119.07799264881079
ADM5	90.0	115.38242608312932
ADNP	554.0	495.15228301075
ADNP2	637.0	679.1426397952011
ADO	189.0	194.80678571628906
ADORA1	194.0	226.0868696443781
ADORA2A	218.0	268.92769937163314
ADORA2B	179.0	206.36968631618586
ADORA3	168.0	156.46285784318238
ADPGK	267.0	252.55796169446884
ADPRH	161.0	169.89216550958483
ADPRHL1	878.0	1765.5239615807934
ADPRM	135.0	154.37579800261466
ADPRS	225.0	228.00541279643696
ADRA1A	311.0	436.1480799346556
ADRA1B	366.0	367.6372290707599
ADRA1D	376.0	499.5495370477376
ADRA2A	345.0	411.43298398576553
ADRA2B	250.0	354.0882692150128
ADRA2C	368.0	507.2624232177799
ADRB1	365.0	467.85152907044716
ADRB2	225.0	230.97333389367574
ADRB3	289.0	301.26880014721996
ADRM1	287.0	334.1648359960286
ADSL	198.0	228.83282704170787
ADSS1	247.0	323.8413577066678
ADSS2	187.0	205.69903645021049
ADTRP	101.0	115.76003905260583
AEBP1	627.0	775.1959053937039
AEBP2	296.0	263.1460149163895
AEN	190.0	256.37984634474265
AFAP1	517.0	512.5738912485677
AFAP1L1	373.0	411.7807153964116
AFAP1L2	397.0	473.66093158648096
AFDN	868.0	1001.2842586413738
AFF1	613.0	580.7650703841089
AFF2	398.0	380.8204643687755
AFF3	644.0	667.7529315318944
AFF4	477.0	500.6966682361868
AFG1L	228.0	198.52809840484457
AFG3L2	377.0	394.798671863807
AFM	250.0	228.69800215843557
AFMID	130.0	171.25942009621613
AFP	254.0	239.04367212846856
AFTPH	337.0	370.8675985819396
AGA	148.0	161.08954991150685
AGAP1	509.0	718.7424124718481
AGAP2	702.0	814.0820014028835
AGAP3	563.0	729.907917809675
AGAP4	70.0	269.52866068754173
AGAP5	111.0	263.95719285623846
AGAP6	199.0	291.05179761906504
AGAP9	120.0	240.59062104486787
AGBL1	555.0	602.6969699799239
AGBL2	338.0	334.74795268597836
AGBL3	354.0	376.07559367596275
AGBL4	234.0	212.46756907463566
AGBL5	446.0	495.44031254055125
AGER	170.0	240.9574933199029
AGFG1	247.0	251.76668707535237
AGFG2	229.0	263.8224365962378
AGGF1	313.0	293.4691597225382
AGK	182.0	181.02132357968537
AGL	584.0	573.6156386412245
AGMAT	199.0	218.4524184966761
AGMO	261.0	178.06168059503676
AGO1	422.0	443.2784621609068
AGO2	449.0	601.1604613900981
AGO3	340.0	363.72757804870366
AGO4	331.0	372.9718140583379
AGPAT1	139.0	179.25261096136222
AGPAT2	200.0	231.75041456607684
AGPAT3	212.0	293.13677333286637
AGPAT4	178.0	303.6383321292058
AGPAT5	272.0	243.85736725087884
AGPS	294.0	286.81711033322676
AGR2	78.0	76.48349759778955
AGR3	75.0	60.72512684092351
AGRN	1525.0	2022.389908203482
AGRP	63.0	72.82979803249205
AGT	259.0	324.6957239023759
AGTPBP1	463.0	479.39537166995854
AGTR1	153.0	161.59098309594913
AGTR2	101.0	101.83416758557382
AGTRAP	74.0	112.90767099756478
AGXT	244.0	283.36162315029554
AGXT2	243.0	228.60459842238805
AHCTF1	786.0	930.0094945118161
AHCY	245.0	247.66761990925616
AHCYL1	223.0	239.2798414603024
AHCYL2	272.0	288.4187699484968
AHDC1	1052.0	1583.340173850231
AHI1	475.0	434.1426479164309
AHNAK	2481.0	2595.9534285252216
AHNAK2	3590.0	3928.9173590210635
AHR	398.0	369.38251813659235
AHRR	434.0	521.9053278474564
AHSA1	147.0	137.06330673245125
AHSG	164.0	211.25606412988625
AHSP	50.0	48.36846612818742
AICDA	110.0	130.42442991254825
AIDA	104.0	122.0234608860456
AIF1	52.0	71.00228706410054
AIF1L	76.0	64.72112118575306
AIFM1	178.0	187.01769579135416
AIFM2	185.0	227.28412492662474
AIFM3	337.0	374.12966203316836
AIG1	100.0	125.53196096952561
AIM2	141.0	147.87244612324383
AIMP1	120.0	117.82501069783252
AIMP2	210.0	237.36755136803112
AIP	166.0	216.73648637652516
AIPL1	210.0	229.39622207332292
AIRE	342.0	430.61629893397986
AJAP1	284.0	321.60203713339155
AJM1	747.0	794.3512960625081
AJUBA	296.0	367.97228873279215
AK1	97.0	122.67194391479094
AK2	102.0	105.59862504689266
AK3	159.0	162.98106757191158
AK4	88.0	108.29865449896747
AK4P3	36.0	98.30564650671646
AK5	260.0	236.69966660829962
AK6	73.0	69.9396798451499
AK7	302.0	338.701494383782
AK8	239.0	277.3567724175275
AK9	689.0	695.1453309957013
AKAIN1	31.0	35.45494147849591
AKAP1	416.0	528.3367506018519
AKAP10	291.0	277.76967713578523
AKAP11	780.0	779.3990666320615
AKAP12	808.0	988.1580238685242
AKAP13	1380.0	1669.7995918314773
AKAP14	42.0	53.04103182333209
AKAP17A	514.0	402.23072709320826
AKAP3	334.0	448.9165155134944
AKAP4	223.0	243.51556923877484
AKAP5	148.0	164.19907800122613
AKAP6	989.0	1036.1691958241718
AKAP7	140.0	137.70905957750108
AKAP8	400.0	447.9783668867048
AKAP8L	342.0	401.0156134787033
AKAP9	1462.0	1429.5835310196976
AKIP1	120.0	120.10748155709062
AKIRIN1	125.0	121.9595828569353
AKIRIN2	128.0	131.62928549622166
AKNA	737.0	802.2976802774034
AKNAD1	327.0	333.40899603975356
AKR1A1	141.0	163.14434365759536
AKR1B1	157.0	175.09528893370793
AKR1B10	148.0	139.96811837931313
AKR1B15	137.0	140.10328432683573
AKR1C1	105.0	136.81434979889744
AKR1C2	114.0	135.48533927489052
AKR1C3	162.0	184.47211330064297
AKR1C4	165.0	182.50860660774094
AKR1C8P	97.0	68.0618525606676
AKR1D1	123.0	141.29533314719149
AKR1E2	121.0	159.62919016500044
AKR7A2	228.0	247.83012324830509
AKR7A3	177.0	203.43252108289724
AKR7L	80.0	112.47885027603799
AKT1	257.0	387.7271186245094
AKT1S1	181.0	165.2071829915875
AKT2	253.0	301.5789067269849
AKT3	206.0	182.46014573092535
AKTIP	93.0	117.94418386905727
ALAD	156.0	194.42261716496049
ALAS1	299.0	301.40397022574354
ALAS2	191.0	180.98970936789297
ALB	249.0	243.22433150623925
ALCAM	249.0	236.08353374932585
ALDH16A1	522.0	566.3558257120588
ALDH18A1	331.0	371.01931493533107
ALDH1A1	231.0	205.56624992435204
ALDH1A2	289.0	240.2131005975519
ALDH1A3	281.0	314.34679762963196
ALDH1B1	249.0	341.16027394809015
ALDH1L1	486.0	526.3450692241805
ALDH1L2	374.0	395.15786689203804
ALDH2	291.0	284.95012632208295
ALDH3A1	269.0	296.0600013604628
ALDH3A2	199.0	213.786223992911
ALDH3B1	283.0	290.51312186938566
ALDH3B2	217.0	280.68537182593127
ALDH4A1	323.0	385.59314973549937
ALDH5A1	294.0	313.63930773766725
ALDH6A1	194.0	226.03133821146565
ALDH7A1	240.0	229.24069094736114
ALDH8A1	233.0	259.12017806485227
ALDH9A1	242.0	241.93032623426126
ALDOA	258.0	245.03359263754896
ALDOB	175.0	172.19541630731817
ALDOC	160.0	200.9321988281023
ALG1	309.0	322.22151319294755
ALG10	184.0	199.7386970674002
ALG10B	177.0	188.91237473427947
ALG11	199.0	207.56231373559172
ALG12	326.0	373.49084247206264
ALG13	321.0	302.3920790472109
ALG14	89.0	102.24685215638661
ALG1L2	111.0	107.79846783301984
ALG2	253.0	224.63999648869395
ALG3	252.0	270.2670179196691
ALG5	141.0	130.88054832319744
ALG6	185.0	199.95472421898046
ALG8	234.0	203.76803821909763
ALG9	278.0	269.5818431853081
ALK	960.0	996.4000149619776
ALKAL1	85.0	91.56054824267575
ALKAL2	135.0	125.2179871663733
ALKBH1	183.0	187.5023819847534
ALKBH2	135.0	146.9533927939249
ALKBH3	102.0	116.63651012777176
ALKBH4	195.0	226.89061288645166
ALKBH5	300.0	304.70671288505696
ALKBH6	156.0	157.26037263556847
ALKBH7	147.0	154.2743295071217
ALKBH8	276.0	275.6627810046588
ALLC	176.0	191.35617665289027
ALMS1	1865.0	1793.810070189523
ALOX12	299.0	389.6577250528603
ALOX12B	370.0	458.83420745877254
ALOX15	346.0	424.55703824705785
ALOX15B	353.0	419.525244451212
ALOX5	388.0	412.95453901291256
ALOX5AP	81.0	82.76776479525962
ALOXE3	363.0	450.17881740575257
ALPG	244.0	361.4254699981068
ALPI	322.0	386.3701963662983
ALPK1	582.0	570.0355809897267
ALPK2	953.0	1030.8574301288527
ALPK3	938.0	1020.1517561386595
ALPL	279.0	348.06723122354794
ALPP	226.0	348.32404112464906
ALS2	718.0	757.0216507549486
ALS2CL	519.0	587.9519908089154
ALX1	153.0	163.8758690626396
ALX3	208.0	221.7723574887503
ALX4	266.0	282.9683234911572
ALYREF	193.0	195.9871903869824
AMACR	213.0	190.11735593088414
AMBN	186.0	200.5434251290227
AMBP	174.0	197.49899035550857
AMBRA1	626.0	696.1838190037901
AMD1	121.0	134.1004268321398
AMDHD1	206.0	204.4665633252864
AMDHD2	332.0	361.1545596207967
AMELX	61.0	59.724987672382646
AMELY	11.0	13.367639996175766
AMER1	354.0	346.7773543664842
AMER2	485.0	592.229358319565
AMER3	541.0	599.6010482975614
AMFR	306.0	351.58209659413734
AMH	536.0	621.5681461254737
AMHR2	258.0	280.3799693204916
AMIGO1	249.0	286.0511591749068
AMIGO2	264.0	257.6397876511169
AMIGO3	315.0	448.97337490921905
AMMECR1	130.0	115.24503874547926
AMMECR1L	147.0	175.0693242716861
AMN	380.0	385.6530885674557
AMN1	114.0	106.70839547642039
AMOT	326.0	342.9772288146703
AMOTL1	481.0	498.9512656886015
AMOTL2	422.0	494.58144237053756
AMPD1	333.0	315.5251882677303
AMPD2	455.0	539.1888505563957
AMPD3	381.0	457.990394378941
AMPH	314.0	315.8461718678831
AMT	210.0	239.97227994717545
AMTN	86.0	93.4649676896879
AMY1A	4.0	37.33234944743952
AMY1B	1.0	15.20991563336598
AMY1C	4.0	20.07877845459583
AMY2A	70.0	104.008363496394
AMY2B	180.0	183.4629179238198
AMZ1	458.0	416.3675230842373
AMZ2	144.0	154.16901667937643
ANAPC1	387.0	597.526447595341
ANAPC10	65.0	66.61350831346763
ANAPC11	45.0	49.12991913067826
ANAPC13	30.0	29.411873878423126
ANAPC15	45.0	49.230967699797425
ANAPC16	55.0	47.82771282905162
ANAPC2	571.0	707.1811541762022
ANAPC4	283.0	327.7516454882453
ANAPC5	340.0	379.79136123942106
ANAPC7	241.0	267.42798733309894
ANG	74.0	79.48369124449576
ANGEL1	340.0	341.4885374766995
ANGEL2	208.0	237.58153960942414
ANGPT1	199.0	200.3391335819965
ANGPT2	284.0	277.6453281887171
ANGPT4	251.0	319.38435055690377
ANGPTL1	221.0	205.95174269236287
ANGPTL2	276.0	346.1963299397066
ANGPTL3	185.0	176.49968352980176
ANGPTL4	233.0	237.80914493142893
ANGPTL5	146.0	149.22637161955765
ANGPTL6	290.0	312.5920553327842
ANGPTL7	166.0	190.1078906317489
ANGPTL8	88.0	98.84498339132121
ANHX	185.0	244.90547149679776
ANK1	967.0	1183.3965720367464
ANK2	1740.0	1778.6164446299463
ANK3	1929.0	1964.5435055570088
ANKAR	500.0	562.6314330206533
ANKDD1A	272.0	277.56460276996455
ANKDD1B	216.0	258.1669090532555
ANKEF1	316.0	363.8559718074781
ANKFN1	547.0	549.0704575698104
ANKFY1	553.0	675.2798526630343
ANKH	273.0	309.8392370327172
ANKHD1	1074.0	1113.4797305633724
ANKHD1-EIF4EBP3	1118.0	1153.6807064567117
ANKIB1	390.0	409.61312383942067
ANKK1	415.0	439.64071280174926
ANKLE1	341.0	350.56145586219293
ANKLE2	551.0	581.6054897792052
ANKMY1	582.0	726.3451574806792
ANKMY2	187.0	197.73299876953624
ANKRA2	126.0	128.03278055654005
ANKRD1	149.0	144.91778589536784
ANKRD10	250.0	252.4579517106604
ANKRD11	1953.0	2187.8571342950554
ANKRD12	914.0	813.3832290721078
ANKRD13A	230.0	271.44410727690035
ANKRD13B	341.0	389.9068231661196
ANKRD13C	235.0	256.134639321859
ANKRD13D	331.0	362.7963909766711
ANKRD16	206.0	264.7537194324854
ANKRD17	1112.0	1124.385558309073
ANKRD18A	305.0	375.04893510626613
ANKRD18B	356.0	397.9338351013565
ANKRD2	159.0	172.70319673537716
ANKRD20A1	10.0	162.9028363872502
ANKRD20A2P	5.0	73.06856104599076
ANKRD20A3P	10.0	47.62162842855558
ANKRD20A4P	13.0	197.5297981641222
ANKRD22	84.0	84.59659553052188
ANKRD23	167.0	169.3004254931804
ANKRD24	743.0	716.9287138784474
ANKRD26	636.0	665.4464704964884
ANKRD27	516.0	520.2749215168361
ANKRD28	442.0	462.73569204757644
ANKRD29	135.0	147.1133079685807
ANKRD30A	564.0	476.66394262876764
ANKRD30B	508.0	495.17708180580587
ANKRD30BL	72.0	108.15257876682452
ANKRD31	687.0	708.1789713866283
ANKRD33	246.0	259.6467605174561
ANKRD33B	347.0	472.7462857635729
ANKRD34A	301.0	393.51637760776805
ANKRD34B	226.0	225.96228246438022
ANKRD34C	260.0	275.55121554667534
ANKRD35	515.0	520.436631512701
ANKRD36	320.0	508.2847286416723
ANKRD36B	181.0	332.4544080495221
ANKRD36C	483.0	570.5197896585586
ANKRD37	79.0	84.97048694898669
ANKRD39	106.0	105.50032919359512
ANKRD40	147.0	182.23052657932718
ANKRD40CL	21.0	14.852823855397698
ANKRD42	203.0	207.60888779113424
ANKRD44	435.0	480.48050781277925
ANKRD45	86.0	104.81064621091961
ANKRD46	91.0	132.2423241240072
ANKRD49	88.0	99.01968377304239
ANKRD50	613.0	637.5844033991241
ANKRD52	528.0	568.6900620704455
ANKRD53	286.0	336.37164457615916
ANKRD54	209.0	186.67213879306547
ANKRD55	264.0	290.1346045991882
ANKRD6	347.0	328.1547594868947
ANKRD60	182.0	245.7810918973137
ANKRD61	198.0	279.29595839058834
ANKRD62	341.0	352.82080148847257
ANKRD63	322.0	358.28138072197464
ANKRD65	311.0	359.63695231717816
ANKRD66	85.0	89.2484349459494
ANKRD7	97.0	106.50496326923013
ANKRD9	278.0	283.5321763366684
ANKS1A	590.0	696.1520060461752
ANKS1B	542.0	576.8145164770103
ANKS3	489.0	422.336046579852
ANKS4B	179.0	203.72183460745575
ANKS6	488.0	509.9553937483139
ANKUB1	222.0	241.0290188756867
ANKZF1	331.0	405.07746512796007
ANLN	406.0	455.24956510087173
ANO1	529.0	571.4823563290047
ANO10	279.0	282.19287519110185
ANO2	486.0	544.3931927394646
ANO3	414.0	392.0819778693853
ANO4	350.0	401.52867508902256
ANO5	406.0	373.4854069520764
ANO6	367.0	384.89718648024746
ANO7	550.0	628.2812463222461
ANO8	728.0	892.1525222678641
ANO9	473.0	627.6729827754873
ANOS1	217.0	214.12801730867608
ANP32A	115.0	134.6705468362653
ANP32B	98.0	108.36573095093436
ANP32D	69.0	61.685743025429275
ANP32E	89.0	111.67537371983106
ANPEP	548.0	680.83580670943
ANTKMT	193.0	212.43329804722796
ANTXR1	273.0	274.364515755718
ANTXR2	217.0	179.76277171258548
ANTXRL	335.0	322.67188529952506
ANXA1	146.0	134.69204004187506
ANXA10	131.0	126.60050569630063
ANXA11	260.0	262.736570097957
ANXA13	163.0	167.16129109670973
ANXA2	172.0	204.73142868329793
ANXA2R	93.0	101.38258770976465
ANXA3	128.0	128.3546249457787
ANXA4	134.0	154.17815957445384
ANXA5	113.0	125.39224717914902
ANXA6	289.0	338.4858329290803
ANXA7	200.0	179.44315652118866
ANXA8	39.0	70.82481716987225
ANXA8L1	36.0	99.63609972688573
ANXA9	154.0	171.61693996995746
AOAH	263.0	264.1642641978265
AOC1	401.0	580.0174919830798
AOC2	404.0	442.571035858523
AOC3	386.0	462.57054516255215
AOPEP	346.0	378.9157401279351
AOX1	562.0	602.7449149283369
AP1AR	122.0	109.70315171844788
AP1B1	504.0	551.3788690116226
AP1G1	379.0	350.15499663363033
AP1G2	378.0	471.42924639522795
AP1M1	241.0	283.99858112302786
AP1M2	219.0	222.9773537549251
AP1S1	84.0	78.31171097424908
AP1S2	30.0	39.91287852781681
AP1S3	41.0	63.889067219119084
AP2A1	602.0	603.3725413162143
AP2A2	539.0	714.8234734498858
AP2B1	381.0	398.5288308322116
AP2M1	186.0	248.24324840264356
AP2S1	63.0	86.39861483691911
AP3B1	388.0	417.78546923671786
AP3B2	541.0	633.8714982640859
AP3D1	760.0	930.2865037834997
AP3M1	178.0	164.04530724886473
AP3M2	193.0	191.04463650926672
AP3S1	48.0	56.30236461580723
AP3S2	86.0	93.55087399458866
AP4B1	330.0	326.88228737426823
AP4E1	484.0	454.88189328023617
AP4M1	290.0	277.7916470629336
AP4S1	46.0	52.402599552472374
AP5B1	696.0	625.8274135686914
AP5M1	213.0	189.82172871204705
AP5S1	132.0	146.48432646850637
AP5Z1	751.0	862.996041640954
APAF1	484.0	493.9114251959711
APBA1	511.0	505.14102139737037
APBA2	444.0	519.4039071464247
APBA3	370.0	400.5827941092619
APBB1	369.0	444.2943439018628
APBB1IP	392.0	353.0083940599191
APBB2	341.0	388.75914603397416
APBB3	235.0	264.74950370277344
APC	1254.0	1409.243231546427
APC2	1898.0	2071.6118520770206
APCDD1	261.0	414.85043480938987
APCDD1L	321.0	385.0284065834283
APCS	109.0	105.97519675683355
APEH	344.0	418.46667254654864
APELA	10.0	5.203474060843272
APEX1	175.0	190.59987298905895
APEX2	181.0	168.19836272456803
APH1A	144.0	149.6209969145858
APH1B	141.0	156.72273873084515
API5	189.0	215.52299646230847
APIP	92.0	90.20617313450175
APLF	207.0	217.42154878995564
APLN	34.0	25.41715290292607
APLNR	234.0	283.61144963894935
APLP1	376.0	398.2465373261393
APLP2	372.0	398.53298515949103
APMAP	224.0	229.44375262565902
APOA1	163.0	183.2391532736737
APOA2	42.0	48.75671651313135
APOA4	228.0	334.4004735932856
APOA5	186.0	247.23346417101143
APOB	2087.0	2212.323460580174
APOBEC1	77.0	100.91918518677308
APOBEC2	127.0	128.71271549793337
APOBEC3A	74.0	121.35621036934086
APOBEC3B	132.0	188.43282892346505
APOBEC3C	98.0	100.71377392908917
APOBEC3D	175.0	205.35902132280876
APOBEC3F	192.0	190.68734933975375
APOBEC3G	156.0	199.42023131714777
APOBEC3H	88.0	113.92136127970383
APOBEC4	141.0	157.30096630002117
APOBR	588.0	627.560790888349
APOC1	33.0	41.64937724397582
APOC2	56.0	51.579605730597564
APOC3	45.0	59.135838461514766
APOC4	59.0	71.69804889716119
APOC4-APOC2	91.0	92.63352300460367
APOD	97.0	107.59476519947489
APOE	211.0	206.57149972546108
APOF	149.0	151.13743928844409
APOH	153.0	155.2727635574068
APOL1	195.0	204.84309998956513
APOL2	177.0	178.57771119980512
APOL3	192.0	212.29642310937714
APOL4	171.0	175.73317977376163
APOL5	188.0	201.89195309094447
APOL6	189.0	196.27982889347413
APOLD1	190.0	209.1230192655893
APOM	82.0	86.47472059996878
APOO	59.0	54.295071913504415
APOOL	77.0	65.8541778323143
APP	366.0	361.27251182422617
APPBP2	222.0	238.16345733770052
APPL1	263.0	267.9173824839661
APPL2	291.0	304.44380469869526
APRT	153.0	132.9881799795735
APTX	130.0	146.13150703501924
AQP1	159.0	210.74820571796474
AQP10	143.0	162.06923395837484
AQP11	167.0	140.41378669298186
AQP12A	101.0	166.10403618307444
AQP12B	123.0	223.342265310583
AQP2	168.0	179.57451240301532
AQP3	153.0	193.11164600095836
AQP4	141.0	146.21208919969413
AQP5	182.0	196.1394240021902
AQP6	178.0	201.90773612548787
AQP7	167.0	200.884340089698
AQP8	131.0	160.14597366864143
AQP9	153.0	131.25362694022294
AQR	551.0	570.3953119532944
AR	361.0	324.84006076852506
ARAF	207.0	221.19291545287706
ARAP1	806.0	865.0005589877724
ARAP2	695.0	687.139298014644
ARAP3	791.0	882.5924574773935
ARC	269.0	350.23799622026394
ARCN1	224.0	227.20264110916597
AREG	113.0	113.34972245483074
AREL1	380.0	377.8840595579994
ARF1	112.0	135.1502543743683
ARF3	71.0	94.87080030668098
ARF4	62.0	74.0744225701014
ARF5	102.0	105.33990189033858
ARF6	127.0	116.29472825315348
ARFGAP1	248.0	289.64608990365
ARFGAP2	248.0	261.16902250638947
ARFGAP3	221.0	219.43774699635304
ARFGEF1	710.0	705.9988978204124
ARFGEF2	733.0	820.0969162319491
ARFGEF3	1145.0	1166.641164574184
ARFIP1	141.0	155.15679091038726
ARFIP2	167.0	204.06817153296902
ARFRP1	133.0	152.21921562062977
ARG1	146.0	141.7858170364551
ARG2	150.0	158.02348194240247
ARGFX	124.0	114.64007620979632
ARGLU1	166.0	166.3723338943812
ARHGAP1	210.0	256.48379271586987
ARHGAP10	347.0	358.49757852557974
ARHGAP11A	362.0	404.2033869064974
ARHGAP11A-SCG5	236.0	253.85585367792905
ARHGAP11B	82.0	107.69421740125566
ARHGAP12	312.0	336.77790496797724
ARHGAP15	191.0	183.228457711144
ARHGAP17	417.0	430.2842632980112
ARHGAP18	283.0	280.87723775310803
ARHGAP19	209.0	215.58611134072046
ARHGAP19-SLIT1	222.0	228.66905925192097
ARHGAP20	523.0	551.0509661139964
ARHGAP21	766.0	877.1150669894632
ARHGAP22	445.0	469.81677680906205
ARHGAP23	832.0	1039.2808650177283
ARHGAP24	345.0	322.4439589766003
ARHGAP25	282.0	311.49106818641917
ARHGAP26	341.0	351.71347478084266
ARHGAP27	525.0	559.0745234257619
ARHGAP28	308.0	357.09977220446086
ARHGAP29	506.0	483.8152943039664
ARHGAP30	576.0	550.8582105110804
ARHGAP31	650.0	711.8049475983125
ARHGAP32	950.0	1074.4902312556408
ARHGAP33	711.0	953.4383455749721
ARHGAP35	643.0	782.9234251877155
ARHGAP36	165.0	177.3688744945183
ARHGAP39	768.0	915.8301530511277
ARHGAP4	448.0	374.9980527977297
ARHGAP40	300.0	577.8098000561579
ARHGAP42	339.0	351.5428299431062
ARHGAP44	439.0	426.3387963362339
ARHGAP45	866.0	906.8850036958646
ARHGAP5	574.0	594.6074669105791
ARHGAP6	382.0	352.70263842455364
ARHGAP8	375.0	289.01200974015285
ARHGAP9	382.0	438.9774939621511
ARHGDIA	166.0	171.74424050352133
ARHGDIB	114.0	107.39281795158402
ARHGDIG	193.0	192.14440608116522
ARHGEF1	494.0	618.7580339816953
ARHGEF10	902.0	1033.21527198217
ARHGEF10L	711.0	841.9231883818438
ARHGEF11	693.0	799.7462913867413
ARHGEF12	592.0	672.6246787676771
ARHGEF15	442.0	521.1991316113377
ARHGEF16	415.0	622.2915311388239
ARHGEF17	1311.0	1338.4516900735225
ARHGEF18	742.0	867.2861046195909
ARHGEF19	438.0	537.5815191280067
ARHGEF2	487.0	563.6585844654039
ARHGEF25	293.0	306.7370232921781
ARHGEF26	500.0	481.56986577259204
ARHGEF28	763.0	716.4210691772488
ARHGEF3	266.0	257.325610517751
ARHGEF33	499.0	495.37894650287234
ARHGEF35	47.0	182.74249840549737
ARHGEF37	327.0	372.8203316787344
ARHGEF38	366.0	317.2948591071101
ARHGEF39	164.0	169.62127442520725
ARHGEF4	1014.0	1105.9045731864949
ARHGEF40	792.0	935.7268511061566
ARHGEF5	60.0	428.25109692366163
ARHGEF6	201.0	215.72316487752136
ARHGEF7	458.0	505.641307479898
ARHGEF9	160.0	159.56544465259208
ARID1A	1376.0	1497.165368077006
ARID1B	1409.0	1552.1121123168589
ARID2	836.0	784.1550218459033
ARID3A	404.0	463.98346508010445
ARID3B	205.0	300.4068722562073
ARID3C	213.0	234.98628590999405
ARID4A	475.0	446.24503708192475
ARID4B	512.0	514.6787349727458
ARID5A	338.0	371.3735840547131
ARID5B	556.0	581.9518390594178
ARIH1	238.0	253.09757615861875
ARIH2	224.0	216.4915033235897
ARL1	58.0	64.29724723615156
ARL10	138.0	168.83113124424716
ARL11	91.0	117.24085709220185
ARL13A	69.0	71.87741601147559
ARL13B	178.0	171.25126501592467
ARL14	99.0	88.5017182249037
ARL14EP	97.0	104.6831343746664
ARL14EPL	78.0	65.91339343641826
ARL15	94.0	78.09548550079221
ARL16	122.0	120.73196658739346
ARL17A	0.0	13.534093089655663
ARL17B	0.0	15.269636767670974
ARL2	111.0	102.33518655398171
ARL2-SNX15	67.0	63.35814615842827
ARL2BP	56.0	68.54591965753649
ARL3	71.0	76.74868838495837
ARL4A	77.0	105.22770131878735
ARL4C	119.0	193.54747935377816
ARL4D	102.0	122.88189953681436
ARL5A	61.0	64.96008940243114
ARL5B	87.0	72.19721704785819
ARL5C	71.0	82.77649638466994
ARL6	65.0	69.06379349231814
ARL6IP1	72.0	90.83215184738111
ARL6IP4	162.0	168.22231303866423
ARL6IP5	91.0	97.030876476902
ARL6IP6	164.0	151.8048039900613
ARL8A	70.0	90.54121826899643
ARL8B	74.0	89.11661783330614
ARL9	106.0	104.05160607024804
ARMC1	114.0	109.39531354024828
ARMC10	111.0	141.82696875826156
ARMC12	167.0	189.6909598404053
ARMC2	393.0	381.8892811928847
ARMC3	334.0	366.3097610366467
ARMC5	680.0	728.4453682783932
ARMC6	262.0	324.68191327918254
ARMC7	125.0	151.42472405211072
ARMC8	263.0	272.28919397706244
ARMC9	380.0	436.5234859641945
ARMCX1	144.0	137.69062780005802
ARMCX2	182.0	203.48816513419197
ARMCX3	102.0	106.8794560932931
ARMCX4	513.0	645.4474366498172
ARMCX5	149.0	154.31619722565176
ARMCX5-GPRASP2	117.0	145.46404303650206
ARMCX6	85.0	79.43357334686662
ARMH1	221.0	240.14302293387686
ARMH2	74.0	96.48495220233553
ARMH3	285.0	297.808759619947
ARMH4	368.0	332.02204213671644
ARMS2	49.0	57.91155087878001
ARMT1	178.0	183.8317337597136
ARNT	304.0	334.36082445620434
ARNT2	365.0	378.9209567205893
ARNTL	248.0	296.9222154452999
ARNTL2	236.0	253.0204945967577
ARPC1A	152.0	167.01741603001392
ARPC1B	201.0	215.9199415705667
ARPC2	125.0	149.14169235781952
ARPC3	53.0	62.13487843821699
ARPC4	80.0	77.59883229738233
ARPC4-TTLL3	299.0	332.80417931770904
ARPC5	85.0	81.86915300962607
ARPC5L	78.0	83.09059625379388
ARPIN	126.0	147.47728015861586
ARPIN-AP3S2	203.0	229.20018476405025
ARPP19	47.0	47.546908321256
ARPP21	368.0	374.8233848204696
ARR3	97.0	120.40314029916252
ARRB1	210.0	225.7675181838087
ARRB2	184.0	274.8576376725142
ARRDC1	310.0	356.48379303779353
ARRDC2	300.0	307.1163438619703
ARRDC3	156.0	171.90069918350923
ARRDC4	211.0	293.42589899187453
ARRDC5	181.0	202.52839569565012
ARSA	303.0	382.8789305722878
ARSB	269.0	265.67619244576883
ARSD	224.0	236.6416426627376
ARSF	222.0	199.0483017772312
ARSG	225.0	276.87398619394986
ARSH	176.0	185.6692513856175
ARSI	305.0	465.00056710103684
ARSJ	294.0	270.6338556587468
ARSK	208.0	210.55257816289748
ARSL	198.0	213.35197120238348
ART1	201.0	209.65495165781905
ART3	145.0	151.36096651042126
ART4	145.0	148.21068950852077
ART5	161.0	193.65763817567188
ARTN	163.0	172.55306077751828
ARV1	117.0	130.77746840080624
ARVCF	653.0	686.6151380936557
ARX	301.0	234.08693717045415
AS3MT	141.0	152.06229159737572
ASAH1	213.0	169.57128298547752
ASAH2	278.0	291.5651778290516
ASAH2B	7.0	23.010798378272845
ASAP1	546.0	539.7007295705899
ASAP2	510.0	570.0768917824125
ASAP3	432.0	506.97543602116906
ASB1	189.0	240.17118628374192
ASB10	294.0	331.1358637318484
ASB11	107.0	107.42957304531345
ASB12	107.0	102.90069943723013
ASB13	182.0	238.9130154558015
ASB14	256.0	262.0761062005001
ASB15	249.0	260.4776003193052
ASB16	305.0	258.0878642800425
ASB17	128.0	120.55409441769628
ASB18	295.0	377.13289735877834
ASB2	386.0	449.03527251585393
ASB3	266.0	223.18353212764245
ASB4	195.0	198.26515930609892
ASB5	147.0	156.32097312151137
ASB6	267.0	296.0870668279683
ASB7	172.0	179.0206333865571
ASB8	124.0	147.1805004878462
ASB9	100.0	90.57796034116103
ASCC1	143.0	138.70627631554393
ASCC2	364.0	379.0588728589559
ASCC3	948.0	857.6887452877962
ASCL1	165.0	206.98196777228117
ASCL2	174.0	233.987796637103
ASCL3	98.0	98.18197360654081
ASCL4	137.0	126.06042457785196
ASCL5	124.0	209.44535330357942
ASDURF	23.0	18.177974580632114
ASF1A	97.0	91.67708055158525
ASF1B	101.0	124.16608675642507
ASGR1	142.0	216.98039498749122
ASGR2	143.0	204.91778302934569
ASH1L	1187.0	1233.5187484398741
ASH2L	273.0	286.1306911174944
ASIC1	258.0	316.5086106345394
ASIC2	319.0	345.4818392412461
ASIC3	336.0	412.6139982100573
ASIC4	289.0	400.9651401565065
ASIC5	231.0	201.611098144446
ASIP	70.0	63.186074287469545
ASL	241.0	252.0926348818064
ASMT	236.0	190.7968404024594
ASMTL	419.0	378.4998405036013
ASNS	207.0	231.59343127207387
ASNSD1	257.0	268.1467596141901
ASPA	131.0	145.93868028826637
ASPDH	168.0	191.2103939930064
ASPG	370.0	441.25937225141195
ASPH	315.0	310.0102018026018
ASPHD1	240.0	237.99998607131087
ASPHD2	224.0	245.13223974808488
ASPM	1414.0	1393.2728861535847
ASPN	143.0	153.93472656764712
ASPRV1	136.0	174.30443511431636
ASPSCR1	352.0	476.3863699461059
ASRGL1	165.0	155.0901669696491
ASS1	200.0	259.1834766801625
ASTE1	296.0	307.132682720905
ASTL	222.0	242.14068667912002
ASTN1	640.0	688.3303766415972
ASTN2	757.0	774.826861585326
ASXL1	739.0	777.1430777735015
ASXL2	650.0	684.2111799251949
ASXL3	1002.0	1000.2763078808589
ASZ1	193.0	185.51650400034043
ATAD1	132.0	139.24842960443036
ATAD2	613.0	565.0312907471715
ATAD2B	579.0	568.6626279713865
ATAD3A	319.0	491.70206753407774
ATAD3B	423.0	513.9231751132157
ATAD3C	220.0	295.6295180145306
ATAD5	640.0	653.6789916773591
ATAT1	170.0	180.97517851614668
ATCAY	216.0	271.51399147699453
ATE1	232.0	215.0812982584077
ATF1	105.0	109.38491813062896
ATF2	206.0	207.4506860080692
ATF3	78.0	101.24123886033236
ATF4	241.0	172.20209132191516
ATF5	193.0	192.0969069101825
ATF6	288.0	279.5743310901087
ATF6B	344.0	393.6716815089439
ATF7	201.0	211.057808765407
ATF7-NPFF	196.0	199.3541494381382
ATF7IP	542.0	557.4434159836939
ATF7IP2	308.0	271.32877410010053
ATG10	87.0	87.0659862848401
ATG101	108.0	124.29657208440463
ATG12	75.0	63.23922830004653
ATG13	252.0	240.8795159762622
ATG14	234.0	223.2761599821656
ATG16L1	301.0	303.17104867888884
ATG16L2	361.0	351.51536896110304
ATG2A	1160.0	1294.4230973950243
ATG2B	858.0	901.828321440157
ATG3	119.0	123.99256787146943
ATG4A	86.0	103.23949773366715
ATG4B	224.0	233.7335794339565
ATG4C	157.0	165.8553364779462
ATG4D	268.0	279.5562606757649
ATG5	95.0	97.87169265965983
ATG7	287.0	324.8464593105156
ATG9A	422.0	546.1420408602014
ATG9B	599.0	620.0475362526147
ATIC	281.0	288.50668120362457
ATL1	226.0	225.21785060047154
ATL2	291.0	243.92899456527672
ATL3	214.0	210.83053122034647
ATM	1156.0	1209.0050691146291
ATMIN	450.0	409.69434646089337
ATN1	674.0	777.0832818811789
ATOH1	247.0	285.9841827050168
ATOH7	98.0	109.9159823522031
ATOH8	253.0	278.4566414721465
ATOX1	25.0	26.906303901745567
ATP10A	875.0	975.5302340274286
ATP10B	685.0	746.0399380745813
ATP10D	571.0	629.1610919741237
ATP11A	623.0	730.4566362119779
ATP11B	451.0	460.22719672193
ATP11C	275.0	280.97301076580015
ATP12A	498.0	570.6239492034625
ATP13A1	775.0	811.2966220765484
ATP13A2	663.0	866.4473316435108
ATP13A3	491.0	542.5969279704607
ATP13A4	488.0	564.8081088591277
ATP13A5	497.0	565.1005201170544
ATP1A1	471.0	575.7453168469808
ATP1A2	490.0	577.1135380229246
ATP1A3	539.0	658.249961166794
ATP1A4	511.0	518.789124635186
ATP1B1	139.0	143.6449981118904
ATP1B2	139.0	174.32980705667114
ATP1B3	113.0	118.87435997541111
ATP1B4	127.0	107.58558368350975
ATP23	99.0	108.33046416551285
ATP2A1	505.0	627.6240144089124
ATP2A2	506.0	532.0226931001914
ATP2A3	611.0	807.652280017502
ATP2B1	449.0	480.77745918515006
ATP2B2	694.0	840.9206584728448
ATP2B3	460.0	502.0065890832547
ATP2B4	538.0	610.1371088788933
ATP2C1	351.0	355.9200948290059
ATP2C2	804.0	728.2289374758336
ATP4A	588.0	712.3761549970884
ATP4B	162.0	205.956203261778
ATP5F1A	251.0	243.92556155086228
ATP5F1B	218.0	261.2655656404786
ATP5F1C	121.0	136.98690315137472
ATP5F1D	129.0	120.99431851246733
ATP5F1E	20.0	22.371035650533287
ATP5IF1	51.0	62.87034629089247
ATP5MC1	52.0	62.31834599337144
ATP5MC2	64.0	64.49496190092728
ATP5MC3	66.0	63.43745109136947
ATP5ME	45.0	45.086438003509976
ATP5MF	40.0	43.88560249186725
ATP5MF-PTCD1	431.0	454.00231655682455
ATP5MG	53.0	48.93785891522433
ATP5MGL	56.0	48.86036401443803
ATP5MJ	23.0	22.81352688536659
ATP5MK	30.0	23.905910625245014
ATP5PB	108.0	110.04065263408384
ATP5PD	51.0	68.06064415526356
ATP5PF	41.0	41.7413568455894
ATP5PO	106.0	93.93805091004371
ATP6AP1	187.0	176.31872124876347
ATP6AP2	90.0	97.50738608536794
ATP6V0A1	362.0	354.49340300840964
ATP6V0A2	376.0	440.4548696414207
ATP6V0A4	353.0	412.42057670033324
ATP6V0B	110.0	124.14573407128614
ATP6V0C	128.0	134.46321800990023
ATP6V0D1	191.0	227.24953709363615
ATP6V0D2	179.0	154.57429340375504
ATP6V0E1	36.0	36.18582441008514
ATP6V0E2	52.0	57.16430200313216
ATP6V1A	232.0	240.1455159125166
ATP6V1B1	253.0	306.06980114580057
ATP6V1B2	278.0	250.679090102269
ATP6V1C1	153.0	151.15082711284117
ATP6V1C2	220.0	242.13405442809963
ATP6V1D	100.0	100.45578791797236
ATP6V1E1	83.0	80.95103655849366
ATP6V1E2	121.0	140.25622724008235
ATP6V1F	68.0	77.62760149529721
ATP6V1FNB	74.0	119.62554181384758
ATP6V1G1	65.0	43.29031359936454
ATP6V1G2	57.0	58.08177524695828
ATP6V1G2-DDX39B	43.0	43.19572868442795
ATP6V1G3	43.0	37.22665065906342
ATP6V1H	192.0	193.55760414671823
ATP7A	354.0	413.65248003884676
ATP7B	777.0	760.5523653316134
ATP8A1	493.0	486.42151034708985
ATP8A2	543.0	560.6287951207653
ATP8B1	536.0	569.4290789487515
ATP8B2	517.0	650.4234977829619
ATP8B3	765.0	996.472641789622
ATP8B4	507.0	469.637291649692
ATP9A	582.0	605.5021113575895
ATP9B	604.0	655.268275991168
ATPAF1	157.0	173.7751371926984
ATPAF2	140.0	166.8657191182159
ATPSCKMT	95.0	119.32384775066821
ATR	1050.0	1059.3904661757122
ATRAID	131.0	114.37442481271876
ATRIP	388.0	431.69105468626634
ATRN	636.0	701.9399772215472
ATRNL1	576.0	571.7411443333822
ATRX	674.0	614.6157944186226
ATXN1	514.0	662.313652293462
ATXN10	226.0	282.9635777260451
ATXN1L	379.0	435.01445809719667
ATXN2	549.0	555.8946971300113
ATXN2L	653.0	642.9231211048797
ATXN3	113.0	138.20773524379615
ATXN3L	98.0	100.79873506040411
ATXN7	498.0	502.56664678413375
ATXN7L1	440.0	491.73793370457355
ATXN7L2	378.0	438.4433521813753
ATXN7L3	198.0	184.9468775399982
ATXN7L3B	63.0	44.434781829532184
AUH	174.0	155.56344612089714
AUNIP	142.0	157.97741929736378
AUP1	227.0	253.65684100409953
AURKA	170.0	176.41550934859046
AURKAIP1	156.0	166.12942780027745
AURKB	175.0	204.09209842185257
AURKC	150.0	165.52990963855447
AUTS2	752.0	843.4019666484137
AVEN	206.0	168.37602795366192
AVIL	367.0	376.56630492873734
AVL9	299.0	284.516748907103
AVP	106.0	113.70480789591909
AVPI1	68.0	80.90718482294695
AVPR1A	243.0	300.22538253559765
AVPR1B	248.0	293.38815380863844
AVPR2	143.0	149.1598425351263
AWAT1	102.0	103.06243671188102
AWAT2	100.0	95.45596699368376
AXDND1	414.0	388.67683745657837
AXIN1	545.0	641.5559207509941
AXIN2	532.0	536.6431255958216
AXL	455.0	505.91857767130296
AZGP1	135.0	146.58299314929943
AZI2	137.0	152.22940567186197
AZIN1	155.0	174.00061182231883
AZIN2	221.0	256.55025436287906
AZU1	178.0	191.4671911622113
B2M	45.0	58.37850133959695
B3GALNT1	141.0	149.29983049712345
B3GALNT2	223.0	245.37209365064174
B3GALT1	156.0	151.38671680354625
B3GALT2	195.0	178.86243359755682
B3GALT4	259.0	289.872521537413
B3GALT5	156.0	175.48460115852453
B3GALT6	313.0	305.6614505538639
B3GALT9	56.0	41.29722645712695
B3GAT1	255.0	251.3415084618947
B3GAT2	218.0	215.21864328279753
B3GAT3	167.0	211.66044890971853
B3GLCT	233.0	225.5325826205231
B3GNT2	192.0	204.97793537531066
B3GNT3	202.0	236.45410769890725
B3GNT4	280.0	234.15883976175184
B3GNT5	166.0	174.5234884281858
B3GNT6	300.0	266.51714394355093
B3GNT7	253.0	362.0562733365051
B3GNT8	258.0	306.2531331031404
B3GNT9	359.0	332.72973721111975
B3GNTL1	195.0	226.20913903611947
B4GALNT1	305.0	336.51545960509804
B4GALNT2	253.0	255.0983778319303
B4GALNT3	518.0	615.0710180750527
B4GALNT4	785.0	968.2586754479825
B4GALT1	221.0	226.8770501557422
B4GALT2	214.0	272.9254743963954
B4GALT3	182.0	218.96319958181064
B4GALT4	148.0	153.81458868817387
B4GALT5	185.0	187.68112503396492
B4GALT6	168.0	164.2812012370318
B4GALT7	213.0	251.8904395153218
B4GAT1	217.0	261.88945555635684
B9D1	105.0	116.685324173676
B9D2	91.0	117.9458560866298
BAALC	80.0	66.37406262583835
BAAT	170.0	193.1429935012019
BABAM1	169.0	158.2830098256556
BABAM2	167.0	169.82884506322608
BACE1	232.0	275.1121346280018
BACE2	277.0	362.52044891186915
BACH1	321.0	315.5941210488678
BACH2	446.0	478.3103509085051
BAD	112.0	96.48145703972156
BAG1	191.0	223.97180866088888
BAG2	82.0	90.73487426924747
BAG3	302.0	349.0447798070264
BAG4	208.0	218.8264113794038
BAG5	208.0	226.80617253219916
BAG6	586.0	638.2731122133303
BAHCC1	1534.0	1815.059954371955
BAHD1	408.0	482.7403435009617
BAIAP2	386.0	430.4078663635595
BAIAP2L1	269.0	245.24671046747457
BAIAP2L2	344.0	354.93872478194544
BAIAP3	845.0	977.0016874871466
BAK1	86.0	121.99939984167318
BAMBI	156.0	138.6454424447853
BANF1	49.0	43.11790972526093
BANF2	50.0	44.7564932067226
BANK1	334.0	281.3850469351227
BANP	329.0	456.8175498523924
BAP1	362.0	449.1458499272973
BARD1	384.0	359.72415699734677
BARHL1	213.0	299.9301490234774
BARHL2	248.0	262.46638935311205
BARX1	177.0	190.0132022491961
BARX2	137.0	179.55279072811652
BASP1	187.0	223.98953373317377
BATF	72.0	76.52698755320311
BATF2	152.0	158.7439007960346
BATF3	74.0	80.06151009453393
BAX	110.0	112.9241118846414
BAZ1A	571.0	617.1910430816946
BAZ1B	676.0	623.2649771147026
BAZ2A	857.0	905.310509004973
BAZ2B	855.0	834.8179346544945
BBC3	119.0	149.41826863222346
BBIP1	32.0	33.01552730084593
BBLN	35.0	47.61943340087104
BBOF1	208.0	179.6381541241321
BBOX1	163.0	151.58026025224268
BBS1	283.0	306.1243235977697
BBS10	294.0	300.1444986440635
BBS12	308.0	308.3918655883375
BBS2	303.0	327.90340206614985
BBS4	228.0	216.66315566326824
BBS5	134.0	131.51994195534786
BBS7	235.0	276.4784433823922
BBS9	379.0	371.69425869440477
BBX	376.0	381.9400743979431
BCAM	408.0	466.23209798843357
BCAN	501.0	566.8962540401158
BCAP29	104.0	87.14983409811913
BCAP31	75.0	84.69112791520338
BCAR1	626.0	823.3948359098375
BCAR3	389.0	453.242292093821
BCAS1	298.0	327.58354669172115
BCAS2	75.0	85.55552346880063
BCAS3	391.0	464.21390221146606
BCAS4	101.0	108.17670306291237
BCAT1	167.0	165.3252672114507
BCAT2	215.0	248.0766519339832
BCCIP	144.0	152.56874780790073
BCDIN3D	127.0	145.7492404373849
BCHE	251.0	248.13743638420397
BCKDHA	234.0	276.7594719900763
BCKDHB	201.0	173.6512680961288
BCKDK	257.0	263.8981811531596
BCL10	110.0	101.91632388526631
BCL11A	465.0	579.6922107857993
BCL11B	739.0	810.3125628954805
BCL2	151.0	185.37676855813967
BCL2A1	71.0	75.66164124581994
BCL2L1	103.0	122.51848184827058
BCL2L10	154.0	129.94271370871698
BCL2L11	108.0	105.07973834322267
BCL2L12	132.0	140.31077821518335
BCL2L13	244.0	236.08711300179476
BCL2L14	139.0	157.41432722605484
BCL2L15	58.0	64.82908762275979
BCL2L2	90.0	121.21793676014002
BCL2L2-PABPN1	167.0	182.06850222342163
BCL3	311.0	303.8669690595906
BCL6	339.0	424.9902098653546
BCL6B	268.0	341.9081749899898
BCL7A	123.0	119.33284521742267
BCL7B	111.0	104.46772584724732
BCL7C	90.0	121.56109589136909
BCL9	711.0	741.8174810762332
BCL9L	900.0	1098.5817164157415
BCLAF1	255.0	311.9520038925218
BCLAF3	152.0	180.20421389149467
BCO1	318.0	356.7657357410613
BCO2	233.0	249.87747700669797
BCOR	611.0	630.6684240296439
BCORL1	591.0	672.417435138622
BCR	786.0	796.3750798245073
BCS1L	193.0	249.48375644511145
BDH1	190.0	221.20134059739317
BDH2	81.0	95.31623423976257
BDKRB1	192.0	228.84737543928333
BDKRB2	225.0	246.11290328656878
BDNF	100.0	137.80053750754897
BDP1	1090.0	967.2935511415158
BEAN1	142.0	173.9928769700008
BECN1	179.0	190.59290573744747
BECN2	173.0	271.33336823718014
BEGAIN	464.0	489.81790028139295
BEND2	228.0	218.0742898649232
BEND3	497.0	808.3735226898367
BEND4	327.0	330.1017441758705
BEND5	228.0	232.43048165848677
BEND6	109.0	105.08421476974856
BEND7	170.0	207.78903557458722
BEST1	283.0	303.83606096009396
BEST2	335.0	317.6166198921991
BEST3	282.0	294.61237384355826
BEST4	250.0	299.11945214263255
BET1	39.0	45.115472622719416
BET1L	60.0	72.32626264816123
BEX1	41.0	34.37275747340013
BEX2	34.0	36.17135214021157
BEX3	33.0	26.30911805177572
BEX4	37.0	34.91420333733676
BEX5	32.0	31.932892112401156
BFAR	215.0	210.22720001688367
BFSP1	352.0	380.5769311627892
BFSP2	197.0	234.93367752142203
BGLAP	67.0	63.42911548280922
BGN	146.0	139.3114653268305
BHLHA15	140.0	186.07163713237978
BHLHA9	177.0	196.26744510061155
BHLHB9	117.0	145.46404303650203
BHLHE22	353.0	347.7889035663362
BHLHE23	204.0	233.90403849309428
BHLHE40	236.0	270.9213125294579
BHLHE41	394.0	388.79798918909796
BHMT	166.0	167.12826594851532
BHMT2	145.0	157.40311573066086
BICC1	467.0	428.20104413249794
BICD1	429.0	490.26109675544006
BICD2	501.0	683.9773334707933
BICDL1	383.0	372.1696178890194
BICDL2	358.0	329.2782721391472
BICRA	1352.0	1154.7871242068188
BICRAL	445.0	492.0235486006241
BID	108.0	110.4578216405244
BIK	86.0	88.32842718104872
BIN1	302.0	427.4830448285399
BIN2	244.0	235.8613002462179
BIN3	145.0	147.4608177325058
BIRC2	282.0	251.493893946486
BIRC3	243.0	249.36112612309253
BIRC5	56.0	73.38761639913716
BIRC6	2240.0	2063.66198516538
BIRC7	176.0	232.7299466197071
BIVM	189.0	215.51404106090098
BIVM-ERCC5	701.0	764.4289701478745
BLCAP	48.0	53.67411029902337
BLID	47.0	50.676134766398576
BLK	351.0	402.97825018371867
BLM	520.0	613.8307324588864
BLMH	183.0	205.22496945600054
BLNK	176.0	204.141698436063
BLOC1S1	94.0	82.68561383630926
BLOC1S2	66.0	70.96260126861162
BLOC1S3	145.0	158.2413338904994
BLOC1S4	179.0	189.72869432602195
BLOC1S5	84.0	83.35984633334867
BLOC1S5-TXNDC5	64.0	66.20347913013134
BLOC1S6	76.0	64.94250181654851
BLVRA	119.0	145.65399793306747
BLVRB	128.0	125.89782164556172
BLZF1	136.0	158.95725064033857
BMERB1	122.0	106.75016507814152
BMF	87.0	99.6015436735505
BMI1	131.0	134.3655743375177
BMP1	536.0	656.2352150482121
BMP10	202.0	211.43474289420254
BMP15	125.0	113.25188479133601
BMP2	218.0	231.0048373484907
BMP2K	486.0	496.87603980529514
BMP3	258.0	242.091369165522
BMP4	197.0	240.40540655332993
BMP5	204.0	196.4641712966345
BMP6	328.0	368.8952333431914
BMP7	248.0	296.26321973460773
BMP8A	120.0	234.08937217733242
BMP8B	131.0	218.36619885102002
BMPER	326.0	358.1323387163946
BMPR1A	200.0	220.1261240775822
BMPR1B	237.0	196.56809364329652
BMPR2	382.0	458.6346239790912
BMS1	504.0	547.2549772882196
BMT2	190.0	172.65994771472268
BMX	185.0	185.02974669752308
BNC1	454.0	497.0154270589621
BNC2	582.0	590.2429428421145
BNIP1	118.0	111.02291890709752
BNIP2	146.0	130.00536558766828
BNIP3	81.0	100.1939737140358
BNIP3L	113.0	135.02600206483496
BNIP5	317.0	373.6318646545153
BNIPL	145.0	156.0691071181761
BOC	580.0	649.1049324193747
BOD1	105.0	96.82870725358158
BOD1L1	1268.0	1339.4391582374506
BOD1L2	96.0	94.20268326082044
BOK	173.0	179.17306283548362
BOLA1	87.0	95.68128198010686
BOLA3	42.0	41.88751355324891
BOLL	97.0	101.18386086102971
BOP1	566.0	561.612935048752
BORA	201.0	212.2542529895149
BORCS5	117.0	111.2702367522127
BORCS6	262.0	319.5551076989873
BORCS7	57.0	47.06713973635226
BORCS7-ASMT	57.0	47.06713973635226
BORCS8	68.0	68.96445058559912
BORCS8-MEF2B	202.0	238.12434694321954
BPGM	113.0	126.42822322937258
BPHL	150.0	171.99378223270406
BPI	237.0	239.72792388062484
BPIFA1	139.0	128.43972129576787
BPIFA2	126.0	118.19304794011931
BPIFA3	112.0	112.30452295602403
BPIFB1	236.0	249.6371267617994
BPIFB2	280.0	269.41730928291827
BPIFB3	271.0	279.6437383492303
BPIFB4	330.0	347.74708527373474
BPIFB6	255.0	229.776815312811
BPIFC	243.0	228.9872567311876
BPNT1	119.0	136.188807107905
BPNT2	195.0	189.3179282396818
BPTF	1225.0	1276.3421139429915
BRAF	316.0	357.81910729151576
BRAP	255.0	265.8741620776255
BRAT1	615.0	697.6486397752996
BRCA1	662.0	714.4765953338241
BRCA2	1289.0	1326.9629217115898
BRCC3	66.0	71.83256732502966
BRD1	744.0	961.0014852547642
BRD2	488.0	407.61984100579724
BRD3	421.0	528.219844735941
BRD3OS	24.0	13.075041091530723
BRD4	852.0	836.8759236712284
BRD7	232.0	263.8975667469189
BRD8	505.0	510.79095709854687
BRD9	313.0	348.6289189410442
BRDT	358.0	343.4133775149144
BRF1	491.0	510.9781707282499
BRF2	219.0	252.90585211768374
BRI3	91.0	79.52027747066077
BRI3BP	192.0	174.5775996351557
BRICD5	177.0	173.42056133521805
BRINP1	418.0	413.19638393715366
BRINP2	380.0	432.95554497178813
BRINP3	380.0	342.34205310308926
BRIP1	443.0	605.8930383105786
BRIX1	149.0	134.3432977870989
BRK1	44.0	34.80998703243237
BRME1	359.0	396.80424036427854
BRMS1	103.0	139.7523385221085
BRMS1L	114.0	127.05631883158135
BROX	152.0	157.36534630154878
BRPF1	647.0	749.1624540539955
BRPF3	570.0	684.7075741522997
BRS3	121.0	122.49718606414409
BRSK1	464.0	519.7909544373706
BRSK2	519.0	730.9511181739309
BRWD1	918.0	925.2714262470079
BRWD3	504.0	470.4301242264073
BSCL2	237.0	229.5374759610771
BSDC1	210.0	228.47461889761598
BSG	309.0	345.6289793603798
BSN	2059.0	2750.4145010526563
BSND	170.0	172.6855692550796
BSPH1	42.0	55.30315409093524
BSPRY	224.0	240.34657491934706
BST1	157.0	153.38686974078735
BST2	75.0	108.45023383688431
BSX	160.0	165.20602386318652
BTAF1	742.0	728.3083230222713
BTBD1	261.0	249.0889958698697
BTBD10	149.0	190.49527838161774
BTBD11	615.0	709.8368521725067
BTBD16	242.0	258.0435734354737
BTBD17	341.0	347.9427004346996
BTBD18	311.0	322.2923371894495
BTBD19	157.0	239.46242695637858
BTBD2	443.0	455.65835526989616
BTBD3	249.0	259.6318219704566
BTBD6	378.0	409.9630516641647
BTBD7	520.0	529.6450621314257
BTBD8	667.0	695.8436740398383
BTBD9	260.0	290.44427105613755
BTC	83.0	77.3117921417686
BTD	240.0	278.8265764773311
BTF3	96.0	87.67821859152367
BTF3L4	39.0	55.45671005040502
BTG1	109.0	95.92211317515928
BTG2	92.0	106.55939630726007
BTG3	107.0	100.6248886098195
BTG4	91.0	98.11901422422582
BTK	154.0	182.3327769672661
BTLA	104.0	118.16603603007847
BTN1A1	235.0	285.1901928115881
BTN2A1	267.0	289.21371569160664
BTN2A2	240.0	289.29425941714516
BTN3A1	181.0	252.2246330883626
BTN3A2	122.0	157.71348284953805
BTN3A3	255.0	285.58158612166187
BTNL2	226.0	246.15943675074192
BTNL3	179.0	252.9972555133519
BTNL8	203.0	278.2221726060739
BTNL9	346.0	403.79699910775633
BTRC	255.0	268.62112621032634
BUB1	403.0	407.35770814944357
BUB1B	420.0	408.51926986323997
BUB1B-PAK6	48.0	43.02458424420149
BUB3	168.0	177.46971238795854
BUD13	293.0	287.2287935913102
BUD23	124.0	140.98149946672928
BUD31	70.0	68.2817579076707
BVES	160.0	144.72214507810511
BYSL	215.0	258.6896177914853
BZW1	152.0	138.27136790680726
BZW2	227.0	187.13144715458958
C10orf105	95.0	78.54337779741584
C10orf120	141.0	154.9865016079952
C10orf143	29.0	12.739420554890618
C10orf53	48.0	44.26833289876729
C10orf62	94.0	119.30633448913704
C10orf67	189.0	139.09882290101365
C10orf71	758.0	827.3588707741347
C10orf82	106.0	127.72748989378061
C10orf88	194.0	201.22800816517872
C10orf90	387.0	437.36550021028955
C10orf95	188.0	170.3200186415467
C10orf99	34.0	37.57887846614095
C11orf1	61.0	62.76061593655032
C11orf16	221.0	240.6752159259267
C11orf21	62.0	111.56704536123463
C11orf24	233.0	265.07895543503554
C11orf42	187.0	226.36071349033682
C11orf45	72.0	91.97950184538405
C11orf49	178.0	178.47749927083905
C11orf52	49.0	62.33828070688817
C11orf53	151.0	162.87208140059732
C11orf54	108.0	113.78788271060328
C11orf58	71.0	76.27083947249201
C11orf65	105.0	112.24469765993271
C11orf68	186.0	181.15767983034067
C11orf71	72.0	100.09075741144564
C11orf80	237.0	202.5885982245289
C11orf86	86.0	70.19213338743316
C11orf87	124.0	165.99951087574985
C11orf91	144.0	174.4586022210062
C11orf94	81.0	65.66077201140877
C11orf96	72.0	78.87581104796612
C11orf97	61.0	61.1414930266234
C11orf98	70.0	62.69532887686624
C12orf29	142.0	121.79104393168377
C12orf4	185.0	223.66518108824715
C12orf40	235.0	225.94802803897835
C12orf42	174.0	181.91198450252006
C12orf43	144.0	137.95871652656376
C12orf50	178.0	160.23255929598997
C12orf54	54.0	47.163509459083656
C12orf56	276.0	257.6670665899172
C12orf57	100.0	95.2674645723512
C12orf60	102.0	100.24145078623926
C12orf71	110.0	124.43732754350444
C12orf73	28.0	34.17749472991433
C12orf75	30.0	25.892852139716588
C12orf76	56.0	41.850930023746564
C13orf42	90.0	39.20697541628357
C14orf119	61.0	64.91344639942307
C14orf132	51.0	56.95551724104709
C14orf180	113.0	121.49367184631063
C14orf28	145.0	114.94654124630951
C14orf39	242.0	224.1521325104705
C14orf93	253.0	289.25279692380815
C15orf39	571.0	738.453814715202
C15orf40	95.0	76.32800288511942
C15orf48	28.0	31.54004932595727
C15orf61	92.0	133.02285539663794
C15orf62	88.0	121.56287188239875
C15orf65	48.0	43.72532004780647
C16orf46	200.0	212.14791492790079
C16orf54	128.0	149.42676611183714
C16orf72	203.0	164.62089925585428
C16orf74	60.0	44.87857146677557
C16orf78	130.0	114.62236832330059
C16orf82	82.0	146.96714803713627
C16orf86	188.0	217.91998387672209
C16orf87	49.0	48.25045276996907
C16orf89	223.0	273.8303070122115
C16orf90	108.0	111.49203430539066
C16orf91	95.0	93.08709377383614
C16orf92	50.0	64.56160620831525
C16orf95	147.0	199.9365373899119
C16orf96	566.0	674.3411043571203
C17orf100	87.0	88.62617825277421
C17orf107	139.0	186.47157879471519
C17orf113	327.0	532.6958527405063
C17orf114	18.0	8.878291696924627
C17orf49	93.0	93.46913518238196
C17orf50	125.0	120.20061885137095
C17orf58	109.0	111.97930408283631
C17orf64	109.0	120.42569831360977
C17orf67	59.0	47.233333645267855
C17orf75	158.0	147.72350686764787
C17orf78	106.0	102.39406320122617
C17orf80	256.0	266.0085517202427
C17orf97	238.0	320.7963392698485
C17orf98	97.0	81.3305389563675
C17orf99	147.0	156.82512361379855
C18orf21	102.0	95.82806400788132
C18orf25	169.0	183.222525549536
C18orf32	30.0	27.559513735518507
C18orf54	211.0	210.81527667511816
C18orf63	232.0	270.2298783340566
C19orf12	89.0	96.27528150275067
C19orf18	96.0	108.4600676758341
C19orf25	91.0	82.37028295740794
C19orf33	61.0	51.180134724219386
C19orf38	132.0	138.88632456894766
C19orf44	298.0	353.8334032032727
C19orf47	202.0	222.3944008193403
C19orf53	68.0	57.21116253702782
C19orf54	206.0	213.00388075373115
C19orf67	242.0	245.03102941303467
C19orf71	184.0	184.00989618618775
C19orf73	86.0	100.45172248575105
C19orf81	108.0	142.35975632388238
C19orf84	123.0	132.26539374682704
C19orf85	65.0	35.62818992642494
C1D	49.0	49.007004922743135
C1GALT1	175.0	183.7331559006482
C1GALT1C1	77.0	80.7917679637367
C1GALT1C1L	148.0	167.1265058607804
C1QA	128.0	145.75135429171024
C1QB	132.0	166.67286020559345
C1QBP	182.0	152.62564673780886
C1QC	166.0	188.59381723896692
C1QL1	172.0	213.44994558276613
C1QL2	210.0	200.4314305781268
C1QL3	189.0	232.72765859076358
C1QL4	168.0	196.08026855482646
C1QTNF1	166.0	215.75731007669341
C1QTNF12	220.0	276.9406411750767
C1QTNF2	154.0	184.3330319675146
C1QTNF3	155.0	155.04695218392885
C1QTNF3-AMACR	140.0	128.69138528593265
C1QTNF4	278.0	274.44710424096235
C1QTNF5	161.0	182.68314874727295
C1QTNF6	130.0	198.67158438482136
C1QTNF7	142.0	150.08960444349074
C1QTNF8	208.0	244.38665738538037
C1QTNF9	98.0	158.06479623967707
C1QTNF9B	79.0	134.3207247273642
C1R	264.0	340.4900470973123
C1RL	248.0	297.52428592380306
C1S	292.0	339.56442387120063
C1orf100	68.0	72.9093922698974
C1orf105	72.0	74.39904231096968
C1orf109	96.0	105.30208905937998
C1orf112	333.0	329.48464322113205
C1orf115	109.0	120.59139854926435
C1orf116	296.0	343.6763984285894
C1orf122	57.0	77.65939466254645
C1orf127	421.0	511.01789185326277
C1orf131	129.0	135.9288743896412
C1orf141	153.0	139.0585340707651
C1orf146	59.0	58.91075213254486
C1orf158	89.0	102.99283883322651
C1orf159	139.0	178.79032664378494
C1orf162	53.0	54.12171581414643
C1orf167	594.0	1326.1126537630978
C1orf174	100.0	153.76700685285905
C1orf185	80.0	72.07160510653131
C1orf189	50.0	37.54235400305236
C1orf194	79.0	72.84140217029608
C1orf198	175.0	246.55534469442455
C1orf21	41.0	47.062789501821555
C1orf210	62.0	69.11478833590107
C1orf216	115.0	131.66773755732837
C1orf226	125.0	142.9573439255451
C1orf232	57.0	69.64056860436192
C1orf35	179.0	177.83229137503048
C1orf43	127.0	118.60296829203978
C1orf50	96.0	98.52715795570316
C1orf52	110.0	105.29728453504168
C1orf53	108.0	73.4146187400732
C1orf54	65.0	58.19158854114487
C1orf56	187.0	205.49854577000775
C1orf68	128.0	117.80921117501794
C1orf74	121.0	142.10213935107612
C1orf87	236.0	226.73335044902493
C1orf94	304.0	339.48258403181705
C2	311.0	405.0136294459858
C20orf141	101.0	111.20817807274884
C20orf144	126.0	113.58905420569309
C20orf173	85.0	97.45269144366944
C20orf202	48.0	51.963127037142726
C20orf203	98.0	96.98304898624151
C20orf204	80.0	95.94773784155481
C20orf27	100.0	129.4428981947038
C20orf85	76.0	76.45476929706763
C20orf96	168.0	172.99961165197584
C21orf58	191.0	188.93557286958546
C21orf62	79.0	112.95495940845278
C21orf91	126.0	117.77370412398616
C22orf15	78.0	82.48894533910834
C22orf23	90.0	104.10721687213982
C22orf31	132.0	144.67166891671243
C22orf39	63.0	52.827900547044436
C22orf42	96.0	111.45730308017093
C2CD2	422.0	469.0030013449144
C2CD2L	367.0	450.3058060434091
C2CD3	1000.0	984.4889273404181
C2CD4A	297.0	270.26667734989394
C2CD4B	347.0	304.8203303697689
C2CD4C	364.0	552.3277914253566
C2CD4D	269.0	351.7136858633021
C2CD5	454.0	413.3348874315554
C2CD6	639.0	727.7958306764721
C2orf15	37.0	36.18625604781562
C2orf16	1416.0	1406.9511122328986
C2orf42	239.0	254.5711471254937
C2orf49	134.0	109.79014510868743
C2orf50	85.0	91.0624971720373
C2orf66	38.0	45.337355896948786
C2orf68	98.0	88.81409165328755
C2orf69	194.0	200.6962272708651
C2orf72	168.0	190.00894147922054
C2orf73	135.0	111.5901632866994
C2orf74	79.0	71.22675150349116
C2orf76	48.0	41.77881853057464
C2orf78	396.0	424.7579534963292
C2orf80	80.0	78.36347059513025
C2orf81	346.0	472.3237015488943
C2orf88	48.0	50.61656074579531
C2orf92	48.0	30.090192463824586
C3	848.0	1048.139137541092
C3AR1	208.0	247.37110703566992
C3orf14	48.0	57.250189764820405
C3orf18	82.0	90.74596425305361
C3orf20	436.0	512.5437495651657
C3orf22	79.0	87.99985862524703
C3orf33	119.0	105.7354120457622
C3orf38	145.0	136.6809770463448
C3orf49	87.0	86.33000157589625
C3orf52	93.0	100.85373604321592
C3orf56	125.0	136.52527281732858
C3orf62	114.0	117.05664952517961
C3orf70	161.0	141.9085291532776
C3orf80	183.0	209.5328021992447
C3orf84	106.0	105.82315639221004
C3orf85	22.0	17.33938386555665
C4A	66.0	268.2253847751806
C4B	62.0	254.45511409861652
C4BPA	259.0	271.58473373480007
C4BPB	118.0	105.11307312077719
C4orf17	149.0	139.11713341580298
C4orf19	121.0	161.99805847881416
C4orf3	34.0	36.747336912733196
C4orf33	67.0	74.42472348245283
C4orf36	54.0	48.94098521140405
C4orf45	66.0	68.50862174304912
C4orf46	51.0	58.684575602135745
C4orf47	134.0	129.87988306652977
C4orf48	70.0	49.19932723664218
C4orf50	694.0	822.4266892380707
C4orf51	100.0	87.9781371811882
C4orf54	1000.0	1021.6406027864068
C5	614.0	683.58335244638
C5AR1	209.0	262.0153402903633
C5AR2	224.0	245.48155045387506
C5orf15	124.0	138.37509804683398
C5orf22	141.0	186.71240035228897
C5orf24	73.0	81.37187033643694
C5orf34	251.0	239.48007501867374
C5orf46	47.0	39.678781237009204
C5orf47	106.0	122.98899494397163
C5orf49	83.0	96.5646433763549
C5orf51	124.0	119.0079224566882
C5orf52	83.0	99.99016111503039
C5orf58	37.0	30.896413856694753
C5orf63	38.0	40.97614420877718
C6	431.0	391.26123733588577
C6orf118	239.0	270.02941280764657
C6orf120	165.0	189.01856177783944
C6orf132	642.0	783.7999161747167
C6orf136	293.0	319.6396332258222
C6orf141	164.0	166.86136697015115
C6orf15	145.0	183.1579266297844
C6orf163	110.0	115.22771544563385
C6orf226	88.0	78.1469055392509
C6orf47	149.0	204.30238187716697
C6orf52	53.0	67.03801827668883
C6orf58	143.0	125.86628541875693
C6orf62	112.0	95.20291342843629
C6orf89	165.0	155.68636969185306
C7	415.0	354.59973052687195
C7orf25	184.0	181.2380086797376
C7orf26	322.0	338.38376521018483
C7orf31	238.0	303.12061428702515
C7orf33	73.0	90.19964400019157
C7orf50	136.0	165.5158861896724
C7orf57	124.0	139.15296654695285
C7orf61	88.0	113.3944434058091
C8A	290.0	271.09453005601415
C8B	284.0	268.84053533317865
C8G	158.0	147.00183040266387
C8orf33	153.0	167.235548486942
C8orf34	244.0	242.14568363250646
C8orf44-SGK3	181.0	173.59281187208234
C8orf48	188.0	146.3962867979991
C8orf58	230.0	247.6739093062196
C8orf74	255.0	217.0137993533665
C8orf76	166.0	169.45381361372915
C8orf82	205.0	223.3071814592825
C8orf88	45.0	37.64331609782246
C8orf89	55.0	57.08100170452494
C9	229.0	230.33425759281135
C9orf116	89.0	94.4129080038305
C9orf131	490.0	519.9070064235437
C9orf135	95.0	96.94498760884842
C9orf152	109.0	119.48427234965911
C9orf153	35.0	36.65628738787118
C9orf24	126.0	149.06683743141207
C9orf40	113.0	121.37107241039811
C9orf43	203.0	203.6805600692746
C9orf50	257.0	304.669943830209
C9orf57	49.0	55.45387544589366
C9orf64	146.0	170.4390924725082
C9orf72	213.0	198.2836194324312
C9orf78	130.0	137.37472667425254
C9orf85	45.0	56.3424185713235
CA1	121.0	105.42547258146864
CA10	159.0	142.75040919664278
CA11	166.0	187.15598029821177
CA12	202.0	239.34472981920396
CA13	117.0	106.7232207416942
CA14	154.0	159.70793884864995
CA2	99.0	111.01559394974241
CA3	131.0	124.33084909709427
CA4	178.0	193.48595162595598
CA5A	171.0	203.15047407553425
CA5B	84.0	96.97875048114994
CA6	148.0	172.7170571580318
CA7	128.0	149.17582508027496
CA8	121.0	128.10137452603735
CA9	253.0	268.2263676252909
CAAP1	213.0	176.69450383013353
CAB39	156.0	144.48390872702493
CAB39L	126.0	130.14646794048957
CABCOCO1	102.0	101.15799398519587
CABIN1	1086.0	1201.5044609698257
CABLES1	374.0	389.38658293282583
CABLES2	282.0	389.58284763733525
CABP1	198.0	225.24094570490732
CABP2	138.0	126.51173431536331
CABP4	161.0	167.23494511227966
CABP5	85.0	80.30230270049081
CABP7	123.0	145.74955728890862
CABS1	195.0	168.76286810173616
CABYR	146.0	162.49910103274814
CACFD1	121.0	119.40675767464532
CACHD1	578.0	623.3516074069676
CACNA1A	1432.0	1557.666325973915
CACNA1B	1231.0	1528.771920380484
CACNA1C	1114.0	1372.6570157097779
CACNA1D	980.0	1119.5492296050393
CACNA1E	1104.0	1229.5019734220339
CACNA1F	643.0	635.775269565768
CACNA1G	1296.0	1482.345328507864
CACNA1H	2202.0	2290.266912780479
CACNA1I	1431.0	1585.4776880347956
CACNA1S	960.0	1070.2493205815574
CACNA2D1	442.0	381.428750326136
CACNA2D2	573.0	692.440006681085
CACNA2D3	558.0	500.6277162257043
CACNA2D4	598.0	669.6502889845859
CACNB1	300.0	329.75420756813816
CACNB2	348.0	333.11346002258966
CACNB3	241.0	292.5196108689545
CACNB4	231.0	236.71934111643634
CACNG1	127.0	168.83035176897528
CACNG2	167.0	228.7656486757793
CACNG3	174.0	179.3611978698853
CACNG4	188.0	237.65656885716277
CACNG5	157.0	168.73813261582407
CACNG6	182.0	172.2366454043762
CACNG7	170.0	181.7681499455532
CACNG8	321.0	420.2490647223958
CACTIN	549.0	576.7744190100441
CACUL1	197.0	191.2151842279726
CACYBP	73.0	78.10452557351142
CAD	1196.0	1358.486233432162
CADM1	281.0	267.7166885076217
CADM2	214.0	170.79509958997338
CADM3	207.0	218.79046871471928
CADM4	209.0	226.22150554854557
CADPS	676.0	796.9479335628076
CADPS2	546.0	539.0427551380625
CAGE1	319.0	322.0522436389808
CALB1	90.0	108.10540282681062
CALB2	142.0	149.7931120591569
CALCA	78.0	78.85327552862495
CALCB	76.0	78.46002903244845
CALCOCO1	297.0	335.0561677211408
CALCOCO2	167.0	157.45856621420995
CALCR	213.0	207.56926832306823
CALCRL	190.0	175.01535090765083
CALD1	310.0	340.8437113435693
CALHM1	215.0	320.261975770313
CALHM2	193.0	240.78714354242084
CALHM3	231.0	244.20465077844588
CALHM4	127.0	131.79205137142822
CALHM5	148.0	142.91066370418892
CALHM6	212.0	185.52463837597728
CALM1	44.0	65.45269162232428
CALM2	51.0	63.91714101653373
CALM3	69.0	82.45790771722623
CALML3	98.0	158.72411445145198
CALML4	86.0	97.89111628017558
CALML5	101.0	139.4669636220408
CALML6	97.0	115.14793697426653
CALN1	156.0	142.15105949139735
CALR	239.0	233.42016714646763
CALR3	185.0	176.14436720254415
CALU	114.0	132.31070387941804
CALY	129.0	155.426594183345
CAMK1	192.0	209.26525462708878
CAMK1D	184.0	208.43780406544917
CAMK1G	238.0	259.4619285653515
CAMK2A	242.0	274.60951486302054
CAMK2B	374.0	425.2437669763868
CAMK2D	202.0	177.15136805630718
CAMK2G	263.0	299.60114322910476
CAMK2N1	42.0	45.23186487996972
CAMK2N2	45.0	68.26999840821541
CAMK4	218.0	261.3204016631096
CAMKK1	253.0	335.7916317722164
CAMKK2	322.0	378.39209345785446
CAMKMT	165.0	171.29103024675044
CAMKV	229.0	299.3887953678633
CAMLG	141.0	152.724873867933
CAMP	87.0	94.03798996461109
CAMSAP1	945.0	1076.9585655832066
CAMSAP2	499.0	614.752831855117
CAMSAP3	868.0	1007.6693404717134
CAMTA1	833.0	1306.3660861458386
CAMTA2	591.0	718.255054773209
CAND1	534.0	487.05375471098074
CAND2	770.0	878.7902016298183
CANT1	246.0	329.8291866328199
CANX	227.0	242.78788750653487
CAP1	183.0	210.49255169365296
CAP2	194.0	218.55571285485325
CAPG	175.0	200.86273992166522
CAPN1	355.0	409.6881741335075
CAPN10	437.0	554.929500032787
CAPN11	329.0	379.62142092374074
CAPN12	505.0	474.07119983646004
CAPN13	330.0	335.36482156800804
CAPN14	338.0	351.2458898864679
CAPN15	922.0	1081.6976241364746
CAPN2	340.0	386.57061736215655
CAPN3	386.0	391.54773453830836
CAPN5	335.0	387.30199659729783
CAPN6	206.0	181.24925643787412
CAPN7	344.0	318.81153984199193
CAPN8	325.0	319.38474338527647
CAPN9	304.0	377.4911605021358
CAPNS1	153.0	139.2486842918778
CAPNS2	101.0	109.15565061810725
CAPRIN1	338.0	324.20091966169804
CAPRIN2	471.0	444.07284866441165
CAPS	121.0	164.5328732121033
CAPS2	210.0	205.52870593959526
CAPSL	102.0	94.44296312105237
CAPZA1	98.0	103.74820783432853
CAPZA2	94.0	97.60444381322785
CAPZA3	142.0	136.38483162524622
CAPZB	107.0	137.8246021990517
CARD10	602.0	599.3859873023673
CARD11	716.0	804.1091167964368
CARD14	617.0	708.3899835262855
CARD16	44.0	42.883887220061524
CARD18	34.0	35.40341657028022
CARD19	103.0	110.06617390822433
CARD6	397.0	433.08791848923494
CARD8	245.0	268.7310465822442
CARD9	387.0	492.25796184615376
CARF	268.0	287.0971733117421
CARHSP1	161.0	93.57040802403633
CARM1	333.0	438.51898873606365
CARMIL1	577.0	589.651559121535
CARMIL2	830.0	1022.2267950489987
CARMIL3	697.0	833.54621240932
CARNMT1	178.0	156.67227475291577
CARNS1	568.0	624.5996030272995
CARS1	409.0	577.8703468790158
CARS2	314.0	337.59290975141425
CARTPT	75.0	84.38726631223767
CASC3	312.0	331.2001303827036
CASD1	321.0	290.04106840321003
CASK	259.0	242.46146585788767
CASKIN1	1148.0	1451.9664785337332
CASKIN2	724.0	972.881915586731
CASP1	163.0	167.96493841945247
CASP10	232.0	255.15268403207804
CASP12	63.0	62.798021158450695
CASP14	115.0	119.97831770310408
CASP2	215.0	245.75115022280676
CASP3	91.0	114.33483451547812
CASP4	185.0	160.63947914321054
CASP5	209.0	197.78141357413966
CASP6	130.0	128.80762777659498
CASP7	129.0	147.4426430341249
CASP8	188.0	216.70508348490884
CASP8AP2	655.0	1157.7815657947822
CASP9	206.0	227.56587435877614
CASQ1	174.0	208.14223879918637
CASQ2	174.0	167.98220749486143
CASR	541.0	561.2102843128528
CASS4	409.0	444.8947171012489
CAST	319.0	294.84352258135334
CASTOR1	175.0	203.600866699508
CASTOR2	162.0	161.79347274404884
CASZ1	1068.0	1587.9634822641935
CAT	218.0	234.6537983031641
CATIP	222.0	232.83884390325136
CATSPER1	363.0	451.68177875724325
CATSPER2	198.0	215.25392981088845
CATSPER3	172.0	204.4165063846649
CATSPER4	230.0	256.5950782370861
CATSPERB	381.0	445.38731348159746
CATSPERD	394.0	442.0995259532059
CATSPERE	341.0	407.476216869747
CATSPERG	588.0	649.2513223741222
CATSPERZ	127.0	100.00607487790404
CAV1	76.0	96.55007139579996
CAV2	76.0	94.43546828752636
CAV3	90.0	99.54359185119631
CAVIN1	256.0	289.6997424743468
CAVIN2	237.0	243.36001615688735
CAVIN3	191.0	173.69966760220524
CAVIN4	173.0	168.30278470680477
CBARP	586.0	666.5278646002928
CBFA2T2	295.0	286.27853237869874
CBFA2T3	531.0	534.9990560022834
CBFB	94.0	83.30456142283737
CBL	420.0	452.75175359562445
CBLB	440.0	406.45451369243415
CBLC	271.0	269.2586309327021
CBLIF	183.0	183.70077734610064
CBLL1	235.0	198.52347918370623
CBLL2	123.0	129.12745441203947
CBLN1	90.0	145.86916445163973
CBLN2	149.0	138.62027147627848
CBLN3	129.0	137.97674707803662
CBLN4	131.0	133.33783538172736
CBR1	158.0	171.32903220549048
CBR3	125.0	161.7673895721171
CBR4	100.0	111.08037277950679
CBS	30.0	93.3185172855928
CBSL	3.0	28.236763526056578
CBWD1	63.0	139.92328123396453
CBWD2	68.0	130.46387400713775
CBWD3	11.0	70.97637761588668
CBWD5	9.0	76.33079372588777
CBWD6	36.0	59.18567342672745
CBX1	63.0	71.50324373393521
CBX2	364.0	492.06509768406244
CBX3	50.0	52.848861385284756
CBX4	384.0	522.0459389433229
CBX5	78.0	73.92347270979846
CBX6	297.0	337.9973034929475
CBX7	159.0	178.19963854242954
CBX8	268.0	298.837359325242
CBY1	61.0	64.65839606877063
CBY2	279.0	299.0763154347392
CBY3	170.0	196.75040517895567
CC2D1A	477.0	598.7708972051441
CC2D1B	406.0	475.48869631026867
CC2D2A	667.0	672.3131510421114
CC2D2B	410.0	535.1745784570501
CCAR1	443.0	413.1137138370222
CCAR2	577.0	557.0266798545413
CCBE1	234.0	212.03717730534984
CCDC102A	323.0	316.677253699026
CCDC102B	206.0	209.0799097172928
CCDC103	118.0	130.81218288947417
CCDC105	297.0	275.22751253992345
CCDC106	211.0	222.2961570024202
CCDC107	170.0	156.1858107746035
CCDC110	295.0	332.6669997327069
CCDC112	214.0	182.89261557417814
CCDC113	156.0	164.94814491791377
CCDC115	110.0	112.43145799364102
CCDC116	298.0	380.0754865919777
CCDC117	132.0	119.8650264541677
CCDC12	75.0	98.50198537256543
CCDC120	309.0	251.37827396078882
CCDC121	108.0	120.88120193517372
CCDC122	83.0	83.69809226381587
CCDC124	126.0	138.53422538930926
CCDC125	187.0	186.06629740249244
CCDC126	60.0	64.77453499529074
CCDC127	98.0	138.37752331741638
CCDC13	317.0	391.64452825074994
CCDC134	110.0	125.53549440606692
CCDC136	474.0	521.5170861877621
CCDC137	182.0	179.2007960275452
CCDC138	297.0	246.31363531857835
CCDC14	332.0	345.6015088770717
CCDC141	666.0	640.2324047411145
CCDC142	421.0	480.1112718765984
CCDC144A	245.0	462.15608636147573
CCDC146	372.0	348.69992405811934
CCDC148	230.0	207.51639857751096
CCDC149	245.0	303.13106005183204
CCDC15	334.0	363.2114337175291
CCDC150	452.0	406.21852894252754
CCDC152	83.0	77.96743291570415
CCDC153	96.0	112.22324207189835
CCDC154	418.0	646.7735699870454
CCDC157	373.0	435.78440064740886
CCDC158	436.0	430.712643162941
CCDC159	146.0	126.34692000689343
CCDC160	94.0	76.72226193523946
CCDC163	41.0	56.53225467415243
CCDC166	336.0	471.6747107883421
CCDC167	52.0	58.615863102311685
CCDC168	2744.0	2989.947266302693
CCDC169	85.0	82.34698226306705
CCDC169-SOHLH2	211.0	215.9830675341184
CCDC17	376.0	358.67107757474554
CCDC170	300.0	314.05117109530545
CCDC171	687.0	589.2471250660641
CCDC172	78.0	78.80786129263264
CCDC173	198.0	186.51453718138652
CCDC174	182.0	203.56758598874754
CCDC175	306.0	281.04002120557476
CCDC177	401.0	743.4512542607412
CCDC178	283.0	260.77078544031053
CCDC179	27.0	23.82584707392785
CCDC18	482.0	477.71096548540316
CCDC180	778.0	785.0767700975942
CCDC181	183.0	194.95251283093668
CCDC182	82.0	83.20796368698981
CCDC183	323.0	348.3019407319524
CCDC184	102.0	140.3992430764988
CCDC185	381.0	430.22578512231945
CCDC186	355.0	349.2965812120716
CCDC187	645.0	691.5933786185932
CCDC188	208.0	311.148449181802
CCDC189	178.0	190.16345691684816
CCDC190	136.0	127.91915569653048
CCDC191	351.0	363.02274961156814
CCDC192	44.0	29.641872371214607
CCDC194	91.0	50.521749969085256
CCDC195	29.0	21.686488243002394
CCDC196	48.0	31.499771695607972
CCDC197	99.0	107.54255994106418
CCDC198	119.0	108.06220317410987
CCDC201	10.0	0.01462316146126017
CCDC22	222.0	203.326852851389
CCDC24	175.0	174.9288949886755
CCDC25	79.0	82.17255050882255
CCDC27	342.0	504.7901716941666
CCDC28A	83.0	75.72230177928753
CCDC28B	116.0	115.20990870223103
CCDC3	186.0	198.11466036591
CCDC30	233.0	289.8304703144255
CCDC32	63.0	76.35281562834972
CCDC33	396.0	403.50318570842654
CCDC34	159.0	164.19669172008804
CCDC38	201.0	209.7460251139834
CCDC39	349.0	345.94670243462156
CCDC40	580.0	766.2792299530231
CCDC42	135.0	195.81026999379995
CCDC43	104.0	103.69934053605427
CCDC47	195.0	188.36275387295836
CCDC50	216.0	216.98450905255368
CCDC51	190.0	234.65010543429534
CCDC54	128.0	126.90850307366878
CCDC57	527.0	645.0255840643731
CCDC59	125.0	105.30927139814581
CCDC6	241.0	252.20992056842073
CCDC60	206.0	253.33011889774383
CCDC61	270.0	373.9138467263237
CCDC62	286.0	299.5765684894509
CCDC63	253.0	286.85192443661333
CCDC65	193.0	205.6010976991256
CCDC66	387.0	351.5845829092815
CCDC68	131.0	124.71049522472127
CCDC69	141.0	151.59740405020108
CCDC7	536.0	466.4377940468228
CCDC70	119.0	101.64600056057436
CCDC71	257.0	290.9341524003235
CCDC71L	204.0	276.6940743293883
CCDC73	398.0	376.3258901552183
CCDC74A	134.0	170.38526752184586
CCDC74B	132.0	177.3484373344156
CCDC77	196.0	211.9453917320027
CCDC78	287.0	367.1728291277922
CCDC8	310.0	336.7442833134386
CCDC80	488.0	465.7036061739722
CCDC81	252.0	263.4806690475642
CCDC82	212.0	202.6455544410113
CCDC83	161.0	142.15677174420418
CCDC85A	366.0	398.77251446517965
CCDC85B	118.0	112.09246380612888
CCDC85C	264.0	338.6007522199054
CCDC86	199.0	235.1922064142779
CCDC87	434.0	461.6250345405276
CCDC88A	753.0	848.6243355885156
CCDC88B	835.0	927.0888205579417
CCDC88C	1166.0	1283.7966487373849
CCDC89	191.0	184.97571020243907
CCDC9	332.0	321.9819700363086
CCDC90B	113.0	97.29454129487961
CCDC91	167.0	153.24787451497698
CCDC92	193.0	310.2016168832233
CCDC92B	115.0	215.6459243540673
CCDC93	276.0	244.9604469820203
CCDC96	338.0	349.4302860790429
CCDC97	217.0	218.30809110677745
CCDC9B	238.0	277.67843767365997
CCER1	246.0	239.07623950697288
CCER2	140.0	148.03632074140074
CCHCR1	379.0	476.34211546649993
CCIN	302.0	338.0712208422622
CCK	83.0	83.49849832299932
CCKAR	238.0	234.6338058498646
CCKBR	269.0	360.9079004511568
CCL1	48.0	43.33623406982743
CCL11	66.0	43.093064237641954
CCL13	39.0	41.189413781588364
CCL14	50.0	44.48389437855042
CCL15	51.0	48.88969020471267
CCL15-CCL14	51.0	48.88969020471267
CCL16	60.0	58.49396643349694
CCL17	40.0	53.41875616829971
CCL18	35.0	42.02556786543961
CCL19	40.0	53.679564123105756
CCL2	43.0	43.49238895991106
CCL20	40.0	36.95552888649747
CCL21	64.0	70.4759921628937
CCL22	55.0	47.1973156297327
CCL23	60.0	62.004566222279905
CCL24	59.0	53.92330259134491
CCL25	68.0	68.97347859825824
CCL26	43.0	35.413965553781495
CCL27	49.0	57.00266954345574
CCL28	55.0	58.45930382896548
CCL3	45.0	47.79120668311724
CCL3L3	38.0	39.74856207366769
CCL4	35.0	41.723142222952134
CCL4L2	36.0	38.08180649307968
CCL5	66.0	70.5032296543314
CCL7	46.0	40.22303200402046
CCL8	49.0	42.88910824554862
CCM2	219.0	272.07835601418236
CCM2L	351.0	381.8778277409491
CCN1	202.0	216.18777770822825
CCN2	178.0	228.07600226826153
CCN3	205.0	196.97419872038319
CCN4	191.0	223.6068847680963
CCN5	135.0	138.68456060213515
CCN6	137.0	141.331399003924
CCNA1	208.0	224.35492407797742
CCNA2	206.0	204.46571501359801
CCNB1	195.0	176.78747602208426
CCNB1IP1	119.0	115.93479234803684
CCNB2	174.0	192.64587784714368
CCNB3	354.0	404.77378366186747
CCNC	93.0	92.44877444114675
CCND1	194.0	235.29203554139318
CCND2	150.0	213.83290506315598
CCND3	164.0	191.04498386236682
CCNDBP1	154.0	154.18757325739372
CCNE1	179.0	185.67646713697889
CCNE2	139.0	139.5499460916313
CCNF	439.0	536.1465764658707
CCNG1	110.0	124.25335401232077
CCNG2	155.0	146.07540919258346
CCNH	138.0	132.10573323722977
CCNI	154.0	160.54349426678087
CCNI2	231.0	206.79322256314035
CCNJ	161.0	174.81150848060082
CCNJL	227.0	248.13439879042147
CCNK	285.0	303.1717974302863
CCNL1	270.0	259.4275888951952
CCNL2	342.0	390.45977963059454
CCNO	241.0	248.75925013734155
CCNP	228.0	206.978110010614
CCNQ	73.0	85.84780710852468
CCNT1	333.0	318.46128820763107
CCNT2	334.0	309.98988625093517
CCNY	165.0	169.4236011386235
CCNYL1	159.0	166.51298700408395
CCP110	353.0	386.83175665395294
CCPG1	330.0	283.67744600019245
CCR1	207.0	204.58631611943974
CCR10	224.0	252.40154339106917
CCR2	183.0	190.63583179696542
CCR3	203.0	194.2991948285782
CCR4	217.0	181.0765062266076
CCR5	194.0	182.97297198258093
CCR6	193.0	218.5566098482909
CCR7	189.0	239.71889991455325
CCR8	156.0	172.95461785964966
CCR9	159.0	186.85292326777997
CCRL2	181.0	177.88679738567106
CCS	130.0	134.61907103049657
CCSAP	169.0	182.09358713238703
CCSER1	414.0	353.37702095036843
CCSER2	433.0	415.53782604184755
CCT2	248.0	196.578420052348
CCT3	225.0	237.15729866964824
CCT4	250.0	220.8849259694978
CCT5	231.0	272.3597989053722
CCT6A	245.0	204.20350792367992
CCT6B	228.0	198.10259242697668
CCT7	262.0	268.3778001861368
CCT8	199.0	201.4116834248449
CCT8L2	256.0	317.4908734803778
CCZ1	82.0	175.08382694432177
CCZ1B	66.0	203.08469703697267
CD101	471.0	576.8250444703525
CD109	585.0	569.0775648127781
CD14	236.0	315.6498088374997
CD151	157.0	186.0330201148946
CD160	75.0	78.00093999374647
CD163	446.0	527.1775849438577
CD163L1	585.0	748.1307701156159
CD164	126.0	90.37729987966102
CD164L2	92.0	97.22283228697444
CD177	236.0	241.4670927181039
CD180	286.0	306.5521003437716
CD19	282.0	311.1582679541228
CD1A	160.0	153.93802127685439
CD1B	192.0	156.24717117718464
CD1C	165.0	154.22970500166406
CD1D	178.0	190.12102048254016
CD1E	189.0	183.00938182378576
CD2	162.0	184.8129231810458
CD200	134.0	120.97452837471415
CD200R1	128.0	139.42255967652108
CD200R1L	111.0	105.73620566091753
CD207	168.0	167.19456789639645
CD209	173.0	210.07321787907136
CD22	424.0	474.63162723320517
CD226	148.0	158.47143960726171
CD24	33.0	38.146877485445835
CD244	185.0	164.200390228034
CD247	72.0	89.18437090445447
CD248	418.0	543.5315033549917
CD27	142.0	147.53899238890025
CD274	152.0	165.8919579272746
CD276	275.0	379.15629087500866
CD28	106.0	108.34616171194077
CD2AP	255.0	245.74614990297582
CD2BP2	213.0	209.68211984923778
CD300A	136.0	171.50502118515243
CD300C	116.0	144.48285315594856
CD300E	102.0	122.09802616254731
CD300H	71.0	119.19142110780243
CD300LB	91.0	100.83446462962564
CD300LD	104.0	102.3085940036375
CD300LF	139.0	166.81476178500668
CD300LG	175.0	180.00293466592768
CD302	90.0	89.23460181511439
CD320	188.0	169.69666912285115
CD33	176.0	215.97492091153072
CD34	209.0	201.39972768524365
CD36	186.0	178.23684679007826
CD37	146.0	187.98893426893676
CD38	131.0	158.3019118148302
CD3D	74.0	87.4939403173284
CD3E	70.0	96.42189525159658
CD3G	71.0	75.80095649790415
CD4	207.0	261.99676417223964
CD40	130.0	141.6012587131612
CD40LG	66.0	74.69274263094826
CD44	325.0	312.10135829805364
CD46	142.0	155.50449056851593
CD47	140.0	107.6994932151289
CD48	110.0	127.76444469679095
CD5	230.0	280.84763968577295
CD52	24.0	30.279459454997863
CD53	106.0	100.64846792747231
CD55	181.0	177.8277915796378
CD58	117.0	120.01102230048386
CD59	60.0	63.38579550241221
CD5L	192.0	172.71504750483604
CD6	359.0	377.20176392703706
CD63	118.0	124.03004909180746
CD68	190.0	215.46895833762952
CD69	63.0	73.58448696621852
CD7	160.0	201.95776923433448
CD70	108.0	145.94226829535216
CD72	176.0	179.51561184172135
CD74	150.0	166.61766335155738
CD79A	110.0	150.92799218462886
CD79B	118.0	145.49413399264657
CD80	125.0	124.38018792773431
CD81	147.0	234.09623116578922
CD82	158.0	155.6290656575482
CD83	101.0	112.28872982042766
CD84	154.0	147.7889609339766
CD86	137.0	135.87148697604997
CD8A	165.0	190.09197049515203
CD8B	84.0	90.58996990779664
CD8B2	90.0	89.22108259110985
CD9	113.0	132.34694172107794
CD93	433.0	451.6499696463722
CD96	248.0	209.54101304653952
CD99	103.0	88.76545920192972
CD99L2	97.0	85.1236841746362
CDA	58.0	78.62729833274079
CDADC1	186.0	185.6431510855697
CDAN1	776.0	693.6025541587962
CDC123	144.0	137.49648960588715
CDC14A	247.0	259.0081299958735
CDC14B	191.0	207.56779531333143
CDC14C	185.0	186.08705379773178
CDC16	263.0	264.8807759102269
CDC20	198.0	270.9767176865028
CDC20B	243.0	223.88680816643543
CDC23	267.0	269.25082813534516
CDC25A	229.0	223.8075020577143
CDC25B	341.0	388.36212129320086
CDC25C	187.0	205.32944744814094
CDC26	19.0	31.6934952056157
CDC27	266.0	259.79152283082016
CDC34	178.0	224.79514249502813
CDC37	193.0	240.01478643303815
CDC37L1	150.0	164.45390415839367
CDC40	221.0	216.91254343032156
CDC42	72.0	84.41439014661202
CDC42BPA	694.0	727.0152643692128
CDC42BPB	931.0	1062.6637301632857
CDC42BPG	981.0	1022.0372576210892
CDC42EP1	239.0	283.7939293488368
CDC42EP2	113.0	143.94014878144057
CDC42EP3	145.0	145.4913717377662
CDC42EP4	230.0	335.109401895015
CDC42EP5	118.0	118.53549256621596
CDC42SE1	24.0	33.1510041642873
CDC42SE2	33.0	34.830116193410035
CDC45	260.0	296.4551355720345
CDC5L	331.0	322.1657943045881
CDC6	210.0	221.99091123273539
CDC7	211.0	216.1000028618084
CDC73	224.0	213.8173474769793
CDCA2	447.0	435.95458951345165
CDCA3	88.0	144.354540671881
CDCA4	130.0	195.92239103289427
CDCA5	127.0	127.11512959524097
CDCA7	180.0	214.33662519430558
CDCA7L	236.0	227.52503407467108
CDCA8	111.0	148.598329459018
CDCP1	387.0	473.15349852328586
CDCP2	250.0	258.6797783335312
CDH1	417.0	442.7422192992974
CDH10	345.0	359.84759032421925
CDH11	419.0	410.8914255661915
CDH12	399.0	372.5190494608259
CDH13	503.0	481.98191451958996
CDH15	624.0	707.7648916817201
CDH16	457.0	504.4891424108038
CDH17	367.0	360.9136381300542
CDH18	362.0	358.9672446370882
CDH19	346.0	307.0533428990642
CDH2	419.0	415.5810371076633
CDH20	469.0	446.9258944899382
CDH22	518.0	590.855872850111
CDH23	1839.0	2005.119988693823
CDH24	440.0	551.4039185792918
CDH26	397.0	444.1972455637075
CDH3	446.0	469.27203149562285
CDH4	555.0	719.9819249123153
CDH5	464.0	499.12697970239714
CDH6	376.0	389.74078571774226
CDH7	381.0	378.1499162064118
CDH8	372.0	368.0464672516284
CDH9	409.0	343.4156711337231
CDHR1	470.0	458.36975661175507
CDHR2	755.0	925.7443810340154
CDHR3	421.0	434.11796516826456
CDHR4	368.0	438.44375438639594
CDHR5	601.0	736.3945932107715
CDIN1	118.0	115.72599521969272
CDIP1	117.0	123.61541868036275
CDIPT	119.0	120.51273533377348
CDK1	108.0	102.3040882182286
CDK10	255.0	259.7845586694423
CDK11A	247.0	346.5553088688627
CDK11B	270.0	373.4750961372287
CDK12	694.0	637.8125419789603
CDK13	869.0	868.0455036793046
CDK14	197.0	198.48505652733525
CDK15	194.0	203.66485832239388
CDK16	169.0	175.80640765355983
CDK17	203.0	191.83621055439724
CDK18	237.0	294.66463713485064
CDK19	221.0	217.9540705917418
CDK2	134.0	140.94107783144628
CDK20	209.0	193.80610753272464
CDK2AP1	59.0	63.66720224881529
CDK2AP2	76.0	73.07287543495156
CDK3	158.0	193.22519858280413
CDK4	158.0	154.50039603580456
CDK5	143.0	186.31652729984597
CDK5R1	225.0	249.13908487766912
CDK5R2	242.0	350.5177492643862
CDK5RAP1	250.0	239.8976528391302
CDK5RAP2	833.0	887.9558358312121
CDK5RAP3	224.0	251.57279433136335
CDK6	160.0	177.42433884520088
CDK7	107.0	115.4151036508829
CDK8	161.0	196.25533124084436
CDK9	233.0	265.4776939363751
CDKAL1	234.0	246.4022513345001
CDKL1	153.0	151.7020779897099
CDKL2	211.0	211.4716330074054
CDKL3	202.0	193.86351492676653
CDKL4	120.0	124.49782341199962
CDKL5	275.0	273.4583924543023
CDKN1A	92.0	121.98029028147748
CDKN1B	149.0	138.97472773733773
CDKN1C	288.0	304.0313589672027
CDKN2A	122.0	123.42436720424976
CDKN2AIP	291.0	302.90219585993566
CDKN2AIPNL	53.0	66.97183631037657
CDKN2B	93.0	111.16469955761268
CDKN2C	79.0	95.50898821404405
CDKN2D	91.0	92.58370212943657
CDKN3	71.0	72.42368861060605
CDNF	86.0	89.02549793494457
CDO1	91.0	102.02540279675591
CDON	566.0	624.3380559739575
CDPF1	62.0	92.0839146760151
CDR1	67.0	76.24309107134759
CDR2	240.0	249.1875125646868
CDR2L	285.0	289.38998887150916
CDRT1	224.0	341.1428097290441
CDRT15	50.0	75.25129193074972
CDRT15L2	121.0	134.9181383137559
CDRT4	64.0	73.86646427577935
CDS1	185.0	168.44477898656032
CDS2	207.0	228.96688547436383
CDSN	266.0	284.31174825298245
CDT1	424.0	474.89299415454036
CDV3	114.0	113.5106478545814
CDX1	179.0	184.8377780168154
CDX2	222.0	213.4157283954844
CDX4	100.0	98.78430250125786
CDYL	266.0	316.70633843895354
CDYL2	360.0	383.744268585274
CEACAM1	244.0	259.16328804642677
CEACAM16	262.0	279.79229998073214
CEACAM18	169.0	195.57522993432465
CEACAM19	140.0	135.78816251568855
CEACAM20	282.0	290.5649121219461
CEACAM21	156.0	156.51076851726398
CEACAM3	134.0	132.15762575853313
CEACAM4	143.0	140.8805743911193
CEACAM5	357.0	377.87756600451485
CEACAM6	184.0	188.3585698649075
CEACAM7	144.0	136.2333916677643
CEACAM8	138.0	178.1569251325952
CEBPA	275.0	287.72448790368446
CEBPB	295.0	313.81842059409496
CEBPD	227.0	215.95875992718206
CEBPE	179.0	195.69731817826766
CEBPG	66.0	75.17483170348757
CEBPZ	470.0	441.6705337170752
CEBPZOS	25.0	24.026298692044463
CECR2	725.0	707.3285277777383
CEL	320.0	481.67562228006506
CELA1	140.0	121.28377593147724
CELA2A	150.0	164.1468175872853
CELA2B	143.0	160.25498260427497
CELA3A	143.0	141.69084882546022
CELA3B	127.0	146.0992823801792
CELF1	236.0	221.25634560716802
CELF2	258.0	346.00569750972795
CELF3	245.0	267.1360344741265
CELF4	261.0	304.2121849098931
CELF5	271.0	337.9217567688666
CELF6	291.0	262.407792976521
CELSR1	2113.0	3258.260318952661
CELSR2	1721.0	2009.7704069488007
CELSR3	1780.0	2431.762897587143
CEMIP	676.0	722.8782524362998
CEMIP2	601.0	588.6851197060349
CEMP1	161.0	165.8160629081516
CENATAC	156.0	158.21561235781456
CEND1	109.0	123.0876619618117
CENPA	82.0	83.7541665792674
CENPB	399.0	466.2938078950705
CENPC	333.0	301.7631703403894
CENPE	1013.0	906.1920080868573
CENPF	1259.0	1343.7227050675206
CENPH	88.0	65.33450760757492
CENPI	157.0	185.2591178830837
CENPJ	509.0	574.8268381838266
CENPK	107.0	90.524271803916
CENPL	140.0	131.0665319189195
CENPM	114.0	117.90617915181191
CENPN	166.0	136.7249770967245
CENPO	171.0	154.810806843124
CENPP	120.0	118.23838757759917
CENPQ	101.0	96.83436879464108
CENPS	49.0	58.21449514050221
CENPS-CORT	49.0	58.2144951405022
CENPT	295.0	315.260946835234
CENPU	166.0	167.30787080536263
CENPV	172.0	162.74629797388428
CENPVL3	29.0	35.168461096137946
CENPW	38.0	44.111944091479174
CENPX	66.0	63.57394562561199
CEP104	378.0	471.3854703836451
CEP112	358.0	367.7103926852796
CEP120	400.0	374.73356611537133
CEP126	449.0	444.46824702993365
CEP128	469.0	439.7299965273582
CEP131	646.0	818.3168598276905
CEP135	396.0	429.8205045332682
CEP152	649.0	644.1690369312727
CEP162	540.0	449.9973821230001
CEP164	661.0	762.5938789859451
CEP170	356.0	594.075056887761
CEP170B	1033.0	1393.9279805403373
CEP19	59.0	75.70567881714365
CEP192	995.0	1104.852706590996
CEP20	77.0	74.9038317906837
CEP250	1088.0	1173.882932751539
CEP290	932.0	744.1093582955308
CEP295	993.0	1006.1388460529099
CEP295NL	295.0	372.13759614260294
CEP350	1200.0	1164.9537257070463
CEP41	151.0	175.84574808062703
CEP43	192.0	174.84829178851209
CEP44	142.0	171.9345335220848
CEP55	178.0	189.3005793662133
CEP57	219.0	202.58369751235074
CEP57L1	137.0	150.94801042930587
CEP63	267.0	276.2293188035806
CEP68	402.0	432.309775341484
CEP70	220.0	210.16047778142232
CEP72	358.0	451.55685861872934
CEP76	270.0	275.96054747716113
CEP78	293.0	271.6998296844199
CEP83	264.0	242.6095617939196
CEP85	314.0	350.0254034013614
CEP85L	319.0	319.12139225194505
CEP89	354.0	323.8418546913968
CEP95	323.0	316.7513754601572
CEP97	337.0	345.08199293380596
CEPT1	171.0	167.13335467628963
CER1	141.0	154.9024721246234
CERCAM	318.0	382.18570095560494
CERK	302.0	330.87727986436596
CERKL	250.0	280.1580953737769
CERS1	243.0	210.37263540358728
CERS2	187.0	185.14221117587698
CERS3	176.0	163.35534793646735
CERS4	228.0	235.964431879723
CERS5	147.0	167.50307168888978
CERS6	164.0	192.91227010158832
CERT1	289.0	242.8035587263231
CES1	202.0	185.87632180815964
CES2	277.0	319.1368835476156
CES3	266.0	311.38631068735594
CES4A	247.0	288.8502683366274
CES5A	296.0	289.8955051533237
CETN1	99.0	130.35366775429617
CETN2	41.0	45.12576045829783
CETN3	52.0	52.10987806203236
CETP	251.0	265.6104983130066
CFAP100	341.0	363.87309849878187
CFAP126	65.0	72.59543114406586
CFAP157	267.0	308.05587771464394
CFAP161	116.0	137.48320926113473
CFAP20	75.0	97.38807349623576
CFAP206	250.0	237.26735006736232
CFAP20DC	359.0	432.2775754754747
CFAP221	331.0	344.40596963627706
CFAP251	503.0	539.4062481928588
CFAP298	137.0	147.47747838909956
CFAP298-TCP10L	186.0	201.88424342981938
CFAP299	104.0	94.5818612280576
CFAP300	102.0	100.68814465322257
CFAP36	138.0	154.18659228921553
CFAP410	178.0	228.77376112265026
CFAP418	74.0	90.78749865876935
CFAP43	645.0	680.040300331656
CFAP44	700.0	697.8283160944684
CFAP45	223.0	259.1505284152318
CFAP46	1523.0	2107.8355053456717
CFAP47	736.0	633.5605497491227
CFAP52	267.0	329.8003504183333
CFAP53	218.0	203.73441635927043
CFAP54	1206.0	1182.7500691183482
CFAP57	518.0	603.3333713499
CFAP58	365.0	381.4602799414165
CFAP61	575.0	605.2497164293142
CFAP65	970.0	1164.1747858960575
CFAP69	380.0	333.8218709395372
CFAP70	382.0	396.8072344915414
CFAP73	162.0	180.69201305465594
CFAP74	956.0	1240.178606996031
CFAP77	151.0	184.43058700468168
CFAP91	335.0	317.37541178593244
CFAP92	490.0	565.1136385921575
CFAP97	228.0	235.4830098745698
CFAP97D1	58.0	72.72182479237263
CFAP97D2	37.0	23.3634287489033
CFAP99	456.0	539.4974839547174
CFB	316.0	404.9357654658811
CFC1	9.0	34.62862522224547
CFD	242.0	185.62202511737294
CFDP1	167.0	120.84205988736784
CFH	536.0	492.0684268023147
CFHR1	95.0	124.92741347636645
CFHR2	98.0	99.658669859468
CFHR3	97.0	134.3626409677729
CFHR4	244.0	226.70524675237468
CFHR5	249.0	233.03274512476804
CFI	250.0	227.64382653076171
CFL1	111.0	90.24311597898449
CFL2	63.0	64.82246493383403
CFLAR	210.0	221.65993336396406
CFP	149.0	152.247367636912
CFTR	583.0	592.5849798348386
CGA	60.0	52.144691298121856
CGAS	266.0	253.9793073018293
CGB1	72.0	93.50839148731303
CGB2	51.0	94.70680900634262
CGB3	21.0	79.25188642137202
CGB5	25.0	67.65894197110549
CGB7	47.0	104.21831537538932
CGB8	8.0	54.18576114886898
CGGBP1	76.0	74.5902348165813
CGN	535.0	611.8689191870111
CGNL1	690.0	635.2926735595604
CGREF1	142.0	169.22888379203386
CGRRF1	141.0	130.85983651777698
CH25H	178.0	167.31942507815202
CHAC1	145.0	138.88139952771016
CHAC2	91.0	77.567672723761
CHAD	195.0	282.507556655626
CHADL	498.0	605.9046572017369
CHAF1A	504.0	592.4477301862346
CHAF1B	261.0	273.9403928884757
CHAMP1	368.0	391.9920198870435
CHAT	407.0	433.06152618634235
CHCHD1	57.0	66.98098874657335
CHCHD10	90.0	90.41387004480102
CHCHD2	63.0	71.5826429001914
CHCHD3	82.0	95.9236869992893
CHCHD4	56.0	60.59963241018238
CHCHD5	55.0	59.72409460629656
CHCHD6	122.0	122.84062641867695
CHCHD7	40.0	35.009503762578575
CHD1	668.0	604.6876242131372
CHD1L	411.0	373.24423840349516
CHD2	775.0	832.7529029696241
CHD3	985.0	1146.322575240457
CHD4	900.0	930.2727156974549
CHD5	1064.0	1401.522439140458
CHD6	1173.0	1259.6624871558483
CHD7	1363.0	1362.9853598541827
CHD8	1081.0	1173.0685649839575
CHD9	1129.0	1083.5107164062183
CHDH	364.0	379.3700710070564
CHEK1	179.0	189.13323011886433
CHEK2	189.0	197.93456548546015
CHERP	559.0	611.9456508130479
CHFR	381.0	409.1178826940331
CHGA	249.0	266.0380917331019
CHGB	312.0	337.29321751312403
CHI3L1	210.0	217.11917001284078
CHI3L2	198.0	165.97901452298828
CHIA	268.0	215.07031765424318
CHIC1	77.0	58.655202148355606
CHIC2	70.0	79.51473091052517
CHID1	216.0	267.228305735802
CHIT1	242.0	257.6278967358249
CHKA	217.0	203.79504884230192
CHKB	224.0	237.36987906402425
CHKB-CPT1B	28.0	33.426885939149095
CHL1	613.0	531.0785584271503
CHM	184.0	167.95867583716134
CHML	281.0	302.64920046876705
CHMP1A	131.0	143.2412494768106
CHMP1B	105.0	137.20841948167262
CHMP2A	125.0	131.31257581963138
CHMP2B	78.0	74.51764581230641
CHMP3	86.0	83.68152287546863
CHMP4A	88.0	103.62557272581866
CHMP4B	101.0	118.9494602923856
CHMP4C	106.0	98.41268609686406
CHMP5	76.0	88.35554116400614
CHMP6	123.0	146.0710674527048
CHMP7	261.0	245.40463935465644
CHN1	206.0	193.89007675567416
CHN2	210.0	235.02992601034165
CHODL	125.0	102.73540186913613
CHORDC1	128.0	108.31992654806871
CHP1	89.0	86.20301605954923
CHP2	97.0	109.64609907655219
CHPF	489.0	697.9841899464664
CHPF2	442.0	572.6409496288421
CHPT1	194.0	171.10049994426683
CHRAC1	73.0	76.62548574669371
CHRD	561.0	673.3865525507431
CHRDL1	136.0	122.51784182135061
CHRDL2	220.0	237.56520256414183
CHRFAM7A	7.0	115.62636532937476
CHRM1	227.0	299.16082271734297
CHRM2	202.0	225.73826471427438
CHRM3	297.0	364.267308601857
CHRM4	290.0	416.75606626248134
CHRM5	241.0	264.58164390792996
CHRNA1	229.0	238.58897420518923
CHRNA10	302.0	317.1296221773764
CHRNA2	301.0	416.2059478418365
CHRNA3	283.0	285.99640093858665
CHRNA4	425.0	740.4303269598024
CHRNA5	188.0	214.85707883664827
CHRNA6	222.0	223.4180669484848
CHRNA7	75.0	191.46739859756948
CHRNA9	231.0	237.93945303544547
CHRNB1	259.0	292.2168810383678
CHRNB2	325.0	326.995999947833
CHRNB3	207.0	205.2980097976534
CHRNB4	285.0	335.6168975058734
CHRND	237.0	337.3762713788828
CHRNE	385.0	399.55896865494293
CHRNG	284.0	370.84987276681386
CHST1	267.0	345.4000355066411
CHST10	161.0	183.8694580102308
CHST11	152.0	233.58841592836842
CHST12	322.0	384.3616797757263
CHST13	257.0	222.41365962618647
CHST14	233.0	275.4147956476748
CHST15	296.0	347.2308625581627
CHST2	392.0	431.20739672937606
CHST3	334.0	319.70887808096666
CHST4	171.0	224.75471478386189
CHST5	313.0	347.5790509650329
CHST6	309.0	327.9661835123684
CHST7	244.0	195.19718599069344
CHST8	259.0	345.6559605856475
CHST9	171.0	179.5081892829557
CHSY1	459.0	495.6026557535567
CHSY3	474.0	465.8448946909564
CHTF18	916.0	908.493918482806
CHTF8	53.0	67.69764784594948
CHTOP	117.0	128.277970690381
CHUK	276.0	262.9558953395404
CHURC1	42.0	53.230731591982966
CHURC1-FNTB	228.0	273.90153572344104
CIAO1	183.0	168.44871289142623
CIAO2A	74.0	84.99577930119125
CIAO2B	106.0	99.79080421984033
CIAO3	314.0	375.55420369912537
CIAPIN1	131.0	140.732507014041
CIART	163.0	168.37200882857394
CIB1	104.0	110.70327626678078
CIB2	94.0	103.42224894951623
CIB3	93.0	97.75959798031762
CIB4	75.0	88.9967788593804
CIBAR1	115.0	102.93704315892363
CIBAR2	182.0	214.9288135128334
CIC	1319.0	1335.7335422501644
CIDEA	128.0	134.64722783154878
CIDEB	103.0	121.69240384611717
CIDEC	127.0	122.185920986659
CIITA	763.0	947.6621848189312
CILK1	266.0	277.4557493311165
CILP	530.0	621.2353834644481
CILP2	780.0	974.459561532273
CINP	108.0	109.65183570664439
CIP2A	381.0	327.8984408685564
CIPC	170.0	196.05198917225871
CIR1	197.0	173.44819019986198
CIRBP	216.0	233.82630010813838
CISD1	38.0	39.817711300180996
CISD2	50.0	56.18172434616533
CISD3	53.0	76.20849528493491
CISH	118.0	169.41410485332113
CIT	948.0	1081.0749045013429
CITED1	54.0	67.82418248070859
CITED2	210.0	197.34323898932422
CITED4	167.0	141.37306635551175
CIZ1	448.0	470.6629678057703
CKAP2	293.0	273.15644985278794
CKAP2L	325.0	300.79109752930873
CKAP4	379.0	433.4869221264461
CKAP5	785.0	819.676801359456
CKB	250.0	296.01059047241523
CKLF	61.0	72.3160398739227
CKLF-CMTM1	85.0	91.41397998750718
CKM	215.0	217.63049061840084
CKMT1A	71.0	88.1698070626578
CKMT1B	54.0	83.88997158340855
CKMT2	206.0	220.6448602034251
CKS1B	24.0	33.0777528948258
CKS2	33.0	28.194862728525358
CLASP1	691.0	661.9633437366482
CLASP2	619.0	591.4202237147314
CLASRP	379.0	406.359064519384
CLBA1	160.0	196.31926582506048
CLC	68.0	60.70741930445669
CLCA1	396.0	396.7046727498218
CLCA2	421.0	384.7274217782857
CLCA4	362.0	362.6227759333154
CLCC1	217.0	232.53387545659282
CLCF1	115.0	145.17934970109116
CLCN1	485.0	551.9280311030368
CLCN2	471.0	606.8250760494016
CLCN3	322.0	354.2316089164383
CLCN4	277.0	299.2320076186666
CLCN5	222.0	237.6456220463312
CLCN6	444.0	544.8443741526107
CLCN7	560.0	677.0964717608317
CLCNKA	357.0	427.99452443338885
CLCNKB	358.0	418.91089586831936
CLDN1	99.0	125.43620708754277
CLDN10	114.0	126.39004715145866
CLDN11	116.0	132.86874952627468
CLDN12	140.0	120.13582254176721
CLDN14	136.0	207.4947662677041
CLDN15	149.0	147.81649575225248
CLDN16	116.0	116.21036029250189
CLDN17	134.0	111.0675075202569
CLDN18	125.0	133.75968540025914
CLDN19	117.0	151.9569018232076
CLDN2	70.0	74.15235150244789
CLDN20	104.0	114.54034368553516
CLDN22	86.0	121.52442172466164
CLDN23	291.0	302.6638434882807
CLDN24	103.0	108.67321326391658
CLDN25	117.0	119.54768629426641
CLDN3	145.0	186.0091844221004
CLDN34	71.0	67.4038979739333
CLDN4	152.0	214.15794180044782
CLDN5	156.0	167.3453714284173
CLDN6	144.0	164.70056793089213
CLDN7	117.0	135.0491044653076
CLDN8	107.0	110.10973996313348
CLDN9	162.0	253.65333851570938
CLDND1	107.0	101.51345237815916
CLDND2	113.0	129.16694896284264
CLEC10A	126.0	162.8267524101238
CLEC11A	220.0	226.28223292728694
CLEC12A	119.0	102.25078250139201
CLEC12B	110.0	112.53881221422974
CLEC14A	349.0	349.88219342007847
CLEC16A	673.0	771.134665949372
CLEC17A	168.0	158.26870534402576
CLEC18A	29.0	87.01992674039782
CLEC18B	16.0	129.37586976226623
CLEC18C	13.0	99.41715843206714
CLEC19A	89.0	91.84711401620065
CLEC1A	116.0	127.97814931661689
CLEC1B	112.0	100.63195586562017
CLEC20A	89.0	49.13793589635724
CLEC2A	74.0	65.64674699304334
CLEC2B	42.0	57.72827390238826
CLEC2D	77.0	69.98293584816743
CLEC2L	114.0	141.99150555319923
CLEC3A	110.0	111.96784572806571
CLEC3B	112.0	128.89034049058898
CLEC4A	89.0	101.8013455966636
CLEC4C	80.0	83.13216064376377
CLEC4D	85.0	76.19709132328096
CLEC4E	94.0	91.37318996522328
CLEC4F	245.0	264.0892080382232
CLEC4G	167.0	190.02446208387246
CLEC4M	155.0	198.51399390540325
CLEC5A	71.0	71.86011492779971
CLEC6A	92.0	80.09274605312672
CLEC7A	100.0	96.44379967272437
CLEC9A	111.0	101.94401887904702
CLGN	225.0	221.15626587622876
CLHC1	223.0	272.02913472326344
CLIC1	98.0	135.8468609965612
CLIC2	61.0	69.1782032522258
CLIC3	143.0	187.67366971251172
CLIC4	104.0	115.96200670886807
CLIC5	159.0	138.8628908510496
CLIC6	446.0	562.7185926923072
CLINT1	227.0	255.9923672254079
CLIP1	598.0	659.4969568970624
CLIP2	660.0	688.0318171453152
CLIP3	300.0	330.638502668839
CLIP4	306.0	313.3279701588378
CLK1	203.0	190.581069821319
CLK2	232.0	253.1468451399651
CLK3	252.0	284.11808482122655
CLK4	175.0	199.7810764845613
CLMN	466.0	538.6357774112246
CLMP	167.0	171.67997167888453
CLN3	256.0	256.0646163498381
CLN5	151.0	153.91832408647093
CLN6	201.0	255.89887735903343
CLN8	188.0	231.72730486403162
CLNK	198.0	170.54896672984668
CLNS1A	96.0	97.39037343772563
CLOCK	326.0	334.6708198024209
CLP1	162.0	202.72315476978872
CLPB	333.0	362.248900056455
CLPP	193.0	178.00880517216982
CLPS	61.0	58.141827867948734
CLPSL1	58.0	55.89644433540021
CLPSL2	67.0	46.16817739321987
CLPTM1	373.0	452.6829503704682
CLPTM1L	339.0	469.3147664124964
CLPX	248.0	248.7046254235505
CLRN1	104.0	107.4923415843595
CLRN2	140.0	137.0496250062802
CLRN3	118.0	135.12965592519924
CLSPN	534.0	547.8929343429837
CLSTN1	524.0	659.928202631123
CLSTN2	481.0	491.60392223072586
CLSTN3	481.0	596.2169465534159
CLTA	120.0	109.8766823660352
CLTB	102.0	145.87413515808163
CLTC	667.0	693.9027816085065
CLTCL1	752.0	782.1869636771222
CLTRN	58.0	49.57183901678992
CLU	235.0	259.8589592031018
CLUAP1	195.0	186.85903099173726
CLUH	999.0	1095.0943879249444
CLUL1	192.0	202.04860299371077
CLVS1	163.0	165.15732965209835
CLVS2	161.0	153.3000991615754
CLYBL	171.0	170.02720473823862
CMA1	152.0	126.79106429711199
CMAS	189.0	211.19265618293204
CMBL	106.0	110.2197644079213
CMC1	50.0	37.34478886711133
CMC2	37.0	27.507928218768843
CMC4	23.0	19.695564709282664
CMIP	538.0	637.0213337378419
CMKLR1	178.0	203.0652907578051
CMKLR2	158.0	159.61648397263124
CMPK1	106.0	89.42820823131112
CMPK2	299.0	339.4573098578478
CMSS1	115.0	106.46339329032139
CMTM1	169.0	177.22008117180818
CMTM2	117.0	132.84835183346237
CMTM3	109.0	124.43629786323139
CMTM4	106.0	123.65329820396896
CMTM5	98.0	137.31911023503022
CMTM6	99.0	85.09909246091962
CMTM7	87.0	98.78446686063751
CMTM8	87.0	88.13968367806471
CMTR1	366.0	402.8573836676473
CMTR2	326.0	330.70949288878114
CMYA5	1641.0	1740.5330460693538
CNBD1	182.0	168.11144099582538
CNBD2	229.0	242.5241325702795
CNBP	61.0	74.06745367607562
CNDP1	254.0	290.33218170343986
CNDP2	241.0	315.6860677840337
CNEP1R1	53.0	37.71789065241784
CNFN	66.0	60.18163977877436
CNGA1	249.0	290.19572736348954
CNGA2	217.0	214.12636051522702
CNGA3	394.0	415.0941606118749
CNGA4	293.0	368.85936902058774
CNGB1	623.0	694.2232519370663
CNGB3	333.0	322.3620579701111
CNIH1	69.0	46.112286663293126
CNIH2	74.0	87.84144650539533
CNIH3	68.0	81.77940022176392
CNIH4	67.0	58.13832324518471
CNKSR1	355.0	420.17608388645107
CNKSR2	275.0	275.9413654110252
CNKSR3	281.0	292.9790379990967
CNMD	167.0	150.88573605349646
CNN1	164.0	191.65864844982215
CNN2	165.0	209.16573388582103
CNN3	101.0	141.8243903646364
CNNM1	584.0	613.1718709773568
CNNM2	557.0	597.9133968990175
CNNM3	507.0	547.9055216615932
CNNM4	410.0	503.1558241532595
CNOT1	1022.0	1003.0480073323766
CNOT10	289.0	288.5220740175899
CNOT11	291.0	256.2514394666641
CNOT2	196.0	209.9514958921013
CNOT3	486.0	513.7831029193353
CNOT4	293.0	312.46317201760195
CNOT6	225.0	256.94307120512497
CNOT6L	193.0	220.62898476170736
CNOT7	128.0	144.32757253864276
CNOT8	101.0	120.79556690658814
CNOT9	120.0	145.12145720862415
CNP	237.0	266.3171407769316
CNPPD1	208.0	245.52202628527223
CNPY1	49.0	58.788797405151136
CNPY2	82.0	87.06235708362654
CNPY3	138.0	150.1997755988094
CNPY4	109.0	108.25078811602401
CNR1	271.0	296.87067906266014
CNR2	172.0	195.45837728437124
CNRIP1	91.0	82.33831262273853
CNST	332.0	348.9508684873476
CNTD1	128.0	146.53090466752204
CNTF	98.0	94.67502316837759
CNTFR	202.0	232.68213176327845
CNTLN	722.0	560.3700238116519
CNTN1	413.0	420.30477610729037
CNTN2	530.0	657.0927726376287
CNTN3	450.0	430.8617877094528
CNTN4	512.0	511.9668825683689
CNTN5	509.0	456.57036517746076
CNTN6	570.0	458.7731279830546
CNTNAP1	695.0	771.0050366095775
CNTNAP2	651.0	692.3422277668408
CNTNAP3	233.0	290.13706986096315
CNTNAP3B	103.0	259.0872406581168
CNTNAP3C	11.0	52.81968646658043
CNTNAP4	730.0	699.2365563978
CNTNAP5	672.0	599.3324179863735
CNTRL	900.0	937.467628685057
CNTROB	439.0	485.1255047891869
COA1	65.0	69.13368324032365
COA3	57.0	71.91376048162152
COA4	42.0	42.590591626507845
COA5	38.0	38.53869786067897
COA6	90.0	78.34608184034342
COA7	95.0	108.84976294210637
COA8	105.0	80.65740990199549
COASY	285.0	342.28678719393076
COBL	634.0	704.9360656433372
COBLL1	448.0	470.4889921411571
COCH	256.0	277.5969980552554
COG1	454.0	537.5354794524746
COG2	337.0	344.78869716729486
COG3	352.0	341.35656996066956
COG4	421.0	398.73104961460996
COG5	360.0	334.8044753629343
COG6	286.0	255.08018431011112
COG7	365.0	403.79774256973576
COG8	407.0	388.43212647049666
COIL	233.0	257.01529847225044
COL10A1	330.0	342.5903631973792
COL11A1	816.0	705.3303709564109
COL11A2	782.0	999.6655438826812
COL12A1	1369.0	1301.1576169453497
COL13A1	407.0	336.02014611233307
COL14A1	792.0	806.078277854569
COL15A1	659.0	690.8483460100225
COL16A1	740.0	879.6548578562239
COL17A1	721.0	805.685361119164
COL18A1	949.0	1093.3253353007576
COL19A1	509.0	435.93278259943054
COL1A1	749.0	846.4150566332003
COL1A2	655.0	588.7872715589559
COL20A1	864.0	961.9501580418348
COL21A1	456.0	354.19793239887224
COL22A1	891.0	848.0565977753392
COL23A1	320.0	330.68720722528315
COL24A1	685.0	650.0408836752571
COL25A1	279.0	270.5944330495892
COL26A1	266.0	250.3215060294051
COL27A1	1000.0	1107.1820205226684
COL28A1	552.0	572.9270608824146
COL2A1	708.0	761.3100990457922
COL3A1	650.0	637.7884133805978
COL4A1	839.0	929.9133257634408
COL4A2	897.0	1041.1086837415592
COL4A3	690.0	781.0560720064834
COL4A4	762.0	843.6355751590235
COL4A5	496.0	442.3500992305361
COL4A6	547.0	503.4307858961075
COL5A1	1012.0	1318.467055507024
COL5A2	625.0	636.1473078813733
COL5A3	937.0	937.909088867954
COL6A1	638.0	1070.4630081173766
COL6A2	793.0	1052.2489667238917
COL6A3	1650.0	1966.8599821773735
COL6A5	291.0	323.25541026027327
COL6A6	973.0	1002.0164811068785
COL7A1	1464.0	1857.0021563354358
COL8A1	367.0	379.1645308808899
COL8A2	466.0	500.6705642051379
COL9A1	466.0	390.51851910300667
COL9A2	353.0	373.3594805537892
COL9A3	494.0	585.9121895943609
COLCA2	116.0	133.50678078122422
COLEC10	125.0	120.2637025893401
COLEC11	163.0	214.69749153034226
COLEC12	350.0	383.49664510114616
COLGALT1	369.0	386.16615266824067
COLGALT2	295.0	315.62191269732807
COLQ	217.0	226.31830135191774
COMMD1	97.0	89.07760195068394
COMMD10	110.0	73.95877471093699
COMMD2	98.0	94.62509767752061
COMMD3	108.0	99.87053680833228
COMMD3-BMI1	212.0	210.299590546513
COMMD4	108.0	113.59558479777348
COMMD5	127.0	158.69720257026344
COMMD6	43.0	36.26355510744084
COMMD7	80.0	80.2583891882323
COMMD8	79.0	74.17231232707547
COMMD9	99.0	97.22289470997315
COMP	438.0	498.5200519730956
COMT	150.0	195.734935846095
COMTD1	160.0	197.84381748302894
COP1	347.0	334.5040305459514
COPA	462.0	540.3995939469934
COPB1	378.0	387.81716894375927
COPB2	332.0	361.8323358231015
COPE	195.0	199.47238381204207
COPG1	406.0	432.91014860496114
COPG2	229.0	195.04130077142702
COPRS	81.0	82.15767472761914
COPS2	179.0	153.76372166435894
COPS3	187.0	182.23763734677027
COPS4	185.0	155.00077647181723
COPS5	122.0	130.68942380140575
COPS6	179.0	178.503275903971
COPS7A	139.0	164.49337145314178
COPS7B	119.0	139.76484984241378
COPS8	81.0	94.79461765964338
COPS9	39.0	33.455248475655196
COPZ1	74.0	78.27339621263232
COPZ2	89.0	89.92165632160305
COQ10A	132.0	124.93849972223279
COQ10B	115.0	104.71542733658713
COQ2	206.0	168.64854084153058
COQ3	173.0	146.67110722165916
COQ4	197.0	167.99411555500174
COQ5	141.0	152.2078381959461
COQ6	206.0	230.80681804893797
COQ7	125.0	119.43889277485277
COQ8A	371.0	457.5160423201974
COQ8B	252.0	318.6467876809299
COQ9	155.0	165.39876144152257
CORIN	450.0	479.29376191920414
CORO1A	273.0	319.0897025759468
CORO1B	310.0	348.1346156545221
CORO1C	181.0	224.2722654918615
CORO2A	273.0	278.5030621974281
CORO2B	242.0	271.3112293131664
CORO6	233.0	322.4005496753165
CORO7	603.0	648.76927567515
CORO7-PAM16	675.0	728.8757763915894
CORT	72.0	66.0451767848323
COTL1	112.0	114.18355321918938
COX10	222.0	258.02277766605283
COX11	131.0	142.2618780178358
COX14	25.0	25.24831094832391
COX15	188.0	193.62016417368844
COX16	46.0	38.76690355998455
COX17	26.0	32.36033622549298
COX18	177.0	162.37379873081497
COX19	51.0	45.09193958968776
COX20	56.0	55.50631566217183
COX4I1	100.0	96.98133923883123
COX4I2	80.0	77.62260114605296
COX5A	73.0	74.38466168046926
COX5B	65.0	61.229146369367896
COX6A1	81.0	69.6289301421499
COX6A2	63.0	47.709083861154554
COX6B1	30.0	39.351285392759095
COX6B2	56.0	57.02897853619831
COX6C	32.0	31.163281777983197
COX7A1	41.0	47.777072088375554
COX7A2	30.0	28.363308920860643
COX7A2L	65.0	75.33984562124755
COX7B	19.0	21.052104850877054
COX7B2	37.0	31.707418208121183
COX7C	24.0	27.863785037460516
COX8A	53.0	50.82417078720543
COX8C	46.0	44.65996069382562
CP	440.0	439.73946464107075
CPA1	203.0	252.7765189440747
CPA2	183.0	195.94890656279185
CPA3	179.0	166.38263896476252
CPA4	215.0	222.99958151110638
CPA5	198.0	230.93506327281548
CPA6	185.0	168.34658886055118
CPAMD8	966.0	1099.1754909303415
CPB1	189.0	191.11595486213602
CPB2	189.0	163.53822305599132
CPD	651.0	608.7294507414089
CPE	226.0	241.05623809318945
CPEB1	262.0	283.4942209222695
CPEB2	764.0	760.5204411421153
CPEB3	376.0	381.85806719631654
CPEB4	302.0	352.4512251427398
CPED1	462.0	417.6758127485176
CPHXL	73.0	44.263983603561144
CPLANE1	1212.0	1300.8685789501828
CPLANE2	132.0	160.9359075896541
CPLX1	91.0	108.36245646675975
CPLX2	89.0	84.13113004624353
CPLX3	75.0	87.37811900662729
CPLX4	55.0	55.22543984838992
CPM	195.0	185.8807784132854
CPN1	224.0	240.23482031872283
CPN2	336.0	429.773382013776
CPNE1	237.0	262.41016570207995
CPNE2	294.0	302.67916979579627
CPNE3	219.0	198.93515754870495
CPNE4	242.0	245.72598732632937
CPNE5	313.0	353.4305246723853
CPNE6	296.0	348.9588549964521
CPNE7	468.0	463.7119722606692
CPNE8	252.0	196.580390767543
CPNE9	256.0	318.4061158304391
CPO	178.0	163.3249148834089
CPOX	249.0	256.93622076127815
CPPED1	198.0	239.2336097562719
CPQ	186.0	197.22619073382583
CPS1	637.0	656.2888905830524
CPSF1	1024.0	1281.7904398710386
CPSF2	286.0	316.45180242386556
CPSF3	275.0	285.3731833352973
CPSF4	132.0	146.33307629668326
CPSF4L	72.0	85.37416410918684
CPSF6	248.0	238.64715317363334
CPSF7	202.0	206.96058334335098
CPT1A	363.0	398.3723556360288
CPT1B	398.0	479.36036965573913
CPT1C	469.0	494.889581969667
CPT2	319.0	334.6105671923607
CPTP	166.0	265.72792941719484
CPVL	195.0	211.46007021307176
CPXCR1	70.0	75.22699541342104
CPXM1	403.0	527.6407973962353
CPXM2	388.0	449.984712418224
CPZ	551.0	580.116112218892
CR1	576.0	756.7898749666263
CR1L	279.0	262.573050237867
CR2	484.0	488.228120541872
CRABP1	72.0	81.82568593267641
CRABP2	76.0	74.17834570803481
CRACD	754.0	817.9295037635213
CRACDL	618.0	658.3556570774405
CRACR2A	338.0	425.33306452080956
CRACR2B	277.0	338.13359074984317
CRADD	118.0	114.12853889168338
CRAMP1	866.0	1009.4278608166908
CRAT	321.0	396.0310749975457
CRB1	625.0	632.1414435761786
CRB2	907.0	986.9372012754039
CRB3	74.0	84.28865434499406
CRBN	208.0	191.72572295265508
CRCP	53.0	60.770168899703506
CRCT1	86.0	54.237798984345154
CREB1	123.0	142.9882308467414
CREB3	187.0	202.2328388898166
CREB3L1	284.0	260.5037228680268
CREB3L2	268.0	292.3393341964633
CREB3L3	273.0	302.58148627800864
CREB3L4	175.0	195.8078177599012
CREB5	238.0	253.4279357961202
CREBBP	1458.0	1540.854316582731
CREBL2	42.0	48.406522658937874
CREBRF	229.0	272.9822522067405
CREBZF	270.0	297.03192107764454
CREG1	141.0	134.19052001802856
CREG2	174.0	161.70907290611564
CRELD1	222.0	240.49516318075766
CRELD2	220.0	249.58967794396614
CREM	124.0	121.08307017542376
CRH	155.0	121.44752209983736
CRHBP	154.0	167.5739253294181
CRHR1	195.0	252.12969664245213
CRHR2	213.0	239.72329812448984
CRIM1	590.0	582.967832260632
CRIP1	41.0	55.35813230592827
CRIP2	177.0	201.02747705691826
CRIP3	89.0	100.87846166655265
CRIPT	42.0	41.942867425474574
CRISP1	103.0	97.268537698014
CRISP2	111.0	100.58919842702245
CRISP3	117.0	104.48132482208021
CRISPLD1	195.0	183.74916668031963
CRISPLD2	317.0	349.73980997716615
CRK	153.0	170.25566935952804
CRKL	188.0	170.00638805753397
CRLF1	256.0	284.14900167577656
CRLF2	175.0	148.30954464670137
CRLF3	238.0	190.00131975992963
CRLS1	135.0	172.6068017282237
CRMP1	439.0	548.2478019851723
CRNKL1	267.0	284.67681374710014
CRNN	240.0	240.39555211865462
CROCC	1205.0	1210.6891854748842
CROCC2	924.0	1153.0872103306906
CROT	212.0	228.71868619259394
CRP	130.0	118.35880554185897
CRPPA	250.0	213.81681756625758
CRTAC1	348.0	400.7483136788309
CRTAM	159.0	177.2647793825427
CRTAP	243.0	220.20999662572493
CRTC1	416.0	489.29384048707385
CRTC2	330.0	402.8234762882369
CRTC3	377.0	354.9060598615977
CRX	179.0	207.68994766405584
CRY1	248.0	245.5122244264289
CRY2	303.0	324.32655783734793
CRYAA	5.0	38.9256879256873
CRYAA2	5.0	25.915155247965725
CRYAB	93.0	92.53990900382449
CRYBA1	111.0	90.1577140561772
CRYBA2	101.0	136.63594232658642
CRYBA4	102.0	103.4457978303291
CRYBB1	127.0	136.57202031770353
CRYBB2	98.0	99.97088590343195
CRYBB3	106.0	116.62050003412409
CRYBG1	1023.0	1085.1050951145555
CRYBG2	852.0	967.5065399389232
CRYBG3	1132.0	1226.1405833227886
CRYGA	97.0	95.59141936608161
CRYGB	81.0	89.62148685564189
CRYGC	96.0	100.92243016502742
CRYGD	77.0	100.99249241798154
CRYGN	84.0	106.34105867757935
CRYGS	67.0	84.31356865294137
CRYL1	152.0	167.23853290302617
CRYM	153.0	149.06821541228956
CRYZ	137.0	136.3885907157841
CRYZL1	125.0	127.47834069947358
CS	159.0	190.3229196562895
CSAD	245.0	263.4077928652795
CSAG1	21.0	20.43172812053249
CSAG2	0.0	16.392539616144198
CSAG3	4.0	26.77161249640168
CSDC2	96.0	101.24927730197535
CSDE1	322.0	321.7763103903508
CSE1L	402.0	391.5941827173518
CSF1	305.0	309.815231148671
CSF1R	523.0	572.4891501937879
CSF2	66.0	82.8043529778334
CSF2RA	222.0	201.36422311199155
CSF2RB	507.0	591.8137034863032
CSF3	125.0	122.62320752391136
CSF3R	384.0	487.07522123188943
CSGALNACT1	341.0	357.99206178160836
CSGALNACT2	196.0	219.38267694996486
CSH1	72.0	116.57654503164729
CSH2	64.0	110.3403699947155
CSHL1	157.0	135.65872373770225
CSK	237.0	285.50257553527706
CSKMT	142.0	129.9582147166354
CSMD1	2862.0	2256.2731011259884
CSMD2	1828.0	2123.8044906764003
CSMD3	1656.0	1509.009890947387
CSN1S1	78.0	58.867367457360956
CSN2	131.0	94.4248823152164
CSN3	88.0	77.17892384426548
CSNK1A1	137.0	149.84405234400472
CSNK1A1L	152.0	154.862668766187
CSNK1D	276.0	329.7715806837643
CSNK1E	241.0	277.5652958606066
CSNK1G1	179.0	198.90699157676423
CSNK1G2	337.0	360.23981880791933
CSNK1G3	158.0	151.40062678006092
CSNK2A1	124.0	174.91730537288018
CSNK2A2	141.0	150.34418118923023
CSNK2A3	152.0	241.29089253092786
CSNK2B	89.0	106.33280198309544
CSNKA2IP	250.0	317.14482922170146
CSPG4	1234.0	1753.3359065639756
CSPG5	295.0	333.7287612098978
CSPP1	472.0	434.8204782496928
CSRNP1	305.0	364.44418473504385
CSRNP2	248.0	276.5358373917547
CSRNP3	263.0	285.83071760199164
CSRP1	97.0	102.25499071020435
CSRP2	87.0	82.97367992139974
CSRP3	105.0	104.11596994841175
CST1	95.0	80.4998856371273
CST11	64.0	63.808802879830324
CST2	105.0	80.5975173055298
CST3	96.0	90.19568004565059
CST4	93.0	79.60884546136738
CST5	81.0	76.3058168005898
CST6	100.0	86.4779490166701
CST7	75.0	80.84888873996047
CST8	77.0	70.1021340447278
CST9	71.0	81.15609778694208
CST9L	78.0	70.31370509545772
CSTA	36.0	39.17725412833568
CSTB	56.0	58.703522619040484
CSTF1	218.0	238.30506575981252
CSTF2	155.0	167.96698411024525
CSTF2T	291.0	302.22106812393946
CSTF3	252.0	263.2920679750743
CSTL1	72.0	70.21027677977747
CT45A10	28.0	24.33377242131435
CT47A6	6.0	2.9191473941985175
CT47B1	228.0	132.3826794100157
CT55	43.0	48.18162395932684
CT83	35.0	34.34121196297983
CTAG2	63.0	76.65179152656876
CTAGE1	332.0	312.7538431849832
CTAGE15	11.0	169.33734293391706
CTAGE4	6.0	135.2240966810676
CTAGE6	10.0	137.56776751555358
CTAGE8	12.0	113.9662484488051
CTAGE9	107.0	274.8127626522213
CTBP1	326.0	405.29484233277753
CTBP2	594.0	842.0464496983507
CTBS	143.0	155.67731322573894
CTC1	606.0	681.7044586915753
CTCF	374.0	307.27231883205206
CTCFL	324.0	338.64495378440546
CTDNEP1	123.0	134.13266838083527
CTDP1	656.0	853.1114055246608
CTDSP1	185.0	193.96048108995657
CTDSP2	134.0	147.83057558861793
CTDSPL	110.0	143.46999284661604
CTDSPL2	186.0	167.62418795023035
CTF1	133.0	127.43270356798179
CTH	156.0	168.60740198529632
CTHRC1	109.0	109.81528557614357
CTIF	345.0	383.10856276774956
CTLA4	100.0	116.5409832208121
CTNNA1	404.0	435.06155626281355
CTNNA2	450.0	454.65952576395495
CTNNA3	431.0	357.49711130303604
CTNNAL1	286.0	288.8336020079249
CTNNB1	312.0	350.5165453109522
CTNNBIP1	58.0	45.932033318543894
CTNNBL1	240.0	265.4030317655578
CTNND1	420.0	432.65997926654325
CTNND2	751.0	780.9586853977709
CTNS	187.0	248.58031455095042
CTPS1	267.0	261.9812279998747
CTPS2	151.0	169.51885029850894
CTR9	476.0	523.4390142936943
CTRB1	92.0	149.44413443275812
CTRB2	98.0	140.33112156221483
CTRC	119.0	165.45445540739078
CTRL	155.0	171.52716222337443
CTSA	225.0	277.9330494079218
CTSB	320.0	250.0850464697148
CTSC	232.0	197.12064302161187
CTSD	270.0	371.9021189831132
CTSE	205.0	217.12320448756935
CTSF	256.0	248.9930091518514
CTSG	140.0	139.57268646720138
CTSH	174.0	157.94362272486757
CTSK	132.0	137.36073579642425
CTSL	129.0	139.7096835162743
CTSO	156.0	149.44950163617546
CTSS	126.0	134.35463644232834
CTSV	154.0	151.00639675889704
CTSW	191.0	202.57674072380996
CTSZ	168.0	203.55431892715475
CTTN	301.0	319.29849154951984
CTTNBP2	767.0	777.5154031168441
CTTNBP2NL	298.0	286.50193599453803
CTU1	295.0	241.59402411682507
CTU2	482.0	431.3547090044681
CTXN1	67.0	60.66098156344213
CTXN2	38.0	35.48341458789911
CTXN3	48.0	40.61690937204751
CTXND1	13.0	7.115772418549713
CTXND2	7.0	5.253368779198709
CUBN	1684.0	1725.6352288869107
CUEDC1	223.0	246.1467680553647
CUEDC2	133.0	165.35911282466054
CUL1	332.0	365.2938315879479
CUL2	279.0	281.8769655691836
CUL3	351.0	315.7055234102693
CUL4A	380.0	399.8913656319165
CUL4B	237.0	220.04213703476367
CUL5	334.0	282.017313343763
CUL7	824.0	1023.0010834525826
CUL9	1186.0	1412.9410627165976
CUTA	99.0	112.61718040214767
CUTC	114.0	114.34643358416746
CUX1	879.0	923.6629838096679
CUX2	827.0	931.9482487693961
CUZD1	238.0	275.02355062253025
CWC15	92.0	78.5598024296765
CWC22	360.0	324.7414996240181
CWC25	151.0	177.94098883382088
CWC27	175.0	158.64805931587992
CWF19L1	209.0	222.9870689476907
CWF19L2	351.0	323.90159364663236
CWH43	323.0	316.21764141860876
CX3CL1	255.0	307.5932100766492
CX3CR1	168.0	198.19660628447798
CXADR	150.0	156.6165246008084
CXCL1	78.0	77.35965119048237
CXCL10	35.0	34.439930803387504
CXCL11	35.0	31.95985614991839
CXCL12	54.0	50.71857302847137
CXCL13	47.0	41.103514504316294
CXCL14	55.0	58.18288562070045
CXCL16	123.0	162.7775295528971
CXCL17	52.0	53.894112888324884
CXCL2	68.0	52.32381948848197
CXCL3	61.0	64.97469530108901
CXCL5	67.0	63.103411662980214
CXCL6	82.0	73.65020627264592
CXCL8	41.0	38.12883662481621
CXCL9	43.0	43.899668594236
CXCR1	180.0	216.09023733314456
CXCR2	203.0	228.82167612449624
CXCR3	136.0	153.05231372741875
CXCR4	155.0	187.5650210616837
CXCR5	218.0	281.17238272826387
CXCR6	171.0	168.64283902894982
CXXC1	371.0	408.6517196895932
CXXC4	252.0	246.60768961254746
CXXC5	171.0	245.49679053692395
CXorf38	100.0	93.82185129090367
CXorf58	87.0	76.42054268993876
CXorf65	54.0	53.3495088845374
CXorf66	98.0	105.63610836923658
CYB561	165.0	206.50933179231112
CYB561A3	131.0	132.98529530135872
CYB561D1	133.0	116.36699245017199
CYB561D2	135.0	148.59707987800513
CYB5A	62.0	74.66077348602713
CYB5B	69.0	70.21004983029074
CYB5D1	128.0	147.27794815511015
CYB5D2	170.0	179.48720211223403
CYB5R1	159.0	166.27510342267718
CYB5R2	169.0	152.09644190913684
CYB5R3	181.0	196.3077933881052
CYB5R4	197.0	184.15895497135983
CYB5RL	141.0	150.88815292338765
CYBA	164.0	150.32020153198465
CYBB	183.0	162.25026739351696
CYBC1	112.0	138.78098543667394
CYBRD1	146.0	151.41988351285477
CYC1	224.0	225.75423809505637
CYCS	41.0	52.5693134032673
CYFIP1	663.0	762.3982093942988
CYFIP2	585.0	653.5968400605839
CYGB	93.0	137.22575428911006
CYHR1	236.0	234.5669228837393
CYLC1	185.0	155.58220333634114
CYLC2	158.0	164.0859410420328
CYLD	385.0	387.0926290464325
CYP11A1	245.0	293.75082259599657
CYP11B1	291.0	347.69117766025715
CYP11B2	290.0	343.76826740674994
CYP17A1	263.0	249.10323180040544
CYP19A1	212.0	193.39737271663168
CYP1A1	280.0	283.2722543659014
CYP1A2	288.0	309.23066114468685
CYP1B1	375.0	384.5798245374078
CYP20A1	193.0	172.8647495509023
CYP21A2	130.0	296.28913719149097
CYP24A1	267.0	266.0633070861139
CYP26A1	277.0	328.46530951944527
CYP26B1	321.0	413.9334389868785
CYP26C1	362.0	357.1113041802952
CYP27A1	274.0	333.84425357734045
CYP27B1	292.0	309.8340914903743
CYP27C1	199.0	243.4693356832282
CYP2A13	269.0	277.9236746937189
CYP2A6	238.0	258.0935655313367
CYP2A7	260.0	264.73424952819204
CYP2B6	239.0	244.34450899032453
CYP2C18	236.0	206.78781354824036
CYP2C19	253.0	200.29732892447007
CYP2C8	218.0	208.26111693535373
CYP2C9	265.0	200.78097838335339
CYP2D6	346.0	323.17635647542255
CYP2D7	24.0	25.567796911171662
CYP2E1	244.0	321.7371111025524
CYP2F1	235.0	271.7128155994671
CYP2J2	221.0	237.5971736469196
CYP2R1	234.0	237.01709414137017
CYP2S1	283.0	321.07065185563124
CYP2U1	296.0	267.12614246374824
CYP2W1	383.0	428.7453079901997
CYP39A1	209.0	187.31505301938924
CYP3A4	179.0	206.92275650725196
CYP3A43	191.0	198.4813475266469
CYP3A5	196.0	219.0474787903288
CYP3A7	180.0	204.15482788145576
CYP3A7-CYP3A51P	178.0	204.547053687353
CYP46A1	268.0	297.4648571262486
CYP4A11	228.0	266.28929456000066
CYP4A22	193.0	267.5061930967061
CYP4B1	248.0	278.6414277305034
CYP4F11	290.0	295.066575377777
CYP4F12	263.0	292.28042808722205
CYP4F2	287.0	276.2843310051478
CYP4F22	258.0	302.744951430968
CYP4F3	244.0	290.2903516427258
CYP4F8	288.0	298.8596005240615
CYP4V2	239.0	258.5159737290011
CYP4X1	227.0	244.81864559430448
CYP4Z1	163.0	200.61164469949924
CYP51A1	181.0	214.02285843263292
CYP7A1	227.0	213.75947940010684
CYP7B1	235.0	203.97829639632977
CYP8B1	221.0	285.1773574515752
CYREN	76.0	91.42120743431113
CYRIA	117.0	142.24050541298485
CYRIB	131.0	124.63379981728735
CYS1	88.0	91.34237502742809
CYSLTR1	110.0	92.16249050578199
CYSLTR2	179.0	161.2973267935699
CYSRT1	75.0	113.00426033721888
CYSTM1	36.0	43.74507255957536
CYTH1	174.0	212.91031755836144
CYTH2	221.0	266.47544296740875
CYTH3	249.0	315.52838030788155
CYTH4	186.0	237.95368853105015
CYTIP	162.0	164.52721498327833
CYTL1	91.0	79.56609750809591
CYYR1	80.0	78.4158861157702
CZIB	78.0	77.67761325743233
D2HGDH	364.0	419.36255988272615
DAAM1	452.0	432.911690757743
DAAM2	488.0	537.0055408784141
DAB1	235.0	252.78317047392508
DAB2	345.0	356.5357899898831
DAB2IP	755.0	873.5305219569533
DACH1	386.0	391.6880458674003
DACH2	195.0	170.75510394585245
DACT1	545.0	500.5876141626035
DACT2	463.0	680.3136308439888
DACT3	454.0	464.1139559499205
DAD1	60.0	70.78891508963409
DAG1	495.0	581.0166553003916
DAGLA	578.0	765.1783672649227
DAGLB	414.0	500.3050251924855
DALRD3	347.0	366.34815109020604
DAND5	95.0	111.31042899130145
DAO	160.0	169.74721858658086
DAOA	75.0	63.229063073572085
DAP	47.0	54.37180947811773
DAP3	170.0	161.9347444576883
DAPK1	690.0	844.1954838611628
DAPK2	174.0	229.30905124441082
DAPK3	341.0	395.3137113346344
DAPL1	51.0	39.36195913929038
DAPP1	113.0	99.87494158859982
DARS1	203.0	155.27595845493934
DARS2	250.0	261.8170681980855
DAW1	190.0	189.6490709729362
DAXX	357.0	447.12422671048586
DAZ2	1.0	1.3963593477352905
DAZAP1	235.0	291.9569589972013
DAZAP2	69.0	74.24740697438492
DAZL	122.0	130.22627514053625
DBF4	213.0	235.29836158615572
DBF4B	257.0	292.7395180628752
DBH	343.0	461.7885517911638
DBI	37.0	37.17801810335173
DBN1	381.0	505.6071379917209
DBNDD1	105.0	129.60940599882778
DBNDD2	94.0	85.23391682597716
DBNL	197.0	237.97800925034866
DBP	213.0	255.62325282580008
DBR1	235.0	235.09806823413868
DBT	181.0	181.0655821247343
DBX1	241.0	277.71429845001444
DBX2	255.0	174.34792612880267
DCAF1	617.0	640.5608091260948
DCAF10	291.0	269.6242010906987
DCAF11	258.0	277.72071708845243
DCAF12	196.0	215.55029744330557
DCAF12L1	218.0	198.0753123800238
DCAF12L2	195.0	191.9613138855351
DCAF13	173.0	172.89437551972773
DCAF15	376.0	462.51198919246184
DCAF16	111.0	100.94061956746022
DCAF17	206.0	204.45225753736761
DCAF4	243.0	265.0734851681336
DCAF4L1	252.0	236.03084597741045
DCAF4L2	251.0	256.7338782584621
DCAF5	433.0	521.8007581593506
DCAF6	371.0	378.8889199762629
DCAF7	143.0	178.9370239068858
DCAF8	230.0	276.8451405754894
DCAF8L1	217.0	194.88858272218764
DCAF8L2	200.0	186.08453816273502
DCAKD	130.0	152.71415494769255
DCANP1	139.0	137.0318204973572
DCBLD1	380.0	373.462792697784
DCBLD2	354.0	324.03357254053526
DCC	709.0	631.1625983493274
DCD	64.0	52.466031418743185
DCDC1	700.0	653.558002852116
DCDC2	234.0	237.79800801184712
DCDC2B	181.0	183.4661043032302
DCDC2C	187.0	221.32533987431916
DCHS1	1828.0	2244.0592251509484
DCHS2	1740.0	1872.021032815916
DCK	108.0	97.30396423701794
DCLK1	369.0	369.821212054517
DCLK2	407.0	404.2696941937565
DCLK3	426.0	412.3278176191161
DCLRE1A	416.0	450.7168524814047
DCLRE1B	258.0	268.1033614505613
DCLRE1C	337.0	303.3408105785389
DCN	163.0	163.16389335251154
DCP1A	285.0	284.93980080887815
DCP1B	267.0	328.54481557921656
DCP2	197.0	188.09139892502816
DCPS	185.0	267.6272656228383
DCST1	364.0	395.0019089979466
DCST2	354.0	435.12750722450716
DCSTAMP	245.0	233.63907323459793
DCT	244.0	250.5139879660577
DCTD	71.0	92.91664785313768
DCTN1	653.0	692.5694264685437
DCTN2	168.0	170.05373192236166
DCTN3	81.0	95.90655245321517
DCTN4	199.0	210.9368593277135
DCTN5	67.0	83.35195684906687
DCTN6	64.0	79.32726655548399
DCTPP1	85.0	98.99583714508574
DCUN1D1	82.0	94.42634600022166
DCUN1D2	121.0	131.86674807821765
DCUN1D3	120.0	161.51715539104453
DCUN1D4	121.0	116.36352546485507
DCUN1D5	93.0	110.14175057521334
DCX	103.0	115.64440977818454
DCXR	161.0	193.45853295652975
DDA1	52.0	52.98036482341481
DDAH1	153.0	142.57068513979144
DDAH2	151.0	220.05857681889105
DDB1	580.0	549.4400182829646
DDB2	176.0	215.90699452356165
DDC	232.0	247.38242385810102
DDHD1	442.0	461.1244220220176
DDHD2	271.0	278.51664008963735
DDI1	221.0	236.74032010630035
DDI2	205.0	196.77823351977204
DDIAS	355.0	382.97602346856104
DDIT3	93.0	78.63823516872908
DDIT4	152.0	184.34363834662554
DDIT4L	82.0	84.57604968470444
DDN	425.0	518.2490362035211
DDO	180.0	168.2957742987563
DDOST	275.0	272.08984349895866
DDR1	458.0	579.6546378080685
DDR2	382.0	383.11903368717935
DDRGK1	171.0	182.79321863077723
DDT	11.0	10.344461680743363
DDTL	21.0	17.15585183979127
DDX1	295.0	292.52296715963416
DDX10	351.0	357.9424578674288
DDX11	347.0	471.87556969376067
DDX17	339.0	342.2802557404733
DDX18	268.0	269.39280928251526
DDX19A	206.0	215.26814174191784
DDX19B	187.0	211.81421378865446
DDX20	357.0	343.017113960052
DDX21	294.0	305.71178302268504
DDX23	352.0	384.6175520332728
DDX24	395.0	415.1238448273642
DDX25	211.0	222.98094844611919
DDX27	329.0	370.0641758198856
DDX28	370.0	332.6720440397438
DDX31	362.0	391.6887836487295
DDX39A	234.0	285.43583504694243
DDX39B	174.0	212.07602915751238
DDX3X	192.0	182.22353468745965
DDX3Y	47.0	42.944836599883786
DDX4	259.0	266.1016679339148
DDX41	381.0	432.24225969505164
DDX42	402.0	412.7732683558083
DDX43	291.0	258.9680406185538
DDX46	415.0	393.3399496541164
DDX47	197.0	216.6391845011165
DDX49	269.0	298.87089187257135
DDX5	350.0	266.63683553205766
DDX50	264.0	271.01294845429504
DDX51	545.0	529.6330321196433
DDX52	231.0	232.4178411668875
DDX53	179.0	172.37915986021835
DDX54	514.0	560.069451963344
DDX55	268.0	295.5011494269135
DDX56	273.0	289.81541790397
DDX58	333.0	364.1000471886112
DDX59	255.0	255.35817549499728
DDX6	207.0	198.20670158071147
DDX60	703.0	674.490475722128
DDX60L	706.0	678.2796814163838
DEAF1	385.0	412.36258198121135
DECR1	148.0	139.27491696421131
DECR2	224.0	233.4983534569928
DEDD	152.0	174.11387867318726
DEDD2	211.0	228.17523263313046
DEF6	300.0	352.4307067731542
DEF8	265.0	318.8494023332805
DEFA3	3.0	42.892494600435995
DEFA4	77.0	65.36095924814653
DEFA5	52.0	55.89955531679375
DEFA6	74.0	64.4474756058828
DEFB1	56.0	42.26928627091181
DEFB104B	0.0	7.37590274808632
DEFB105A	4.0	7.361989598398547
DEFB105B	4.0	1.2433425475062934
DEFB106A	1.0	15.280290414223753
DEFB106B	0.0	21.961157533251654
DEFB107A	0.0	9.645941955451875
DEFB108B	25.0	25.917722466578397
DEFB110	29.0	21.233395393682606
DEFB112	40.0	31.727388460289806
DEFB113	42.0	29.160302005199785
DEFB114	35.0	23.40500551475505
DEFB115	62.0	39.10917885875204
DEFB116	56.0	41.05456699448237
DEFB118	63.0	53.85333983342686
DEFB119	29.0	34.92346413141433
DEFB121	39.0	31.491469231335202
DEFB123	22.0	29.762208515846638
DEFB124	38.0	37.36710699655712
DEFB125	79.0	74.30012098864135
DEFB126	52.0	52.237166042881405
DEFB127	37.0	43.85036109798313
DEFB128	59.0	43.88627608400736
DEFB129	76.0	80.45982219865292
DEFB130A	1.0	2.0465481756620574
DEFB131A	34.0	23.096584136056663
DEFB131B	26.0	24.312287641970077
DEFB132	54.0	55.04819585423311
DEFB134	33.0	26.654764247182705
DEFB135	51.0	39.71931526780341
DEFB136	47.0	47.16541474255055
DEFB4A	0.0	7.698019454355872
DEGS1	134.0	143.13913461736178
DEGS2	218.0	353.62197830916364
DEK	160.0	180.51954504976237
DELE1	264.0	260.52487403447043
DENND10	125.0	155.26173292941505
DENND11	238.0	256.2348333867287
DENND1A	570.0	698.4770304968894
DENND1B	337.0	326.19307476991133
DENND1C	384.0	458.65567784965106
DENND2A	522.0	554.8605902775744
DENND2B	588.0	697.5396958264254
DENND2C	329.0	361.25974925561695
DENND2D	219.0	230.45418415440886
DENND3	693.0	862.5518044578713
DENND4A	686.0	715.7087106710877
DENND4B	753.0	872.0852690155759
DENND4C	871.0	1027.2517995032417
DENND5A	605.0	647.5594996395245
DENND5B	551.0	546.530187046087
DENND6A	257.0	225.75680047062963
DENND6B	357.0	413.86895776955134
DENR	78.0	66.76203477065312
DEPDC1	255.0	293.7325256874461
DEPDC1B	226.0	223.03660261033073
DEPDC4	201.0	231.88931772251843
DEPDC5	733.0	752.1191039131958
DEPDC7	185.0	194.14336436235254
DEPP1	117.0	137.62334791731678
DEPTOR	195.0	201.53590083814066
DERA	139.0	153.21297885301874
DERL1	124.0	122.63780834590975
DERL2	111.0	111.85409380157975
DERL3	145.0	143.82159574974864
DERPC	185.0	206.87603476533857
DES	259.0	297.0048212749689
DESI1	92.0	90.03186398159067
DESI2	71.0	91.27717698227943
DET1	315.0	365.12650203675406
DEUP1	214.0	204.52115636793022
DEXI	71.0	89.39505939619264
DFFA	158.0	189.94339006909848
DFFB	170.0	229.39435751140928
DGAT1	290.0	348.6633823724365
DGAT2	191.0	181.24894632789562
DGAT2L6	100.0	93.93033120899152
DGCR2	340.0	362.36381268511593
DGCR6	3.0	6.169803377115662
DGCR6L	104.0	145.83714388655494
DGCR8	399.0	470.4791918817424
DGKA	296.0	332.75984029935864
DGKB	398.0	321.43848805771495
DGKD	693.0	792.3372212592307
DGKE	291.0	267.17485162411566
DGKG	346.0	407.82437827563433
DGKH	536.0	537.9953718780285
DGKI	469.0	494.96849218660924
DGKK	368.0	364.5002047244627
DGKQ	736.0	855.7548370397758
DGKZ	442.0	544.5035900041555
DGLUCY	325.0	340.1562409660981
DGUOK	145.0	125.40248700564423
DHCR24	261.0	311.47034041902344
DHCR7	298.0	342.4146446575561
DHDDS	151.0	167.44566472595145
DHDH	201.0	193.20365195611987
DHFR	49.0	74.27499002567323
DHFR2	87.0	75.40432605251047
DHH	289.0	264.96612862634123
DHODH	222.0	228.8997805951342
DHPS	250.0	223.54427613086625
DHRS1	133.0	179.79783631911988
DHRS11	123.0	140.28870153476754
DHRS12	150.0	130.45846423616763
DHRS13	206.0	224.8610511662329
DHRS2	164.0	182.61875730920337
DHRS3	165.0	202.95874015997856
DHRS4	144.0	154.0462287857686
DHRS4L2	141.0	128.89304414538546
DHRS7	158.0	173.9663984375037
DHRS7B	142.0	174.88287487351096
DHRS7C	158.0	175.48586769028384
DHRS9	134.0	145.64919605852558
DHRSX	201.0	182.76785159284518
DHTKD1	462.0	576.0784071453437
DHX15	338.0	351.13868184656934
DHX16	440.0	559.1485952582553
DHX29	530.0	517.4839291895963
DHX30	697.0	894.9449410757754
DHX32	310.0	336.91359221264287
DHX33	358.0	426.3455523571668
DHX34	688.0	770.2948694748575
DHX35	331.0	316.2609095964108
DHX36	425.0	397.83745338462273
DHX37	634.0	778.1086963199414
DHX38	650.0	728.7659287643276
DHX40	226.0	273.70959614153554
DHX57	704.0	607.1843743638992
DHX58	350.0	391.258558536607
DHX8	533.0	532.5827784019518
DHX9	529.0	507.80265730837516
DIABLO	132.0	111.84948231101409
DIAPH1	565.0	567.7226055132398
DIAPH2	301.0	261.7516779354848
DIAPH3	519.0	466.9535948485899
DICER1	832.0	892.5120081004151
DIDO1	1366.0	1638.7238163113775
DIMT1	126.0	127.96830277814428
DIO1	115.0	123.62123351725303
DIO2	122.0	140.04010135899637
DIO3	201.0	301.971403317683
DIP2A	886.0	1000.3562455473447
DIP2B	701.0	716.1626019601612
DIP2C	979.0	1079.836531360555
DIPK1A	166.0	158.60725857250168
DIPK1B	343.0	438.0195890165296
DIPK1C	255.0	277.06901214078096
DIPK2A	298.0	294.64377713145075
DIPK2B	163.0	152.5879859807265
DIRAS1	128.0	175.19531027040878
DIRAS2	111.0	110.53395602288482
DIRAS3	133.0	140.10095811138575
DIS3	402.0	374.0537286495805
DIS3L	426.0	468.69332733593274
DIS3L2	435.0	533.3617544394011
DISC1	411.0	471.22891046489116
DISP1	634.0	785.4804359550869
DISP2	827.0	956.3585814263693
DISP3	856.0	1054.6403377806662
DIXDC1	266.0	303.1306982269253
DKC1	141.0	147.80485825967097
DKK1	130.0	147.04414145251803
DKK2	135.0	140.07899105474203
DKK3	194.0	224.65306933964823
DKK4	89.0	109.39156579011977
DKKL1	119.0	151.59980646819082
DLAT	265.0	316.20352371486894
DLC1	986.0	802.2130077175186
DLD	204.0	197.33523447562982
DLEC1	897.0	1008.6754636814991
DLEU7	113.0	142.10984936242386
DLG1	317.0	367.6971643878191
DLG2	424.0	407.666189384192
DLG3	245.0	254.8434995665753
DLG4	341.0	467.18492831133034
DLG5	1016.0	1144.3428205425937
DLGAP1	558.0	637.8243030054995
DLGAP2	889.0	796.3445767521537
DLGAP3	577.0	679.2411111048089
DLGAP4	548.0	630.9766546632177
DLGAP5	311.0	299.31242295775365
DLK1	231.0	350.07967164427004
DLK2	169.0	216.37400735512142
DLL1	477.0	616.8332863963506
DLL3	421.0	373.3057307666058
DLL4	345.0	477.20470883885196
DLST	206.0	202.74773944586963
DLX1	155.0	173.1632265779071
DLX2	210.0	259.19828478049334
DLX3	154.0	215.0071508794931
DLX4	129.0	174.58997727384946
DLX5	178.0	198.5003627786869
DLX6	184.0	166.132906753574
DMAC1	92.0	94.4236611312536
DMAC2	133.0	152.26197700210352
DMAC2L	86.0	85.81246222151105
DMAP1	231.0	283.7891244123052
DMBT1	990.0	1024.6351194043175
DMBX1	222.0	258.6721829665024
DMC1	148.0	138.47529662395488
DMD	1223.0	1002.3184330243333
DMGDH	345.0	374.06725153175285
DMKN	240.0	251.72437845754837
DMP1	197.0	213.728235596256
DMPK	469.0	495.81322100480935
DMRT1	278.0	272.9029050616959
DMRT2	395.0	431.5603314869081
DMRT3	350.0	406.0964060108066
DMRTA1	344.0	360.1069736435214
DMRTA2	469.0	450.1572238835139
DMRTB1	269.0	249.8663260337488
DMRTC1	7.0	15.012765417085589
DMRTC1B	1.0	0.40970235165908914
DMRTC2	189.0	188.74661940419958
DMTF1	338.0	294.2249305913516
DMTN	221.0	233.55242624152535
DMWD	515.0	621.5891379072043
DMXL1	1385.0	1212.5502091537517
DMXL2	1281.0	1179.3052633668508
DNA2	366.0	370.5185407243064
DNAAF1	414.0	477.3135667591638
DNAAF10	156.0	173.37636696950474
DNAAF11	191.0	191.84250391446471
DNAAF2	567.0	487.7668018054137
DNAAF3	327.0	380.1072964229272
DNAAF4	194.0	159.60280045339488
DNAAF5	657.0	730.3184847781698
DNAAF6	54.0	49.2031897166304
DNAAF8	320.0	320.6816760147624
DNAAF9	491.0	509.0302431133035
DNAH1	2192.0	2474.3481377256667
DNAH10	2059.0	2470.624057689002
DNAH11	2461.0	2012.9017773694607
DNAH12	1200.0	1198.294561874958
DNAH14	1601.0	1802.3571369286221
DNAH17	3031.0	2983.8973918880606
DNAH2	2093.0	2530.4529760415758
DNAH3	1956.0	1978.4107138998104
DNAH5	2039.0	2175.9476450429006
DNAH6	1603.0	1647.4842751180738
DNAH7	1636.0	1610.3839464480595
DNAH8	1881.0	1919.5429215674662
DNAH9	2093.0	2376.8768380262777
DNAI1	323.0	343.0236980039986
DNAI2	289.0	355.5998862457207
DNAI3	320.0	338.1366926824907
DNAI4	352.0	325.67318692501675
DNAI7	274.0	262.21899936234155
DNAJA1	165.0	156.41152543656463
DNAJA2	160.0	166.36255269443475
DNAJA3	302.0	267.7328296332259
DNAJA4	184.0	204.63092468935935
DNAJB1	262.0	193.28103821108078
DNAJB11	151.0	167.89197867321204
DNAJB12	181.0	221.7379719245881
DNAJB13	136.0	145.2291351948247
DNAJB14	142.0	160.83000008972226
DNAJB2	172.0	187.12143443125805
DNAJB4	136.0	133.49151297461157
DNAJB5	188.0	251.5112690156825
DNAJB6	170.0	172.07131112377587
DNAJB7	128.0	129.52424160819874
DNAJB8	127.0	162.33165834832823
DNAJB9	83.0	87.31203359587553
DNAJC1	258.0	284.05792457067605
DNAJC10	307.0	291.3955721935441
DNAJC11	292.0	304.1275352088335
DNAJC12	77.0	74.43429660138165
DNAJC13	862.0	874.8958049678238
DNAJC14	350.0	330.5717541541878
DNAJC15	79.0	63.55602306751803
DNAJC16	328.0	386.42459443399747
DNAJC17	117.0	157.82316392080048
DNAJC18	135.0	153.54821535056698
DNAJC19	38.0	43.76768118647151
DNAJC2	210.0	220.37129642899282
DNAJC21	203.0	221.56825390453562
DNAJC22	160.0	175.337686089977
DNAJC24	55.0	53.24364583938657
DNAJC25	189.0	181.26452508606047
DNAJC25-GNG10	94.0	105.23849499638928
DNAJC27	106.0	121.85601841472266
DNAJC28	120.0	142.4969152528584
DNAJC3	203.0	207.50431541612815
DNAJC30	161.0	162.41427174741028
DNAJC4	134.0	135.05647687732437
DNAJC5	136.0	170.33600085883765
DNAJC5B	101.0	88.81364689066191
DNAJC5G	81.0	91.51097731268928
DNAJC6	406.0	450.52170065753967
DNAJC7	220.0	194.71851096725626
DNAJC8	83.0	99.30349585102937
DNAJC9	113.0	110.01907919167525
DNAL1	78.0	58.88100493035991
DNAL4	46.0	53.56648509393399
DNALI1	117.0	149.38468595921148
DNASE1	216.0	211.0628101320184
DNASE1L1	114.0	116.79699870176862
DNASE1L2	211.0	243.55219935146593
DNASE1L3	135.0	178.8324099680232
DNASE2	186.0	202.29349053703396
DNASE2B	156.0	150.51629226904254
DND1	178.0	166.77264791891722
DNER	417.0	453.7222790462317
DNHD1	2203.0	2801.6290564413675
DNLZ	140.0	114.61166554707007
DNM1	445.0	562.7282233562081
DNM1L	284.0	316.2269308826409
DNM2	525.0	536.6012046478976
DNM3	385.0	386.0365416868333
DNMBP	711.0	782.9413543650124
DNMT1	817.0	985.3964104388176
DNMT3A	432.0	577.7982657538076
DNMT3B	412.0	450.3866167060129
DNMT3L	117.0	153.46867279382172
DNPEP	229.0	276.9421761821571
DNPH1	114.0	113.96641219914677
DNTT	224.0	227.39123772680253
DNTTIP1	136.0	150.2268743060322
DNTTIP2	322.0	291.0061803782278
DOC2A	241.0	292.53506996636503
DOC2B	230.0	224.93734204415856
DOCK1	869.0	945.0188812607107
DOCK10	915.0	970.0608244536681
DOCK11	529.0	537.6710739186523
DOCK2	805.0	905.6126413142606
DOCK3	881.0	960.453666880855
DOCK4	954.0	837.6472145085513
DOCK5	842.0	854.6336685433
DOCK6	1148.0	1261.9680632106495
DOCK7	823.0	856.2610469107328
DOCK8	1168.0	1304.2032948536958
DOCK9	976.0	986.5748381995883
DOHH	233.0	217.54915266246655
DOK1	250.0	318.6654486787932
DOK2	282.0	278.8968062033185
DOK3	268.0	387.1918308869365
DOK4	179.0	220.58199989821264
DOK5	146.0	149.79122141522544
DOK6	166.0	159.01027820705403
DOK7	447.0	455.5573122610783
DOLK	309.0	328.91398376922075
DOLPP1	130.0	155.598081385549
DONSON	266.0	276.1696214883723
DOP1A	932.0	923.5758185494026
DOP1B	1190.0	1347.2255233831904
DOT1L	1135.0	1350.7598653632192
DPAGT1	193.0	222.82144418014215
DPCD	97.0	100.41543954182075
DPEP1	297.0	337.3679687202576
DPEP2	255.0	271.86098076962855
DPEP2NB	35.0	75.1865692658148
DPEP3	276.0	300.96771148743153
DPF1	216.0	233.61598534370165
DPF2	189.0	184.8844711583129
DPF3	188.0	187.1621997946833
DPH1	238.0	288.55715291064223
DPH2	279.0	317.4878259836285
DPH3	35.0	47.574812148811034
DPH5	120.0	112.74654048959479
DPH6	108.0	92.11839484100543
DPH7	275.0	271.7465118823273
DPM1	124.0	121.70876286919108
DPM2	38.0	48.63225896000888
DPM3	41.0	60.63577066606489
DPP10	337.0	304.78393484241496
DPP3	377.0	406.9216597489274
DPP4	321.0	300.19980596891077
DPP6	418.0	471.5181823879828
DPP7	350.0	428.58442261182546
DPP8	381.0	330.32303307066803
DPP9	561.0	629.5926141530515
DPPA2	113.0	118.94775760316676
DPPA3	61.0	69.25588706648169
DPPA4	156.0	129.58992743149759
DPPA5	53.0	66.42972326902672
DPRX	72.0	100.72586887319952
DPT	91.0	89.87117405697833
DPY19L1	236.0	234.99953056457562
DPY19L2	230.0	299.538519949621
DPY19L3	309.0	302.74509486372295
DPY19L4	252.0	250.83097170974818
DPY30	39.0	37.70137392392688
DPYD	440.0	414.448019243428
DPYS	245.0	233.64656948028386
DPYSL2	326.0	502.6057785301675
DPYSL3	338.0	386.75705082961616
DPYSL4	353.0	474.37684504800507
DPYSL5	293.0	338.5196232016665
DQX1	290.0	375.9638854129348
DR1	76.0	76.98139859237568
DRAM1	113.0	114.69676360672398
DRAM2	98.0	104.90996564037656
DRAP1	122.0	125.84513462016297
DRAXIN	178.0	239.18728069851426
DRC1	336.0	381.84015367659305
DRC3	257.0	295.8931027837226
DRC7	405.0	486.9749849674008
DRD1	218.0	265.1916899988747
DRD2	230.0	271.9489567713758
DRD3	195.0	197.66502429563
DRD4	455.0	402.4933789498144
DRD5	327.0	389.95007375157275
DRG1	167.0	148.67686127417718
DRG2	167.0	215.9616079513467
DRGX	136.0	144.83102336907248
DRICH1	84.0	99.153781744213
DROSHA	524.0	619.0439343110646
DRP2	290.0	286.04847931962394
DSC1	405.0	365.28949699191185
DSC2	383.0	387.2685188255104
DSC3	436.0	374.7976741049796
DSCAM	1056.0	1117.9940995532902
DSCAML1	1215.0	1425.8463858224839
DSCC1	150.0	161.82075477372337
DSE	410.0	438.33716749601194
DSEL	514.0	536.2258052774866
DSG1	475.0	443.5130262201764
DSG2	429.0	475.291137653482
DSG3	447.0	431.4031104785628
DSG4	432.0	451.73201268110466
DSN1	134.0	131.81383419286996
DSP	1311.0	1509.3085996227446
DSPP	482.0	465.0610410648032
DST	3124.0	3194.766555355424
DSTN	57.0	58.61219861774133
DSTYK	462.0	483.87068882072043
DTD1	110.0	108.87268185836271
DTD2	59.0	64.89956267586413
DTHD1	365.0	374.8005801070581
DTL	308.0	332.50172343796396
DTNA	349.0	343.90382772630534
DTNB	277.0	294.04587305183173
DTNBP1	171.0	189.9385804528022
DTWD1	99.0	98.42197556992977
DTWD2	180.0	130.104562895743
DTX1	398.0	427.275150181872
DTX2	276.0	343.05304708308705
DTX3	171.0	222.34682054966547
DTX3L	290.0	344.2169664468278
DTX4	316.0	327.5419934132066
DTYMK	148.0	139.8276055030288
DUOX1	798.0	918.8148646466213
DUOX2	788.0	910.4055973654291
DUOXA1	166.0	187.17666371129403
DUOXA2	188.0	211.93042185565673
DUS1L	278.0	367.81655483481757
DUS2	204.0	240.0937246087339
DUS3L	433.0	517.5704597619322
DUS4L	103.0	117.26527379896555
DUS4L-BCAP29	175.0	173.5915725677545
DUSP1	262.0	243.89438980559774
DUSP10	254.0	289.7257534773995
DUSP11	188.0	156.01323018366662
DUSP12	153.0	157.15047555431943
DUSP13	140.0	186.59731006562262
DUSP14	91.0	124.75381778531947
DUSP15	143.0	114.99868513832595
DUSP16	320.0	379.9022098390431
DUSP18	96.0	100.23747264310393
DUSP19	81.0	88.46773728668045
DUSP2	231.0	232.42038530965232
DUSP21	57.0	73.96641987737665
DUSP22	160.0	129.11747278250334
DUSP23	107.0	91.2434102196829
DUSP26	120.0	127.92507068829158
DUSP28	178.0	145.3216168438196
DUSP29	134.0	145.79786007748788
DUSP3	86.0	102.34782926336653
DUSP4	257.0	300.41016093235476
DUSP5	270.0	261.09611644721747
DUSP6	252.0	241.33133033783594
DUSP7	287.0	320.79319856380704
DUSP8	458.0	538.2137291373697
DUSP9	166.0	153.0703441724913
DUT	147.0	147.0429396480135
DUX4	2.0	21.47805879224925
DUXA	90.0	87.0225169459667
DUXB	104.0	78.55786984871416
DVL1	608.0	742.8363703408211
DVL2	428.0	506.9463311026723
DVL3	369.0	480.08356205568623
DXO	193.0	237.43761729006877
DYDC1	67.0	59.87070244993631
DYDC2	63.0	68.2740985801909
DYM	321.0	327.6480571687436
DYNAP	77.0	75.48920224981119
DYNC1H1	2189.0	2617.535146030242
DYNC1I1	262.0	278.1675864493833
DYNC1I2	198.0	229.21581505502377
DYNC1LI1	225.0	238.1907467803365
DYNC1LI2	256.0	245.9536860310589
DYNC2H1	1688.0	1887.411470710112
DYNC2I1	504.0	542.8627125996071
DYNC2I2	359.0	390.3132706540548
DYNC2LI1	130.0	166.95937193146355
DYNLL1	46.0	46.72428431216541
DYNLL2	35.0	42.8665924982171
DYNLRB1	43.0	45.34330699051151
DYNLRB2	53.0	47.28253090614913
DYNLT1	56.0	48.365608315148876
DYNLT2	85.0	92.01907864828058
DYNLT2B	70.0	55.59805206411178
DYNLT3	37.0	27.8316235739081
DYNLT4	181.0	160.1842059923901
DYNLT5	82.0	69.55114850228168
DYRK1A	349.0	342.777367603915
DYRK1B	409.0	448.72135933184353
DYRK2	322.0	340.97007025896215
DYRK3	272.0	280.69803347828014
DYRK4	274.0	320.65924119829157
DYSF	1091.0	1223.5764241371396
DYTN	252.0	258.8542827836314
DZANK1	312.0	302.62940024840196
DZIP1	390.0	424.78719230385366
DZIP1L	363.0	390.69540345862316
DZIP3	438.0	422.39298853447497
E2F1	261.0	258.37726573372834
E2F2	248.0	264.1834626391084
E2F3	249.0	296.7631919840673
E2F4	242.0	230.46240396018734
E2F5	145.0	145.67514735563674
E2F6	121.0	130.5096162145414
E2F7	416.0	411.12001816410793
E2F8	386.0	435.37392977365005
E4F1	542.0	705.6376865397268
EAF1	102.0	127.60893262062996
EAF2	103.0	96.08111326455804
EAPP	113.0	114.29831612665636
EARS2	298.0	273.70088936656816
EBAG9	93.0	77.20835832670583
EBF1	298.0	315.47830797116734
EBF2	299.0	302.0996871670855
EBF3	350.0	462.89000980243264
EBF4	387.0	461.8231713387027
EBI3	154.0	142.11151920296453
EBLN1	158.0	154.04488031200177
EBLN2	131.0	110.72432608110167
EBNA1BP2	127.0	152.81495941174828
EBP	72.0	80.22162866406137
EBPL	107.0	112.54991843562331
ECD	233.0	250.44407934220607
ECE1	394.0	454.7344436318131
ECE2	391.0	463.9818751406609
ECEL1	487.0	592.8843196084164
ECH1	178.0	179.11651061235906
ECHDC1	126.0	124.13630956523376
ECHDC2	162.0	175.9484004866785
ECHDC3	177.0	229.81729651587173
ECHS1	158.0	188.41371516162877
ECI1	211.0	222.16740292974396
ECI2	168.0	189.97730840615804
ECM1	237.0	289.2143213513169
ECM2	258.0	302.2730379997888
ECPAS	784.0	740.4335973749384
ECRG4	82.0	73.24838050013481
ECSCR	67.0	53.89383261399257
ECSIT	231.0	259.46521477073617
ECT2	358.0	349.7738051142528
ECT2L	385.0	389.1763467581298
EDA	131.0	131.05790631405256
EDA2R	114.0	84.37726162943673
EDAR	227.0	259.6789408220339
EDARADD	86.0	108.55959444764211
EDC3	206.0	257.6815625115657
EDC4	684.0	858.3185473339265
EDDM13	31.0	69.86873308702405
EDDM3A	75.0	65.08690280882674
EDDM3B	71.0	59.88743241366995
EDEM1	382.0	369.3719333078735
EDEM2	296.0	284.0071654529729
EDEM3	352.0	376.7160274014028
EDF1	96.0	104.42284362014037
EDIL3	195.0	193.7922541700877
EDN1	85.0	103.38484633286534
EDN2	84.0	102.49164557399232
EDN3	133.0	160.49124103956353
EDNRA	172.0	191.2137406309987
EDNRB	213.0	224.86753623229885
EDRF1	515.0	578.9542553159162
EEA1	536.0	505.75621989661596
EED	187.0	164.88226372780923
EEF1A1	229.0	180.61905306213922
EEF1A2	287.0	421.5380807439194
EEF1AKMT1	109.0	99.7373193336932
EEF1AKMT2	121.0	133.63547309214445
EEF1AKMT3	116.0	132.91672685707027
EEF1AKMT4	140.0	168.72078397434606
EEF1AKMT4-ECE2	464.0	547.5036728784502
EEF1B2	83.0	104.22013722904342
EEF1D	412.0	520.9222027866919
EEF1E1	81.0	80.79332331479804
EEF1E1-BLOC1S5	72.0	69.73277350441562
EEF1G	180.0	186.24726806192345
EEF2	723.0	694.4933478720712
EEF2K	376.0	397.4288697988493
EEF2KMT	190.0	256.1256408291238
EEFSEC	354.0	374.1805096349305
EEPD1	313.0	344.34731740235037
EFCAB1	84.0	85.47228246904255
EFCAB10	52.0	37.16514620789357
EFCAB11	65.0	68.88396614149507
EFCAB12	269.0	284.06922255768234
EFCAB13	323.0	333.05506289331
EFCAB14	235.0	223.18948119774592
EFCAB2	58.0	60.783374951527065
EFCAB3	170.0	169.37070947859718
EFCAB5	574.0	568.1435706529795
EFCAB6	698.0	732.9202415335552
EFCAB7	225.0	230.12022766826541
EFCAB8	580.0	651.3568441023558
EFCAB9	76.0	88.84383811746243
EFCC1	399.0	400.586409649484
EFEMP1	237.0	284.9263986154929
EFEMP2	275.0	274.58336535062176
EFHB	325.0	340.5017044243243
EFHC1	256.0	287.11673264202085
EFHC2	203.0	191.1255280296911
EFHD1	153.0	159.865886659904
EFHD2	131.0	162.8451423276111
EFL1	410.0	450.92704147770166
EFNA1	89.0	106.82785380456573
EFNA2	187.0	184.7552888456958
EFNA3	153.0	171.05131081221094
EFNA4	113.0	114.60753738267982
EFNA5	113.0	114.48450232233905
EFNB1	131.0	129.28399476128158
EFNB2	168.0	217.77687670804357
EFNB3	216.0	243.81476339090787
EFR3A	330.0	319.9492690437452
EFR3B	385.0	474.3644353951388
EFS	299.0	347.88830130486525
EFTUD2	449.0	449.26196947955987
EGF	510.0	503.03936334700677
EGFL6	164.0	170.45709418380213
EGFL7	180.0	210.14157603686584
EGFL8	177.0	228.11595242701372
EGFLAM	504.0	523.6785161314317
EGFR	613.0	642.1875495036799
EGLN1	283.0	346.13141732273294
EGLN2	284.0	299.00270514252406
EGLN3	147.0	156.6342212753018
EGR1	334.0	381.7923896019008
EGR2	282.0	299.72907466966694
EGR3	219.0	369.7986802310283
EGR4	375.0	366.68068813498587
EHBP1	469.0	461.8927889245749
EHBP1L1	878.0	848.8721720037137
EHD1	323.0	452.1981732965179
EHD2	342.0	394.05857291583294
EHD3	313.0	369.8560067944357
EHD4	297.0	353.4728936534833
EHF	136.0	145.19611441395722
EHHADH	308.0	338.86944138898946
EHMT1	795.0	904.4288231862255
EHMT2	604.0	787.9179296767134
EI24	114.0	138.09178334986004
EID1	105.0	112.75754114613831
EID2	126.0	151.4529554582964
EID2B	94.0	118.26748693764631
EID3	164.0	158.70457757110668
EIF1	67.0	57.575462895281554
EIF1AD	78.0	68.48032444060483
EIF1AX	32.0	35.07170141277944
EIF1AY	16.0	10.794896335870318
EIF1B	45.0	51.06416920419695
EIF2A	207.0	221.71161887415735
EIF2AK1	314.0	370.36502016497343
EIF2AK2	198.0	215.51649091925162
EIF2AK3	449.0	484.5046038584556
EIF2AK4	710.0	745.184674537474
EIF2B1	139.0	151.8014319315842
EIF2B2	155.0	184.51362951937085
EIF2B3	153.0	192.92880171518703
EIF2B4	278.0	271.0141409050932
EIF2B5	313.0	366.24217257715713
EIF2D	230.0	289.18947012009124
EIF2S1	99.0	117.263115857291
EIF2S2	108.0	112.87656510918023
EIF2S3	120.0	126.9132392727153
EIF2S3B	183.0	207.5514612267759
EIF3A	563.0	643.1912086286402
EIF3B	542.0	472.24970015449355
EIF3C	2.0	24.703097568834885
EIF3CL	2.0	24.552728532361108
EIF3D	246.0	260.5656522722167
EIF3E	176.0	160.3413786649194
EIF3F	184.0	189.15990294902224
EIF3G	204.0	240.19606044540146
EIF3H	166.0	160.98419058045664
EIF3I	167.0	162.1138533755197
EIF3J	98.0	91.07875509304142
EIF3K	105.0	107.54329128300492
EIF3L	256.0	251.69862824520635
EIF3M	156.0	148.6540883709617
EIF4A1	237.0	214.06463903579584
EIF4A2	215.0	183.21151330938483
EIF4A3	194.0	224.8347930824184
EIF4B	238.0	259.8441365743247
EIF4E	71.0	80.83962556711555
EIF4E1B	126.0	136.3098997444157
EIF4E2	100.0	113.90314865383255
EIF4E3	128.0	121.22407956156323
EIF4EBP1	62.0	61.721707622036064
EIF4EBP2	67.0	56.726231909765644
EIF4EBP3	43.0	53.39703077249295
EIF4ENIF1	440.0	439.0279214631869
EIF4G1	844.0	944.1035633276541
EIF4G2	414.0	486.47003438679064
EIF4G3	673.0	698.2911439639146
EIF4H	106.0	118.9904915633129
EIF5	237.0	191.55260586359748
EIF5A	80.0	83.70499209849103
EIF5A2	48.0	61.64090992833753
EIF5AL1	40.0	58.60581560801028
EIF5B	455.0	433.81569191130905
EIF6	122.0	131.92926774377054
EIPR1	204.0	246.02922907242717
ELAC1	148.0	158.69215304683306
ELAC2	468.0	461.1675931552127
ELANE	203.0	218.61236728141074
ELAPOR1	481.0	485.89638439924045
ELAPOR2	444.0	416.45339110443877
ELAVL1	174.0	224.58754608151344
ELAVL2	193.0	165.70809781258527
ELAVL3	209.0	285.51719036959815
ELAVL4	156.0	182.71107239681126
ELF1	248.0	252.64127928176285
ELF2	203.0	237.6670073990648
ELF3	181.0	226.2032440129556
ELF4	208.0	237.68908787788615
ELF5	121.0	116.59807460233856
ELFN1	657.0	1013.0494110559862
ELFN2	550.0	1039.7925699190052
ELK1	163.0	170.14882859039076
ELK3	272.0	311.08907410906886
ELK4	213.0	201.35518122703905
ELL	399.0	448.18116363103417
ELL2	266.0	276.28871817980087
ELL3	174.0	180.6027210142678
ELMO1	346.0	367.7997150926928
ELMO2	315.0	350.5205883422895
ELMO3	406.0	545.8952727583121
ELMOD1	122.0	126.05633513109069
ELMOD2	106.0	106.38758036834062
ELMOD3	149.0	188.0075070837065
ELN	368.0	405.0149788737407
ELOA	348.0	375.57088547408665
ELOA2	497.0	458.37837341113266
ELOB	84.0	84.77410655379883
ELOC	40.0	44.471213457131036
ELOF1	45.0	43.08468324582449
ELOVL1	133.0	140.83318416162268
ELOVL2	115.0	130.01427606241728
ELOVL3	117.0	134.35559445671907
ELOVL4	117.0	130.7609984018157
ELOVL5	127.0	134.38384312976672
ELOVL6	101.0	117.25508274455731
ELOVL7	113.0	113.67862267186311
ELP1	555.0	592.7427885417268
ELP2	339.0	325.28055586112583
ELP3	222.0	252.86427585934533
ELP4	210.0	188.60603847249976
ELP5	161.0	172.3088976780787
ELP6	132.0	135.22935634739073
ELSPBP1	85.0	103.59830058817748
EMB	137.0	129.8795268324698
EMC1	442.0	525.5393896448501
EMC10	181.0	193.33335270971446
EMC2	131.0	97.05857087294805
EMC3	120.0	117.64640481971503
EMC4	86.0	75.22683543303492
EMC6	96.0	87.51867964162014
EMC7	106.0	118.7580405934771
EMC8	145.0	151.44681221987992
EMC9	100.0	132.6605380950646
EMCN	95.0	90.07790167756558
EMD	122.0	84.67456145446823
EME1	230.0	254.19907524748547
EME2	334.0	334.8389180067377
EMG1	140.0	122.27626820113532
EMID1	242.0	213.92700074531376
EMILIN1	604.0	809.3914828482423
EMILIN2	581.0	761.4849947901573
EMILIN3	430.0	535.6134539122348
EML1	344.0	430.6303849210413
EML2	352.0	357.52446696538016
EML3	499.0	515.9225084296386
EML4	532.0	505.68447433389065
EML5	771.0	785.5246082612887
EML6	1148.0	1123.4362706080303
EMP1	78.0	87.94800275967711
EMP2	97.0	94.71624675651799
EMP3	107.0	98.25794063347985
EMSY	579.0	550.0473228873519
EMX1	250.0	223.79243483983512
EMX2	175.0	225.03385400538417
EN1	292.0	305.26471288528097
EN2	277.0	340.32518962761674
ENAH	230.0	233.83678171623427
ENAM	473.0	464.4060608070092
ENC1	285.0	324.93085035178865
ENDOD1	255.0	259.8111132661489
ENDOG	173.0	190.62951728518345
ENDOU	172.0	203.490858310797
ENDOV	186.0	186.0446540005278
ENG	360.0	430.741567239575
ENGASE	408.0	556.3315263113589
ENHO	45.0	51.07510071194831
ENKD1	205.0	248.6954268550461
ENKUR	117.0	96.68686743810889
ENO1	220.0	248.5248275556251
ENO2	198.0	255.52113021754406
ENO3	223.0	278.0818343405852
ENO4	266.0	290.7008566574649
ENOPH1	127.0	127.93676275854959
ENOSF1	223.0	235.9057396508772
ENOX1	271.0	286.4277793647075
ENOX2	174.0	151.9821033423917
ENPEP	420.0	425.5132106030027
ENPP1	367.0	378.24712417325134
ENPP2	365.0	367.68934841688946
ENPP3	380.0	346.94176109642007
ENPP4	172.0	194.01762903244457
ENPP5	199.0	205.409111026757
ENPP6	213.0	251.14741889851842
ENPP7	244.0	381.6377991922625
ENSA	58.0	53.01702088868202
ENTHD1	230.0	256.7551715608937
ENTPD1	202.0	218.30222519089227
ENTPD2	316.0	371.0042109148266
ENTPD3	221.0	246.75340934637222
ENTPD4	276.0	320.70524006022293
ENTPD5	187.0	180.47139288328648
ENTPD6	252.0	278.588216664481
ENTPD7	248.0	278.88858941113267
ENTPD8	308.0	473.964145477997
ENTR1	290.0	338.0473500318692
ENY2	48.0	38.40604932455588
EOGT	246.0	213.09563515292808
EOLA1	37.0	49.68939540284541
EOLA2	52.0	47.41330096409381
EOMES	430.0	464.8125542757349
EP300	1340.0	1123.4937211055776
EP400	1647.0	2039.2173993796246
EPAS1	508.0	635.6213639200545
EPB41	336.0	369.1921926698937
EPB41L1	383.0	482.13732405702046
EPB41L2	442.0	450.01115689948284
EPB41L3	572.0	617.8257896244899
EPB41L4A	319.0	338.8012443453669
EPB41L4B	408.0	459.82105347624895
EPB41L5	297.0	288.5403568098028
EPB42	310.0	355.1502809455528
EPC1	357.0	370.67522383249093
EPC2	340.0	323.08395624788994
EPCAM	168.0	155.85753892879717
EPDR1	137.0	115.74184307326408
EPG5	1158.0	1094.4197623190773
EPGN	69.0	61.41474308733519
EPHA1	500.0	659.9640527594864
EPHA10	640.0	702.5296162342772
EPHA2	560.0	702.5942449544225
EPHA3	461.0	409.2301126400533
EPHA4	449.0	501.48259296406684
EPHA5	513.0	455.8063273681932
EPHA6	529.0	477.7669087970946
EPHA7	437.0	402.4982354646369
EPHA8	559.0	781.5979020740365
EPHB1	522.0	523.4480817263567
EPHB2	510.0	662.0563097422405
EPHB3	526.0	709.2112017982728
EPHB4	592.0	610.126848500571
EPHB6	553.0	733.726092593039
EPHX1	221.0	279.11541349545905
EPHX2	251.0	271.4338271086307
EPHX3	213.0	223.62890501971114
EPHX4	151.0	153.25032532040453
EPM2A	217.0	197.82169857809248
EPM2AIP1	311.0	318.28313943632236
EPN1	411.0	478.50019321276295
EPN2	349.0	393.45329012612547
EPN3	449.0	426.78754575328776
EPO	107.0	114.96379282131733
EPOP	253.0	296.02055302994734
EPOR	312.0	343.5606530248337
EPPIN	57.0	57.39890472842745
EPPIN-WFDC6	72.0	79.5733665518195
EPPK1	1913.0	2671.857663587182
EPRS1	596.0	601.4351861054681
EPS15	344.0	351.3387455419097
EPS15L1	459.0	528.0837478588778
EPS8	344.0	350.2200610891091
EPS8L1	506.0	553.1405040461577
EPS8L2	509.0	553.7398185535018
EPS8L3	286.0	324.13084883619877
EPSTI1	137.0	136.86500081606275
EPX	347.0	450.3146830402309
EPYC	144.0	139.27747295769103
EQTN	129.0	121.66834340157106
ERAL1	215.0	214.67292956363687
ERAP1	398.0	390.6245826391791
ERAP2	410.0	379.77967065174073
ERAS	87.0	88.5430276127429
ERBB2	633.0	698.6516670820138
ERBB3	567.0	646.2968731653566
ERBB4	583.0	593.1290230042222
ERBIN	594.0	532.1863389395626
ERC1	478.0	521.5110153537862
ERC2	454.0	437.58443727942233
ERCC1	156.0	171.6707081686369
ERCC2	497.0	496.57762081307146
ERCC3	349.0	450.86679963496033
ERCC4	463.0	438.60664598752294
ERCC5	546.0	580.1823675449372
ERCC6	678.0	675.8590617542429
ERCC6L	278.0	345.97932062165705
ERCC6L2	583.0	803.8327194411909
ERCC8	146.0	149.13397901482753
EREG	100.0	71.16284354102667
ERF	395.0	442.58024726020943
ERFE	221.0	258.00581758682335
ERFL	174.0	302.4317818315536
ERG	223.0	256.12752060661177
ERG28	61.0	70.06971760436147
ERGIC1	124.0	179.3312807271961
ERGIC2	129.0	122.18339932900231
ERGIC3	186.0	205.03497236138887
ERH	43.0	41.444841853906226
ERI1	204.0	187.3931427552758
ERI2	224.0	267.88480750096016
ERI3	183.0	181.24978916045933
ERICH1	313.0	285.620839561329
ERICH2	51.0	55.28319062161039
ERICH3	695.0	652.0596835333354
ERICH4	75.0	62.91843035698475
ERICH5	163.0	157.18284127433196
ERICH6	262.0	299.08978379298674
ERICH6B	283.0	295.8316801820055
ERLEC1	225.0	196.96668313791167
ERLIN1	158.0	136.94364717031578
ERLIN2	149.0	161.8127526963882
ERMAP	214.0	244.85664637349618
ERMARD	284.0	335.6579386781801
ERMN	115.0	111.52038352887578
ERMP1	530.0	506.1679849137141
ERN1	507.0	548.8617506307364
ERN2	524.0	533.6998624410072
ERO1A	174.0	157.88217553323594
ERO1B	191.0	183.71410985875508
ERP27	159.0	126.45488596543612
ERP29	129.0	163.88203524173065
ERP44	145.0	153.45899308186992
ERRFI1	202.0	236.84450900375555
ERV3-1	211.0	223.72003932822867
ERVFRD-1	239.0	279.40597424696534
ERVH48-1	32.0	34.91761381130297
ERVK3-1	25.0	16.49059812108948
ERVMER34-1	199.0	190.76300421187292
ERVV-1	59.0	171.24651263355676
ERVV-2	105.0	205.69839504498904
ERVW-1	161.0	176.38645256984083
ESAM	216.0	258.6586433718058
ESCO1	332.0	317.9317085953642
ESCO2	230.0	242.39862730125856
ESD	97.0	98.1766916795838
ESF1	321.0	314.73800281987576
ESM1	89.0	92.21507991533238
ESPL1	994.0	1109.5608918193868
ESPN	449.0	609.7957015714359
ESPNL	664.0	876.0741089471643
ESR1	305.0	380.3089784315738
ESR2	320.0	259.2417244377967
ESRP1	320.0	305.3337861624709
ESRP2	383.0	495.1986263612414
ESRRA	223.0	255.1864531925982
ESRRB	246.0	298.3281345670227
ESRRG	215.0	228.1381892610974
ESS2	285.0	306.25239087072964
ESX1	157.0	164.63124901126372
ESYT1	500.0	566.6775795602538
ESYT2	491.0	506.21138595323265
ESYT3	416.0	471.1327586167398
ETAA1	373.0	367.4076356006517
ETDA	1.0	4.412275290551194
ETDB	0.0	4.6666993155596055
ETDC	7.0	4.602936151511273
ETF1	157.0	183.57120567029057
ETFA	131.0	131.07755860609666
ETFB	142.0	170.15654576320213
ETFBKMT	84.0	111.82678605758454
ETFDH	243.0	254.70826986775398
ETFRF1	34.0	31.78153974403726
ETHE1	139.0	135.38338447434182
ETNK1	152.0	155.2436165897687
ETNK2	194.0	232.88969737764546
ETNPPL	202.0	196.80647953929707
ETS1	214.0	242.8294079247488
ETS2	219.0	258.7565982932845
ETV1	222.0	261.50054779128203
ETV2	207.0	212.51524915404883
ETV3	222.0	259.11408079505753
ETV3L	186.0	197.03474981855942
ETV4	238.0	274.82629966010796
ETV5	216.0	260.13092066363316
ETV6	240.0	272.5138145294297
ETV7	196.0	196.00273796317381
EVA1A	90.0	91.3673045218839
EVA1B	124.0	129.81447074212707
EVA1C	190.0	220.0765310615015
EVC	619.0	800.2700484608107
EVC2	776.0	954.6509646433357
EVI2A	89.0	97.14574522924413
EVI2B	181.0	181.7274706370339
EVI5	305.0	302.2241971405891
EVI5L	489.0	551.7941961389133
EVL	198.0	235.64578715111764
EVPL	1172.0	1625.4131511119047
EVPLL	156.0	149.01871661428666
EVX1	324.0	339.0188921165858
EVX2	354.0	370.28552671322444
EWSR1	303.0	283.1663884404543
EXD1	234.0	230.1015910444633
EXD2	239.0	295.0921675787842
EXD3	569.0	666.8813009248911
EXO1	373.0	402.173978334089
EXO5	147.0	170.61305662118875
EXOC1	348.0	340.7754716267464
EXOC1L	52.0	40.382675530938286
EXOC2	411.0	439.9826459750023
EXOC3	410.0	470.7631930625886
EXOC3L1	433.0	522.269309856361
EXOC3L2	375.0	322.46932411373416
EXOC3L4	502.0	531.6469410921162
EXOC4	456.0	463.710250654393
EXOC5	260.0	206.22608834228913
EXOC6	295.0	290.47763593264784
EXOC6B	357.0	322.2531313902669
EXOC7	327.0	426.765212742058
EXOC8	384.0	436.9638288580466
EXOG	133.0	169.86235464633324
EXOSC1	84.0	92.37252692725438
EXOSC10	395.0	434.0392444650329
EXOSC2	119.0	144.11253227689727
EXOSC3	165.0	135.80595393472598
EXOSC4	148.0	170.66706075921
EXOSC5	143.0	132.90460695653576
EXOSC6	297.0	265.5339897632525
EXOSC7	130.0	148.68467831336235
EXOSC8	93.0	99.0618489287354
EXOSC9	170.0	164.01060908484575
EXPH5	798.0	858.0514066206964
EXT1	348.0	378.2006266161091
EXT2	320.0	354.61023344210264
EXTL1	352.0	418.3824225969982
EXTL2	123.0	130.36654402810908
EXTL3	511.0	668.1594377439977
EYA1	261.0	252.98431352002612
EYA2	257.0	287.61296999333933
EYA3	206.0	234.29309559212882
EYA4	263.0	275.5632316592237
EYS	1355.0	1241.013633595071
EZH1	272.0	303.0606165234588
EZH2	338.0	322.96577065395917
EZHIP	192.0	148.7498609642386
EZR	341.0	334.6833348213474
F10	262.0	380.1479819866406
F11	278.0	312.58979407368753
F11R	131.0	148.97303584850425
F12	373.0	403.8486525629843
F13A1	349.0	390.9246840257255
F13B	283.0	264.21697174287806
F2	296.0	341.84411996044287
F2R	210.0	220.83359588937364
F2RL1	181.0	176.88488560195427
F2RL2	166.0	169.9166025020251
F2RL3	284.0	348.76379364693395
F3	147.0	144.8166070909062
F5	916.0	935.8598486115902
F7	244.0	379.37620498117695
F8	585.0	642.6164683551519
F9	137.0	123.81529788974585
FA2H	243.0	220.90164459361748
FAAH	305.0	347.1067060945524
FAAH2	214.0	145.43500634012005
FAAP100	663.0	743.4847943414347
FAAP20	141.0	150.46286667525874
FAAP24	111.0	108.62994369134194
FABP1	48.0	64.10651506673159
FABP12	61.0	51.1769926210287
FABP2	45.0	41.76407425207248
FABP3	64.0	63.7757084143214
FABP4	54.0	52.02751740110691
FABP5	37.0	45.22433676374676
FABP6	75.0	67.66236254580011
FABP7	49.0	52.71910278590164
FABP9	54.0	47.62342406072561
FADD	138.0	145.82069189473015
FADS1	238.0	260.68146205898444
FADS2	203.0	252.7716396069474
FADS3	234.0	256.2791259775291
FADS6	191.0	221.64534190770516
FAF1	234.0	269.84172939197117
FAF2	202.0	212.35803347657406
FAH	199.0	220.44546826003136
FAHD1	153.0	172.9240216684852
FAHD2A	130.0	150.52641994763937
FAHD2B	108.0	146.58949397088435
FAIM	86.0	81.90650960202538
FAIM2	156.0	172.68366675222066
FAM102A	228.0	256.0392560888133
FAM102B	128.0	151.30138877556772
FAM104A	124.0	117.88557837089057
FAM104B	23.0	29.874301615599126
FAM107A	82.0	107.429105278929
FAM107B	157.0	163.40185678667208
FAM110A	217.0	246.3628982361351
FAM110B	226.0	287.32789497940894
FAM110C	275.0	288.90771729153255
FAM110D	174.0	184.85861482130917
FAM111A	227.0	247.2359831843787
FAM111B	297.0	291.36296084124274
FAM114A1	254.0	264.0244566895508
FAM114A2	228.0	209.69632539263378
FAM117A	220.0	242.97322146274746
FAM117B	309.0	346.9813403155538
FAM118A	178.0	215.7437556896379
FAM118B	138.0	200.2432470792635
FAM120A	493.0	588.8546493587853
FAM120AOS	154.0	167.57741265653652
FAM120B	407.0	454.20760503793565
FAM120C	354.0	350.9573976813753
FAM124A	287.0	316.7859346715123
FAM124B	223.0	243.52643307610697
FAM126A	226.0	219.55718513038198
FAM126B	219.0	271.460978405147
FAM131A	202.0	246.8939448147235
FAM131B	183.0	221.63527091061303
FAM131C	86.0	140.52173510971946
FAM133A	65.0	58.51806498325287
FAM133B	75.0	60.43383229498061
FAM135A	562.0	576.4917497752764
FAM135B	670.0	783.1478511317308
FAM136A	119.0	137.70677445068802
FAM13A	443.0	438.64303380034875
FAM13B	332.0	343.375713227912
FAM13C	246.0	250.54286276606356
FAM149A	446.0	515.7932656855304
FAM149B1	259.0	237.03863615988385
FAM151A	337.0	352.60726921757544
FAM151B	105.0	104.42943785695189
FAM153A	36.0	113.4705801366286
FAM153B	22.0	128.46365733671948
FAM161A	299.0	298.6351657670361
FAM161B	284.0	309.3511425257636
FAM162A	53.0	54.428573342169045
FAM162B	83.0	99.2665762575769
FAM163A	101.0	97.758191707206
FAM163B	120.0	166.61656511690992
FAM166A	207.0	217.4819361158106
FAM166B	140.0	135.80902274463986
FAM166C	110.0	125.03831429846909
FAM167A	174.0	194.32475106098659
FAM167B	100.0	92.13562050611813
FAM168A	122.0	121.60879900641373
FAM168B	126.0	103.61537632532259
FAM169A	271.0	253.5780234659867
FAM170A	156.0	150.65823588056708
FAM170B	163.0	159.5026781010188
FAM171A1	527.0	588.8134579578658
FAM171A2	475.0	588.4223831040078
FAM171B	367.0	384.04363561671215
FAM172A	175.0	165.476921104947
FAM174A	108.0	129.9460334071331
FAM174B	132.0	140.1217367494283
FAM174C	147.0	149.9408119866308
FAM177A1	95.0	95.76195882270044
FAM177B	56.0	61.349408939420265
FAM178B	368.0	387.18723529835614
FAM180A	90.0	102.79651837207125
FAM180B	109.0	102.01065417742522
FAM181A	183.0	223.5364821266524
FAM181B	338.0	334.8384865762373
FAM183A	57.0	64.38445396950861
FAM184A	427.0	440.03391920352306
FAM184B	552.0	570.3364506975777
FAM185A	117.0	184.9234280416274
FAM186A	805.0	1000.9822919968279
FAM186B	389.0	449.72349467024736
FAM187A	221.0	250.73551330167572
FAM187B	192.0	211.250379624102
FAM189A1	342.0	399.469438532072
FAM189A2	287.0	352.7542203464261
FAM189B	369.0	393.1976627670104
FAM193A	769.0	771.6344857552647
FAM193B	448.0	477.1764674794369
FAM199X	101.0	114.70442509168804
FAM200A	206.0	233.60192292307786
FAM200B	240.0	273.8945120800619
FAM204A	76.0	85.97439285991109
FAM205A	377.0	620.1914211226831
FAM205C	42.0	24.949168790498028
FAM209A	55.0	79.93920450058856
FAM209B	67.0	75.47741859096493
FAM20A	304.0	336.8885189807089
FAM20B	178.0	193.29127211976848
FAM20C	406.0	551.6820002825344
FAM210A	125.0	121.44097782781893
FAM210B	113.0	109.64175317142396
FAM214A	431.0	398.1478297377665
FAM214B	265.0	304.0381759295475
FAM216A	110.0	104.7661276508284
FAM216B	52.0	55.68278920253778
FAM217A	161.0	213.7876550440488
FAM217B	163.0	201.83880761674254
FAM219A	93.0	110.4709952803875
FAM219B	123.0	124.034658692194
FAM220A	141.0	167.84268317271594
FAM221A	135.0	124.20870256092721
FAM221B	158.0	191.15562218458246
FAM222A	294.0	368.432728907849
FAM222B	329.0	356.4219549284473
FAM227A	237.0	248.16219390597604
FAM227B	210.0	168.3143614053011
FAM228A	77.0	95.60135121959425
FAM228B	109.0	122.98218142387589
FAM229A	93.0	108.66581699669945
FAM229B	29.0	33.37852699945472
FAM234A	369.0	423.53641545138413
FAM234B	306.0	335.40814458389264
FAM236C	7.0	12.257881026273093
FAM236D	4.0	12.26162531199423
FAM237A	85.0	77.30681296151127
FAM237B	27.0	13.691206716254062
FAM240A	32.0	38.24724046530425
FAM240B	16.0	7.839184118844019
FAM240C	49.0	57.026675303475194
FAM241A	74.0	68.11521956740626
FAM241B	60.0	66.96911517547153
FAM24A	46.0	51.60457133772755
FAM24B	36.0	48.73192567236475
FAM25A	36.0	39.8921559411873
FAM25C	23.0	33.09240159588294
FAM25G	15.0	34.18111260435703
FAM32A	64.0	51.90437311986768
FAM3A	108.0	94.7604151488334
FAM3B	91.0	111.21646504363983
FAM3C	75.0	74.7648423192047
FAM3D	115.0	135.58390775214176
FAM43A	319.0	391.71835199122205
FAM43B	208.0	310.0101217443132
FAM47A	278.0	279.3988166361382
FAM47B	247.0	219.38920796969416
FAM47C	307.0	330.1529841621754
FAM47E	184.0	178.3968455003681
FAM47E-STBD1	167.0	159.38460516727966
FAM50A	120.0	109.34540117881147
FAM50B	212.0	305.54796631416815
FAM53A	290.0	333.9436379019137
FAM53B	234.0	286.58785486711116
FAM53C	203.0	251.87994933111085
FAM71A	304.0	356.1078299141405
FAM71B	266.0	316.87245946457165
FAM71C	113.0	131.7290607764064
FAM71D	170.0	179.35421501031982
FAM71E1	174.0	167.73333902010324
FAM71E2	484.0	708.4094636426603
FAM71F1	133.0	174.378317412784
FAM71F2	160.0	141.41188510621978
FAM72A	5.0	43.787536196341264
FAM72B	13.0	46.34875991082827
FAM72C	1.0	18.16396340877381
FAM72D	4.0	36.94001798179413
FAM76A	137.0	122.917678786922
FAM76B	166.0	134.6275483251429
FAM78A	151.0	212.73121876735019
FAM78B	135.0	163.07984744444312
FAM81A	183.0	178.28668007173633
FAM81B	189.0	176.0924858871146
FAM83A	270.0	298.92727721127795
FAM83B	419.0	432.1778707836474
FAM83C	426.0	485.4825533761655
FAM83D	310.0	297.3016276090413
FAM83E	312.0	335.8645201316841
FAM83F	306.0	366.52365137279344
FAM83G	470.0	584.71603596405
FAM83H	1013.0	1115.5116346158024
FAM86B1	4.0	75.54185607572326
FAM86B2	11.0	89.09543756199412
FAM89A	157.0	176.17742426878448
FAM89B	138.0	128.39098451993834
FAM8A1	246.0	239.439929852009
FAM90A1	236.0	292.00756272051433
FAM90A10P	16.0	49.6776422330773
FAM90A14P	2.0	4.615126820203308
FAM90A22P	1.0	12.91740578167323
FAM90A23P	1.0	42.36008477739842
FAM90A26	30.0	46.578740737269776
FAM90A8P	0.0	5.5079896383003435
FAM90A9P	0.0	10.720936210228945
FAM91A1	307.0	351.61001237001085
FAM95C	84.0	83.41440808413445
FAM98A	252.0	244.79311517707234
FAM98B	204.0	166.92996560969962
FAM98C	195.0	213.75945482906678
FAM9A	80.0	82.930494410957
FAM9B	43.0	43.228249323141526
FAM9C	45.0	37.56717894114953
FAN1	478.0	489.2314571347522
FANCA	1014.0	819.883672341414
FANCB	236.0	217.94009910484596
FANCC	275.0	257.12915586130737
FANCD2	524.0	595.0515464695492
FANCD2OS	69.0	87.03800524048155
FANCE	251.0	295.8509280850017
FANCF	257.0	275.1408326462106
FANCG	297.0	344.2132019943485
FANCI	613.0	561.3766898576599
FANCL	180.0	189.74332104422086
FANCM	840.0	798.8987570832504
FANK1	149.0	168.12128976017777
FAP	334.0	283.8973886779097
FAR1	206.0	211.1917717873046
FAR2	219.0	218.5855874078121
FARP1	580.0	647.3857131042804
FARP2	504.0	575.4275111585598
FARS2	234.0	244.78927139933432
FARSA	312.0	313.54814845271846
FARSB	235.0	230.0039614409176
FAS	131.0	131.7876549298817
FASLG	130.0	143.9959644307952
FASN	1909.0	2553.652261970184
FASTK	325.0	386.40473608878403
FASTKD1	319.0	332.3654547445699
FASTKD2	284.0	293.87106679609144
FASTKD3	284.0	320.6777404988601
FASTKD5	335.0	370.82529375429294
FAT1	2233.0	2599.140159166556
FAT2	2026.0	2416.088295081396
FAT3	2314.0	2343.548857238197
FAT4	2307.0	2472.5567620846923
FATE1	76.0	58.14100870184353
FAU	70.0	75.21253615491712
FAXC	183.0	209.54467239344527
FAXDC2	157.0	156.5600615972966
FBF1	601.0	641.4319619046522
FBH1	524.0	706.8744666078773
FBL	165.0	180.11264730530428
FBLIM1	193.0	209.8305337756438
FBLL1	141.0	137.67245955642528
FBLN1	393.0	543.4140432462392
FBLN2	699.0	883.744213633151
FBLN5	213.0	238.11705427510202
FBLN7	262.0	277.9762784913943
FBN1	1210.0	1262.5030296042623
FBN2	1350.0	1346.6590794047734
FBN3	1458.0	1696.5260673549824
FBP1	175.0	188.26610461454374
FBP2	168.0	192.29580832396624
FBRS	684.0	657.0936734529354
FBRSL1	779.0	1080.2199481692362
FBXL12	193.0	222.54612055523984
FBXL13	272.0	279.3007346256132
FBXL14	294.0	343.0542501608301
FBXL15	224.0	203.98033125581998
FBXL16	357.0	405.15801442420394
FBXL17	474.0	467.29110861231777
FBXL18	557.0	736.4711942357279
FBXL19	447.0	422.09003358010483
FBXL2	192.0	208.75450526744768
FBXL20	184.0	175.9218058115246
FBXL22	160.0	236.9719652661994
FBXL3	194.0	175.40480805633487
FBXL4	263.0	257.1914901536204
FBXL5	295.0	294.7552284750223
FBXL6	405.0	442.49174136091983
FBXL7	297.0	351.1154563103963
FBXL8	271.0	250.86741922988617
FBXO10	449.0	517.6108244715488
FBXO11	490.0	478.7193393297147
FBXO15	250.0	250.05934327474418
FBXO16	133.0	129.66810323745213
FBXO17	169.0	148.55117729179773
FBXO2	189.0	204.86439993184504
FBXO21	328.0	339.3435977546153
FBXO22	189.0	194.81477270080475
FBXO24	300.0	337.62934415310986
FBXO25	199.0	157.38485485402902
FBXO27	175.0	150.6074543678273
FBXO28	168.0	170.8729958484078
FBXO3	182.0	206.216534866894
FBXO30	309.0	324.75480515507775
FBXO31	388.0	521.7948318488441
FBXO32	154.0	189.26165066438642
FBXO33	337.0	306.3564030846792
FBXO34	320.0	314.65033861387536
FBXO36	83.0	95.68857990104735
FBXO38	452.0	526.1277275584484
FBXO39	206.0	242.84866972521638
FBXO4	180.0	175.26779910927885
FBXO40	340.0	321.81087636370154
FBXO41	576.0	584.0441255220736
FBXO42	325.0	362.47798151970244
FBXO43	306.0	295.77992264207666
FBXO44	147.0	187.57376261877624
FBXO45	155.0	154.05382430447588
FBXO46	467.0	507.08686613448555
FBXO47	165.0	165.2196431110301
FBXO48	53.0	63.844851149367585
FBXO5	204.0	205.15410828350036
FBXO6	138.0	189.53314318708257
FBXO7	256.0	247.96769521691644
FBXO8	132.0	164.43042705665312
FBXO9	156.0	155.91179319263998
FBXW10	289.0	464.4859275553873
FBXW11	235.0	266.53356292858376
FBXW12	184.0	212.31695506281346
FBXW2	203.0	217.21745874650134
FBXW4	311.0	354.64052814025695
FBXW5	523.0	687.7653888031975
FBXW7	313.0	296.0193769926468
FBXW8	308.0	357.1665326597726
FBXW9	289.0	303.5148592098139
FCAMR	282.0	280.4194092534804
FCAR	134.0	151.68221507810014
FCER1A	121.0	105.18100070512861
FCER1G	35.0	42.026948131602325
FCER2	163.0	193.92025830677093
FCF1	84.0	74.32127537459024
FCGBP	1283.0	3217.6443188932544
FCGR1A	91.0	148.59351380122786
FCGR1B	90.0	87.96779261555336
FCGR2A	126.0	141.97832642448478
FCGR2B	79.0	106.81721098558216
FCGR2C	89.0	115.69478332450407
FCGR3A	93.0	101.24766083902327
FCGR3B	79.0	93.4527056943668
FCGRT	233.0	241.07672667576048
FCHO1	480.0	533.8955697484664
FCHO2	293.0	249.68689097106713
FCHSD1	291.0	354.8872242933238
FCHSD2	279.0	287.4540177602859
FCMR	209.0	230.10680251721703
FCN1	179.0	209.4250436123291
FCN2	181.0	215.90616113346957
FCN3	124.0	161.24097488243174
FCRL1	218.0	204.31607848474624
FCRL2	251.0	231.41773645991782
FCRL3	376.0	351.37581022204364
FCRL4	253.0	241.64719238915495
FCRL5	466.0	464.6517482496548
FCRL6	213.0	217.89177019314548
FCRLA	174.0	174.893621350907
FCRLB	280.0	283.6670023552359
FCSK	620.0	677.076982862957
FDCSP	34.0	33.066975759371594
FDFT1	351.0	258.108225451103
FDPS	172.0	204.60700761786134
FDX1	92.0	105.88069006630226
FDX2	132.0	117.4973334420211
FDXACB1	273.0	288.68466231955233
FDXR	275.0	332.7297037656742
FECH	175.0	201.4834909227887
FEM1A	391.0	501.90220854938025
FEM1B	288.0	394.0714649836703
FEM1C	287.0	272.2464352743785
FEN1	155.0	199.75911330697377
FER	327.0	295.1554877848264
FER1L5	923.0	1077.9514858070406
FER1L6	768.0	870.8124511740806
FERD3L	122.0	116.7784113397025
FERMT1	275.0	316.1442912274252
FERMT2	274.0	263.6855548802233
FERMT3	375.0	428.2654615894838
FES	458.0	524.9168791950771
FETUB	186.0	208.65527261612618
FEV	188.0	195.38873240605838
FEZ1	170.0	191.49212844263232
FEZ2	242.0	170.69398751444322
FEZF1	259.0	340.04524640574766
FEZF2	322.0	447.62480143019616
FFAR1	216.0	204.21279223085
FFAR2	193.0	219.50583815523902
FFAR3	68.0	172.20775921622203
FFAR4	254.0	216.133708210316
FGA	306.0	289.01590249468677
FGB	203.0	193.0460305940465
FGD1	333.0	335.05463065123956
FGD2	347.0	383.2299983758559
FGD3	378.0	440.2402838524244
FGD4	380.0	389.549054527385
FGD5	810.0	930.893284583993
FGD6	527.0	585.7054848928761
FGF1	93.0	84.12999167922402
FGF10	112.0	100.96413935317456
FGF11	130.0	135.03974642469834
FGF12	62.0	90.30031330229171
FGF13	72.0	79.56522214338614
FGF14	138.0	146.96936024683504
FGF16	48.0	43.17395426980353
FGF17	136.0	163.6152624360225
FGF18	117.0	148.58159936984254
FGF19	124.0	143.86723008331592
FGF2	90.0	89.34278148032055
FGF20	161.0	145.9395349192157
FGF21	124.0	161.5254534714615
FGF22	136.0	207.0758809598562
FGF23	118.0	176.26373249693853
FGF3	173.0	158.52496074305685
FGF4	164.0	148.15231647240012
FGF5	158.0	129.91438380519133
FGF6	125.0	140.34077606002788
FGF7	64.0	62.86389029072635
FGF8	157.0	171.19318029707557
FGF9	107.0	122.63669503511883
FGFBP1	117.0	117.24163017610294
FGFBP2	131.0	126.30193342875971
FGFBP3	215.0	244.23730467302593
FGFR1	448.0	494.15299182933455
FGFR1OP2	105.0	101.83376080888642
FGFR2	392.0	441.5478849688743
FGFR3	620.0	868.7767862110902
FGFR4	486.0	646.0679568586238
FGFRL1	422.0	642.4324045626411
FGG	184.0	187.27630392185418
FGGY	251.0	254.17995130721917
FGL1	192.0	131.89967196594853
FGL2	183.0	186.01223837062543
FGR	286.0	309.85515412883393
FH	208.0	246.0817807547104
FHAD1	616.0	781.3322592533787
FHDC1	616.0	693.8915524153317
FHIP1A	478.0	529.425753353556
FHIP1B	585.0	633.9335210843577
FHIP2A	332.0	333.2346933913178
FHIP2B	497.0	500.5440644208159
FHIT	81.0	76.20215808416569
FHL1	82.0	91.3306990894584
FHL2	123.0	133.66636525830447
FHL3	137.0	172.93813293831647
FHL5	114.0	110.64230804632884
FHOD1	620.0	742.7689100436079
FHOD3	830.0	829.1394499556004
FIBCD1	313.0	382.56629921125324
FIBIN	127.0	130.1983196903824
FIBP	215.0	207.08001972428644
FICD	268.0	317.75226307122335
FIG4	369.0	367.8410993864306
FIGLA	129.0	118.70178345538396
FIGN	407.0	402.1121400792812
FIGNL1	295.0	285.84567135318565
FIGNL2	565.0	540.3806807765592
FILIP1	491.0	522.6879940356565
FILIP1L	467.0	476.5527516984661
FIP1L1	263.0	240.59824437322922
FIS1	92.0	85.32564033367068
FITM1	164.0	204.90333684374679
FITM2	132.0	146.19550988046086
FIZ1	407.0	424.71959557410634
FJX1	363.0	371.7978957004752
FKBP10	324.0	369.9353267254573
FKBP11	106.0	106.7771123448558
FKBP14	79.0	91.01445213985406
FKBP15	547.0	549.5669557367864
FKBP1A	42.0	51.203687676457605
FKBP1B	54.0	51.709198484089555
FKBP1C	56.0	52.7109278446978
FKBP2	76.0	77.82749245311562
FKBP3	82.0	89.08059125780181
FKBP4	223.0	247.20854384554298
FKBP5	176.0	194.59094098701848
FKBP6	130.0	163.77192053205306
FKBP7	98.0	96.83700231774026
FKBP8	279.0	275.3374383852664
FKBP9	267.0	299.33798067246886
FKBPL	134.0	181.58551647283747
FKRP	358.0	364.9707463333498
FKTN	178.0	189.9089583633108
FLACC1	156.0	171.6290118717826
FLAD1	267.0	304.4287495938215
FLCN	319.0	353.64336841010476
FLG	2551.0	1885.5500039041528
FLG2	1031.0	984.428121805699
FLI1	244.0	282.14437867745414
FLII	767.0	837.5262543647576
FLNA	1103.0	1098.5814366747215
FLNB	1302.0	1524.83705178369
FLNC	1430.0	2084.9805410455674
FLOT1	178.0	220.40613536016303
FLOT2	207.0	258.8624424767217
FLRT1	368.0	725.1358812800505
FLRT2	380.0	350.3233413741816
FLRT3	279.0	306.8305787806244
FLT1	594.0	616.4612214291244
FLT3	404.0	440.8265975917578
FLT3LG	123.0	145.4594572828659
FLT4	884.0	1134.0656971214653
FLVCR1	300.0	327.8834884239907
FLVCR2	255.0	270.05316254462275
FLYWCH1	595.0	557.986246028996
FLYWCH2	87.0	102.44676982051683
FMC1	59.0	66.39706110508436
FMC1-LUC7L2	167.0	202.46321539229274
FMN1	726.0	681.9119491712335
FMN2	890.0	1075.7121086722457
FMNL1	613.0	665.4847393354486
FMNL2	467.0	455.5489468976883
FMNL3	491.0	554.6885803148016
FMO1	228.0	225.93421445100057
FMO2	214.0	223.5216338516085
FMO3	219.0	228.33468276672517
FMO4	224.0	227.49430064594978
FMO5	187.0	211.6761325270995
FMOD	210.0	254.7565857513123
FMR1	138.0	161.97992187469467
FMR1NB	83.0	82.79549262273694
FN1	1149.0	1232.6437435044409
FN3K	192.0	212.51600757114022
FN3KRP	157.0	181.29034799326647
FNBP1	260.0	273.602782378347
FNBP1L	242.0	201.92371333832972
FNBP4	462.0	403.85216444762926
FNDC1	1099.0	1265.5452392926243
FNDC10	187.0	239.6682702428442
FNDC11	190.0	337.38427670270926
FNDC3A	472.0	441.7347750761517
FNDC3B	528.0	596.3308990708503
FNDC4	136.0	141.98421235598602
FNDC5	90.0	130.8403132480921
FNDC7	307.0	327.27580294059186
FNDC8	158.0	175.27227902053983
FNDC9	114.0	131.13405115268822
FNIP1	472.0	461.3917074106097
FNIP2	480.0	529.6014454403436
FNTA	176.0	162.1862986649869
FNTB	230.0	273.4670433139788
FOCAD	897.0	944.2983463159458
FOLH1	249.0	272.1441518308606
FOLR1	108.0	110.50978398390065
FOLR2	114.0	119.73720478251336
FOLR3	124.0	125.8813033490683
FOS	213.0	242.8655785060538
FOSB	214.0	230.55574520050413
FOSL1	133.0	144.14825144357906
FOSL2	179.0	231.0980658999344
FOXA1	340.0	373.145081594027
FOXA2	329.0	378.14859803222976
FOXA3	217.0	257.0465787539092
FOXB1	213.0	334.8108030272677
FOXB2	322.0	365.3256667095165
FOXC1	552.0	672.311024236586
FOXC2	436.0	596.4182436588387
FOXD1	354.0	424.88342576819525
FOXD2	393.0	485.3177111073995
FOXD3	391.0	447.0687261405361
FOXD4	258.0	348.74859527445614
FOXD4L1	159.0	267.07125126401377
FOXD4L3	26.0	244.91437278766563
FOXD4L4	71.0	137.14305868927713
FOXD4L5	2.0	155.9485047515078
FOXD4L6	11.0	159.66241193341534
FOXE1	278.0	344.07694983884375
FOXE3	274.0	295.38273068412934
FOXF1	330.0	426.2386235441435
FOXF2	337.0	457.8685805201709
FOXG1	355.0	438.39978375347187
FOXH1	273.0	282.7710707419113
FOXI1	218.0	242.03955747153222
FOXI2	240.0	315.68345733677
FOXI3	238.0	285.7358193726669
FOXJ1	280.0	379.20289143956524
FOXJ2	274.0	282.11751711207245
FOXJ3	269.0	255.48033571836174
FOXK1	537.0	716.7965491559113
FOXK2	505.0	482.92055266693023
FOXL1	280.0	404.6359361285186
FOXL2	315.0	349.9436496463277
FOXL2NB	104.0	117.16376159764079
FOXL3	170.0	186.16474542819788
FOXM1	387.0	413.75149005576947
FOXN1	356.0	435.41808603438733
FOXN2	195.0	221.1933797589678
FOXN3	230.0	303.04718007342535
FOXN4	297.0	331.11353626485516
FOXO1	380.0	385.22012283387585
FOXO3	318.0	449.37716637520754
FOXO3B	135.0	200.3389030190347
FOXO4	158.0	186.23193049620022
FOXO6	306.0	414.175981775928
FOXP1	371.0	327.00960515120033
FOXP2	328.0	306.35040574178623
FOXP3	141.0	137.24076061902775
FOXP4	415.0	445.379517343926
FOXQ1	377.0	440.195225522134
FOXR1	153.0	149.8861149181175
FOXR2	109.0	88.29228117632483
FOXRED1	271.0	344.4615451452259
FOXRED2	405.0	469.4862839581279
FOXS1	161.0	249.26629674643397
FPGS	348.0	391.1398062685667
FPGT	292.0	245.9762482493743
FPGT-TNNI3K	409.0	394.72270184612165
FPR1	193.0	222.55851338277765
FPR2	179.0	184.33414446149715
FPR3	135.0	184.6926735978302
FRA10AC1	112.0	90.38612375688862
FRAS1	1800.0	1806.265781386612
FRAT1	191.0	217.43939805196334
FRAT2	205.0	181.72699842790848
FREM1	1189.0	1256.9155983032915
FREM2	1562.0	1649.3473393895163
FREM3	1014.0	1177.3239040699293
FRG1	73.0	90.07159503540909
FRG2	51.0	119.5150661882217
FRG2B	33.0	103.5792478674669
FRG2C	92.0	74.37230773247134
FRK	245.0	215.40147727404312
FRMD1	324.0	387.6778307258106
FRMD3	279.0	275.2123608171292
FRMD4A	634.0	593.9224560084108
FRMD4B	506.0	418.08067079896693
FRMD5	271.0	260.7679431959314
FRMD6	273.0	271.8810134879552
FRMD7	212.0	187.2012814383268
FRMD8	246.0	275.79421389638
FRMPD1	783.0	840.9423856036292
FRMPD2	449.0	572.861111849185
FRMPD3	577.0	600.9435587653113
FRMPD4	631.0	586.5409448337618
FRRS1	225.0	225.08610700198037
FRRS1L	158.0	143.14447393861204
FRS2	219.0	218.71309452300366
FRS3	287.0	322.50823066678004
FRY	1370.0	1401.3758171270429
FRYL	1153.0	1231.771720250999
FRZB	170.0	180.68252544909706
FSBP	110.0	126.77071793839492
FSCB	331.0	339.1251087470466
FSCN1	322.0	482.763067352495
FSCN2	351.0	471.0577321668463
FSCN3	235.0	271.6974699205227
FSD1	265.0	325.39802406923957
FSD1L	197.0	196.84034749523295
FSD2	361.0	335.0654903448045
FSHB	55.0	54.63511130961095
FSHR	399.0	327.1191422567274
FSIP1	209.0	206.57889560763914
FSIP2	2601.0	2701.3321000037818
FST	157.0	181.08539202244182
FSTL1	120.0	126.26579946635431
FSTL3	199.0	199.61460721397245
FSTL4	422.0	491.5346126576746
FSTL5	383.0	337.2216154432058
FTCD	397.0	449.6480537242993
FTCDNL1	58.0	46.250347560014376
FTH1	83.0	92.79652730163194
FTHL17	85.0	80.89145103906247
FTL	73.0	119.29368677178172
FTMT	174.0	158.68397998859035
FTO	207.0	222.689932980855
FTSJ1	104.0	111.85182655430286
FTSJ3	408.0	423.82843134377384
FUBP1	279.0	231.0776935148775
FUBP3	271.0	305.39869059906516
FUCA1	230.0	227.59463147098649
FUCA2	211.0	268.5386704436983
FUNDC1	33.0	39.36163235798155
FUNDC2	44.0	52.106353869479044
FUOM	102.0	101.26115238443064
FURIN	508.0	611.1079810561982
FUS	281.0	260.62653131745304
FUT1	215.0	262.8852763686164
FUT10	217.0	227.34246181973944
FUT11	354.0	311.1791328188704
FUT2	182.0	271.09488989076476
FUT3	195.0	290.7122001553298
FUT4	417.0	438.1168625481485
FUT5	212.0	320.25282067997574
FUT6	187.0	286.9113444767994
FUT7	218.0	347.9791215229682
FUT8	254.0	261.50883854497766
FUT9	169.0	152.82855442636048
FUZ	274.0	272.15613922219455
FXN	120.0	100.23454556827603
FXR1	245.0	219.4526430847907
FXR2	331.0	331.27329256738005
FXYD1	55.0	49.973692354435926
FXYD2	42.0	34.16901770782743
FXYD3	48.0	42.694301724159054
FXYD4	40.0	43.16504225324537
FXYD5	101.0	85.66809203796049
FXYD6	49.0	43.06295237784339
FXYD6-FXYD2	83.0	66.77687762384994
FXYD7	39.0	41.30945885619883
FYB1	367.0	352.60220333513456
FYB2	293.0	305.98515617543717
FYCO1	648.0	870.4450342263744
FYN	236.0	257.8467210849654
FYTTD1	140.0	139.98505973062305
FZD1	486.0	565.3815866461812
FZD10	381.0	526.0601236444811
FZD2	333.0	456.66431933845655
FZD3	246.0	279.37148300673505
FZD4	246.0	275.9178912806586
FZD5	380.0	520.976676909742
FZD6	265.0	290.60685980647236
FZD7	428.0	540.9928709897704
FZD8	586.0	602.1234625063619
FZD9	384.0	453.4440989458675
FZR1	328.0	423.73006705925354
G0S2	64.0	84.98238788908473
G2E3	242.0	245.13696716566903
G3BP1	191.0	183.60134892724116
G3BP2	165.0	167.07731862923728
G6PC1	163.0	174.2955212904659
G6PC2	165.0	146.2271899504633
G6PC3	192.0	186.4976061514871
G6PD	188.0	200.42262413189695
GAA	572.0	794.1546645874766
GAB1	294.0	308.0377956021753
GAB2	321.0	337.4929645512412
GAB3	154.0	174.54478563802166
GAB4	329.0	313.84037770976784
GABARAP	45.0	53.42310221743076
GABARAPL1	47.0	47.33954370962617
GABARAPL2	57.0	54.57539342048885
GABBR1	442.0	532.1942220977608
GABBR2	478.0	498.58309237913056
GABPA	164.0	164.00361885858743
GABPB1	143.0	144.14555538900146
GABPB2	184.0	190.18064860933617
GABRA1	210.0	206.46559222692488
GABRA2	185.0	183.45340161109547
GABRA3	151.0	152.3982060138015
GABRA4	288.0	253.92383336219734
GABRA5	237.0	235.7571012061074
GABRA6	219.0	202.424559279128
GABRB1	247.0	229.79762548019747
GABRB2	244.0	244.45153461324622
GABRB3	260.0	246.15523399677127
GABRD	314.0	423.07010084566787
GABRE	155.0	154.24030330298177
GABRG1	232.0	178.1719469175241
GABRG2	208.0	214.5554633797854
GABRG3	227.0	227.9196684567107
GABRP	221.0	221.54513975185674
GABRQ	187.0	211.31368567511555
GABRR1	213.0	222.2617146471397
GABRR2	204.0	223.392289335803
GABRR3	206.0	185.57711649176997
GAD1	257.0	292.2783869683308
GAD2	274.0	292.6798662694019
GADD45A	95.0	121.12754759280779
GADD45B	100.0	116.14503471505506
GADD45G	93.0	125.32222945602523
GADD45GIP1	135.0	130.05493399559376
GADL1	254.0	217.56629047775388
GAGE1	6.0	7.236701785384001
GAGE10	23.0	25.386280175855227
GAGE12H	0.0	7.002148270298622
GAGE12J	10.0	14.667212649373521
GAGE13	0.0	13.13270338984994
GAGE2E	0.0	16.564118811309317
GAK	881.0	1060.4712010619508
GAL	79.0	72.97806170761518
GAL3ST1	274.0	329.22011577140637
GAL3ST2	302.0	367.78838165134425
GAL3ST3	355.0	327.35762119578203
GAL3ST4	248.0	286.114231163121
GALC	357.0	297.2321476659274
GALE	182.0	231.12423752984557
GALK1	240.0	266.0580813755686
GALK2	176.0	188.67673562775462
GALM	199.0	176.98385297711062
GALNS	346.0	381.76799805787965
GALNT1	210.0	205.77131093018147
GALNT10	302.0	327.9392022622766
GALNT11	270.0	315.71662328380796
GALNT12	304.0	303.74551349532635
GALNT13	214.0	218.16630130695154
GALNT14	280.0	325.99410238612154
GALNT15	313.0	437.2965436945156
GALNT16	276.0	323.54683655323305
GALNT17	305.0	338.9553642245683
GALNT18	364.0	473.0535919016957
GALNT2	303.0	346.9603575346186
GALNT3	265.0	248.22538088091613
GALNT4	264.0	269.4699106851426
GALNT5	404.0	390.42404565578494
GALNT6	323.0	329.57078793752896
GALNT7	243.0	283.812195340773
GALNT8	288.0	323.09726106274735
GALNT9	396.0	538.7417070868684
GALNTL5	192.0	202.85893880316974
GALNTL6	259.0	283.14154729001154
GALP	58.0	66.39402857585326
GALR1	206.0	289.4094117277651
GALR2	300.0	323.55432610818366
GALR3	308.0	271.5729193632892
GALT	154.0	202.38258274690338
GAMT	169.0	182.55205939463212
GAN	386.0	352.1710987126123
GANAB	482.0	448.2842705845274
GANC	377.0	360.3838882067922
GAP43	115.0	116.88658434263913
GAPDH	211.0	209.7966648814663
GAPDHS	166.0	240.00550835245298
GAPT	82.0	71.05413423447396
GAPVD1	636.0	620.1378720075065
GAR1	87.0	86.12474090600278
GAREM1	440.0	465.074323503621
GAREM2	550.0	658.9480689637319
GARNL3	439.0	489.53229675728437
GARRE1	505.0	525.6124405072069
GARS1	342.0	331.22601129377426
GART	434.0	411.7057368122641
GAS1	332.0	310.2745790423364
GAS2	144.0	136.63195770447783
GAS2L1	426.0	448.4546610448059
GAS2L2	490.0	532.3860147622531
GAS2L3	290.0	295.6684289761469
GAS6	432.0	581.9910944483788
GAS7	258.0	300.19561748155223
GAS8	264.0	321.2077569681982
GASK1A	316.0	349.89239076978873
GASK1B	262.0	280.3110084122852
GAST	52.0	50.86417904629392
GATA1	152.0	153.10862033360132
GATA2	313.0	330.4341688562248
GATA3	326.0	352.3153249066355
GATA4	372.0	399.29752228227056
GATA5	306.0	350.9583688349401
GATA6	419.0	444.10406019269584
GATAD1	129.0	122.30383244196167
GATAD2A	410.0	474.66283594216316
GATAD2B	281.0	266.4907338786277
GATB	276.0	274.9985796141368
GATC	76.0	90.37907370502143
GATD1	177.0	176.54043266904884
GATD3A	4.0	13.828924905997427
GATD3B	18.0	48.19696843038692
GATM	168.0	173.11083972404447
GBA	235.0	271.6881783544403
GBA2	403.0	487.5211259841243
GBA3	220.0	203.0888518997516
GBE1	284.0	272.8730793330979
GBF1	850.0	909.2498193630354
GBGT1	168.0	217.79538445241351
GBP1	250.0	254.65571239310316
GBP2	243.0	254.19551650306053
GBP3	208.0	242.5343481706797
GBP4	278.0	271.5558569106547
GBP5	248.0	248.826655922521
GBP6	255.0	273.3440324008732
GBP7	267.0	268.94410337362825
GBX1	203.0	249.62136076286862
GBX2	220.0	362.1019927082789
GC	216.0	184.79694064629155
GCA	102.0	71.76221103181066
GCAT	218.0	245.03962145038614
GCC1	391.0	461.58929348982645
GCC2	703.0	579.2891978555165
GCDH	242.0	298.8576264905639
GCFC2	338.0	257.75594950270767
GCG	89.0	72.37341410838879
GCGR	278.0	430.34559015736716
GCH1	159.0	137.8336837848676
GCHFR	54.0	43.2770870041548
GCK	256.0	304.3988789379596
GCKR	294.0	300.7454233984786
GCLC	262.0	265.6342481644156
GCLM	129.0	110.12348639095721
GCM1	183.0	194.82698471429987
GCM2	222.0	252.33933923459767
GCN1	1386.0	1599.2256279832784
GCNA	195.0	235.90843861913112
GCNT1	183.0	202.26957981486095
GCNT2	212.0	208.94985398745484
GCNT3	269.0	242.01320118798424
GCNT4	158.0	190.18576369024052
GCNT7	133.0	141.73356959087036
GCOM1	376.0	331.64336263128763
GCSAM	68.0	67.28961876301712
GCSAML	37.0	53.324893022246556
GCSH	59.0	65.4165702041195
GDA	201.0	176.4944615767388
GDAP1	170.0	150.14717062408266
GDAP1L1	193.0	223.9792221872558
GDAP2	203.0	178.023800847639
GDE1	159.0	150.99100474809728
GDF1	311.0	278.5943831107374
GDF10	328.0	355.6953594578681
GDF11	212.0	270.86300912337333
GDF15	228.0	227.53409818973046
GDF2	276.0	304.0326556301954
GDF3	166.0	188.9316543624887
GDF5	332.0	330.75294238437033
GDF6	296.0	340.2396209534015
GDF7	330.0	327.06550582649993
GDF9	205.0	203.45233721088096
GDI1	172.0	152.81483711559017
GDI2	177.0	206.59392692768176
GDNF	122.0	132.40095093987733
GDPD1	139.0	117.01706972468436
GDPD2	167.0	171.00027852622858
GDPD3	145.0	182.89745075837865
GDPD4	212.0	198.369286558565
GDPD5	336.0	347.96542679219675
GDPGP1	219.0	252.04108646490607
GEM	141.0	145.82287416581187
GEMIN2	101.0	80.80438040884812
GEMIN4	562.0	753.6571654156307
GEMIN5	673.0	666.4417908657937
GEMIN6	87.0	71.1406554106127
GEMIN7	68.0	73.06000351336411
GEMIN8	80.0	80.81573863307086
GEN1	371.0	361.1558750929756
GET1	92.0	95.21018841764756
GET1-SH3BGR	118.0	129.5433800605119
GET3	198.0	191.96123851090894
GET4	280.0	294.0880031091601
GFAP	222.0	269.5511469651476
GFER	138.0	151.0566358339699
GFI1	239.0	286.8655548888288
GFI1B	178.0	226.79689762054713
GFM1	282.0	304.56079375559534
GFM2	276.0	291.78494006213657
GFOD1	253.0	340.15938840940936
GFOD2	211.0	272.12677382228986
GFPT1	269.0	257.1405223654434
GFPT2	368.0	398.09686019724893
GFRA1	270.0	291.1545711908444
GFRA2	305.0	299.46714749402616
GFRA3	203.0	201.35611584484
GFRA4	188.0	207.06097894404868
GFRAL	166.0	140.26258689251037
GFUS	188.0	257.13052213840433
GFY	277.0	331.1358183700417
GGA1	342.0	382.82378666471055
GGA2	317.0	297.05213326688846
GGA3	416.0	468.45551161435964
GGACT	118.0	146.42294724666775
GGCT	72.0	89.77188285115331
GGCX	368.0	360.92958571783436
GGH	147.0	121.14410148928987
GGN	425.0	541.1200565230627
GGNBP2	287.0	272.21082460988373
GGPS1	138.0	117.63353137395869
GGT1	238.0	340.08349732621144
GGT2	22.0	167.0612765041079
GGT5	370.0	339.4685834996803
GGT6	305.0	373.82609787328767
GGT7	388.0	366.99986727913597
GGTA1	17.0	12.710175234496527
GGTLC1	110.0	148.73568812023382
GGTLC2	89.0	128.33838810720846
GGTLC3	1.0	27.19992800631745
GH1	126.0	133.44122045337693
GH2	126.0	128.81590059458526
GHDC	282.0	277.0829774116352
GHITM	154.0	139.39861241201518
GHR	272.0	262.0740537115436
GHRH	54.0	49.86504924814626
GHRHR	249.0	233.31693217508243
GHRL	63.0	68.21782490612273
GHSR	238.0	287.66442299525085
GID4	166.0	207.57728879574032
GID8	112.0	126.62182965019811
GIGYF1	752.0	772.0080403312334
GIGYF2	534.0	537.387307005071
GIMAP1	230.0	248.78291263315805
GIMAP1-GIMAP5	287.0	328.4926628850162
GIMAP2	167.0	159.5247579858549
GIMAP4	149.0	163.22585240544572
GIMAP5	174.0	181.44167556025707
GIMAP6	156.0	184.4429716497311
GIMAP7	137.0	147.95188072649918
GIMAP8	335.0	342.3164465307579
GIMD1	91.0	86.93559900979224
GIN1	222.0	182.1621655042259
GINM1	143.0	130.45497986404882
GINS1	97.0	65.14563921527407
GINS2	118.0	88.2962866058917
GINS3	109.0	118.37435331196193
GINS4	85.0	100.9689711875968
GIP	76.0	66.90026483924603
GIPC1	224.0	247.9805376437405
GIPC2	167.0	141.97031451995082
GIPC3	194.0	225.0857408299367
GIPR	256.0	266.12189315335894
GIT1	414.0	502.5062133171745
GIT2	353.0	356.0597737845734
GJA1	186.0	186.92173775926614
GJA10	239.0	224.73417477131343
GJA3	297.0	372.1235655370102
GJA4	167.0	260.6485966367964
GJA5	193.0	182.58360909043424
GJA8	304.0	275.27354807029985
GJA9	190.0	219.4854484540076
GJB1	114.0	105.47093312162394
GJB2	123.0	146.73444193140566
GJB3	137.0	204.22011688266727
GJB4	162.0	230.37352466378206
GJB5	146.0	172.52900465050246
GJB6	136.0	151.7032516914349
GJB7	87.0	93.087376951571
GJC1	177.0	181.7739188888385
GJC2	336.0	451.95697344496307
GJC3	140.0	146.2527403671238
GJD2	171.0	172.16497513349887
GJD3	217.0	241.82353084039983
GJD4	293.0	246.70693039012212
GJE1	65.0	50.7045567622935
GK	104.0	107.69268777276856
GK2	228.0	227.73600035700582
GK3P	183.0	239.3414086594351
GK5	211.0	189.65135881025353
GKAP1	151.0	127.9744796396092
GKN1	96.0	72.9426879525843
GKN2	82.0	78.1381395720274
GKN3P	37.0	21.24613168166204
GLA	94.0	116.92649007642655
GLB1	323.0	340.17660114577603
GLB1L	296.0	333.3674817648628
GLB1L2	290.0	402.1155374440992
GLB1L3	314.0	347.8805023669063
GLCCI1	310.0	331.61467371154026
GLCE	245.0	262.7975142757464
GLDC	546.0	596.6796916008286
GLDN	332.0	272.0560082048045
GLE1	302.0	315.76708613634304
GLG1	644.0	538.4085724283489
GLI1	528.0	584.3045129178416
GLI2	974.0	1067.4354332084745
GLI3	938.0	991.5146289189438
GLI4	277.0	332.31312520630246
GLIPR1	122.0	104.66609279408989
GLIPR1L1	77.0	88.40070333089969
GLIPR1L2	145.0	141.5787375395217
GLIPR2	91.0	80.99094453582936
GLIS1	450.0	591.0626617498813
GLIS2	368.0	393.62293964593846
GLIS3	684.0	741.0604565271656
GLMN	206.0	175.00579491276469
GLMP	220.0	225.25038166199047
GLO1	78.0	49.570789058968444
GLOD4	145.0	146.45093146121278
GLOD5	49.0	46.865153419492444
GLP1R	263.0	260.71461561385115
GLP2R	270.0	286.51205998006776
GLRA1	196.0	221.70124932628988
GLRA2	132.0	124.75600259623923
GLRA3	223.0	190.31623505798487
GLRB	209.0	197.53416124556634
GLRX	49.0	44.74956361600505
GLRX2	95.0	72.23136885795194
GLRX3	133.0	132.83886437603113
GLRX5	98.0	95.89401251447278
GLS	317.0	356.9066125124525
GLS2	238.0	274.3506292857125
GLT1D1	147.0	150.62421894739077
GLT6D1	128.0	159.1675200633888
GLT8D1	150.0	148.2342642880619
GLT8D2	156.0	158.6031280206866
GLTP	92.0	118.13789485090882
GLTPD2	199.0	241.0786906970476
GLUD1	223.0	278.6714701788775
GLUD2	147.0	169.08417141800223
GLUL	182.0	185.46559703176752
GLYAT	140.0	111.70189517605134
GLYATL1	151.0	132.6532596123581
GLYATL1B	76.0	40.647949447613215
GLYATL2	114.0	110.93615677661248
GLYATL3	141.0	137.14053978917204
GLYCTK	320.0	357.5715456222174
GLYR1	392.0	360.9868118246193
GM2A	101.0	102.2928481449232
GMCL1	210.0	194.13802489166017
GMCL2	172.0	212.44312108197553
GMDS	177.0	198.17850689777617
GMEB1	255.0	242.142696687765
GMEB2	322.0	448.60855094471935
GMFB	57.0	43.37973219586466
GMFG	65.0	58.27964635096119
GMIP	541.0	617.1500503497648
GML	72.0	74.89833003216097
GMNC	156.0	174.03394864801692
GMNN	81.0	61.69142788218089
GMPPA	211.0	242.69069617427564
GMPPB	193.0	246.5328125650158
GMPR	162.0	187.2827279740848
GMPR2	154.0	157.47531398100602
GMPS	224.0	235.45096871017273
GNA11	211.0	354.6456143452955
GNA12	264.0	262.5358394297968
GNA13	176.0	219.6507218292872
GNA14	173.0	168.76129886854596
GNA15	226.0	241.87146131973114
GNAI1	166.0	128.91776990386396
GNAI2	194.0	218.86091820126273
GNAI3	132.0	140.27208564861726
GNAL	253.0	255.66086646959002
GNAO1	164.0	199.62173933913564
GNAQ	155.0	149.12859816006653
GNAS	204.0	262.9481580498041
GNAT1	195.0	281.2691099739315
GNAT2	141.0	143.46534226585123
GNAT3	138.0	121.1728485808975
GNAZ	211.0	272.7972021067253
GNB1	183.0	199.3159965799738
GNB1L	193.0	257.7317309579031
GNB2	254.0	258.2118676568297
GNB3	172.0	217.24904670559593
GNB4	132.0	139.95041475535373
GNB5	219.0	186.4050228852357
GNE	264.0	333.64533518749516
GNG10	28.0	33.55269646434431
GNG11	31.0	21.84640963954528
GNG12	28.0	29.21211934289196
GNG13	45.0	44.269988910363516
GNG14	44.0	41.07545437102049
GNG2	28.0	32.562790638672766
GNG3	30.0	33.60274856796587
GNG4	29.0	35.46880158051428
GNG5	24.0	30.177100432572857
GNG5P2	19.0	11.147969139539253
GNG7	34.0	35.92544572991095
GNG8	32.0	52.34709974837602
GNGT1	37.0	25.006669200423815
GNGT2	31.0	30.25123461645635
GNL1	287.0	329.97072183719126
GNL2	283.0	308.1372268011028
GNL3	252.0	216.57078225456908
GNL3L	159.0	165.54237898824817
GNLY	77.0	76.93698689640532
GNMT	163.0	169.77779891329536
GNPAT	271.0	280.7116947160872
GNPDA1	147.0	145.40989789012445
GNPDA2	94.0	102.1625709873924
GNPNAT1	71.0	64.59355513094589
GNPTAB	512.0	535.7390230468422
GNPTG	250.0	250.85694980283233
GNRH1	44.0	35.68887690465642
GNRH2	60.0	78.28803397888788
GNRHR	141.0	133.20854799225384
GNS	243.0	209.05593007305936
GOLGA1	318.0	318.8105613649078
GOLGA2	501.0	604.3433009374272
GOLGA3	824.0	1047.0012531102545
GOLGA4	923.0	866.9551548009707
GOLGA5	312.0	302.659159546382
GOLGA6A	6.0	146.0170495564789
GOLGA6B	48.0	190.10171152865564
GOLGA6C	33.0	183.201993216339
GOLGA6D	39.0	137.43448375509462
GOLGA6L1	10.0	50.025204801636946
GOLGA6L10	12.0	133.5763729387388
GOLGA6L2	299.0	319.8399683332311
GOLGA6L22	62.0	172.15187525826585
GOLGA6L4	1.0	109.73335717029912
GOLGA6L6	38.0	138.83779764255826
GOLGA6L7	136.0	231.36505902921985
GOLGA6L9	97.0	112.06977672388446
GOLGA7	64.0	51.743988592133725
GOLGA7B	87.0	90.01189734456744
GOLGA8A	7.0	69.89780176542308
GOLGA8B	10.0	69.98812115082305
GOLGA8F	5.0	38.46648230561861
GOLGA8G	9.0	53.07758054950256
GOLGA8H	108.0	156.6387799317694
GOLGA8J	69.0	169.029107455621
GOLGA8K	48.0	175.53582258435037
GOLGA8M	138.0	203.59126137142044
GOLGA8N	2.0	61.32983542838533
GOLGA8O	8.0	57.80503115762256
GOLGA8Q	22.0	127.71545210504377
GOLGA8R	10.0	44.60263113369395
GOLGA8S	86.0	163.96464024182131
GOLGA8T	67.0	143.04694404517855
GOLGB1	1208.0	1252.6215207927467
GOLIM4	327.0	320.30607093038935
GOLM1	178.0	199.9729578691456
GOLM2	165.0	180.24030825968066
GOLPH3	158.0	164.50397077900868
GOLPH3L	120.0	119.49609144830525
GOLT1A	60.0	73.93336992338095
GOLT1B	65.0	41.804496396290666
GON4L	876.0	904.2270575996938
GON7	54.0	62.54927691228555
GOPC	190.0	211.58009554347586
GORAB	183.0	160.5124935957984
GORASP1	204.0	251.16598755837535
GORASP2	221.0	214.81201403452067
GOSR1	94.0	87.80528263520827
GOSR2	91.0	91.72375111501627
GOT1	188.0	203.65606354903068
GOT1L1	183.0	190.31711563085602
GOT2	172.0	197.06734519198497
GP1BA	323.0	455.1077962583387
GP1BB	191.0	172.36436463682918
GP2	280.0	259.26277472262564
GP5	382.0	474.20130611211613
GP6	340.0	361.54688783617
GP9	116.0	129.23232958314156
GPA33	176.0	177.06338322659
GPAA1	393.0	480.68628025998686
GPALPP1	120.0	118.4618164005342
GPAM	368.0	346.43379370529726
GPANK1	174.0	201.18411916622952
GPAT2	228.0	317.00757742805814
GPAT3	197.0	186.37622631003666
GPAT4	204.0	219.99876251604383
GPATCH1	391.0	406.2448723812436
GPATCH11	84.0	88.22082392440245
GPATCH2	222.0	206.75661233461156
GPATCH2L	199.0	215.57298433418595
GPATCH3	280.0	302.59454039826363
GPATCH4	127.0	153.0376196233026
GPATCH8	659.0	699.0533317237193
GPBAR1	193.0	272.9424714721479
GPBP1	204.0	190.8738049378867
GPBP1L1	243.0	204.71087223896114
GPC1	380.0	527.9384709459965
GPC2	364.0	346.23986147035487
GPC3	177.0	177.95811080225158
GPC4	167.0	180.79906371045527
GPC5	286.0	273.6927798165976
GPC6	278.0	296.08365093873584
GPCPD1	258.0	231.75310553644394
GPD1	172.0	178.50313990172782
GPD1L	187.0	171.48680915637252
GPD2	288.0	286.3102577468595
GPER1	263.0	480.3119643397785
GPHA2	61.0	74.69232998033249
GPHB5	68.0	65.52460653927955
GPHN	320.0	294.99809680542506
GPI	288.0	291.88613830283487
GPIHBP1	106.0	143.482000243996
GPKOW	167.0	162.83239589541938
GPLD1	386.0	406.1186981382945
GPM6A	130.0	128.78436347467297
GPM6B	124.0	103.6025134278789
GPN1	179.0	149.40860724589712
GPN2	212.0	189.13209443911998
GPN3	116.0	108.66543480092247
GPNMB	253.0	273.88656076867477
GPR101	155.0	179.53813302803465
GPR107	267.0	227.13156939726818
GPR108	311.0	363.4480909071972
GPR119	107.0	116.75131487217885
GPR12	201.0	199.28052445700348
GPR132	233.0	327.2304856125392
GPR135	368.0	408.75696109408375
GPR137	226.0	257.8491087305392
GPR137B	218.0	268.6437871498139
GPR137C	285.0	225.85377714903873
GPR139	184.0	192.09064024906417
GPR141	140.0	152.95061430945003
GPR142	202.0	280.9930577629151
GPR143	156.0	126.49484576758437
GPR146	203.0	251.23214397184398
GPR148	173.0	195.66671317469147
GPR149	405.0	388.8125641317396
GPR15	170.0	179.60582861203127
GPR150	347.0	326.95679214965924
GPR151	202.0	206.07878976161498
GPR152	278.0	349.0766105434956
GPR153	408.0	508.1289782936938
GPR155	319.0	338.613772369928
GPR156	376.0	402.52572070249784
GPR157	200.0	256.40843764540153
GPR158	581.0	686.4355886660854
GPR160	130.0	130.0840760243847
GPR161	286.0	314.8409408440739
GPR162	363.0	514.8469760921648
GPR17	209.0	387.62662824389366
GPR171	134.0	141.17457261531823
GPR173	131.0	141.62127482311968
GPR174	111.0	98.25817501901017
GPR176	278.0	284.4908882093451
GPR179	1123.0	1255.5738308010702
GPR18	160.0	169.46058289158063
GPR180	200.0	191.3543123952624
GPR182	213.0	267.14161409710357
GPR183	160.0	162.84151455661393
GPR19	173.0	201.13894411998785
GPR20	241.0	452.0126272339387
GPR21	169.0	180.58119427485624
GPR22	191.0	169.44766580832328
GPR25	280.0	304.56331932889225
GPR26	228.0	260.93069954886283
GPR27	367.0	355.838003907366
GPR3	183.0	221.24396245837517
GPR31	209.0	242.59784068114516
GPR32	215.0	198.34069849862192
GPR33	138.0	139.7357904988409
GPR34	99.0	104.06535667738308
GPR35	207.0	354.1840221842268
GPR37	315.0	387.4827671469959
GPR37L1	256.0	314.82528319963774
GPR39	280.0	292.18649522436664
GPR4	219.0	276.4153067613155
GPR42	28.0	160.35352769332522
GPR45	220.0	268.44791986418954
GPR50	233.0	209.62617844915513
GPR52	144.0	166.98935435409376
GPR55	183.0	222.17932683072908
GPR6	299.0	325.82568481185643
GPR61	238.0	289.52899511494604
GPR62	280.0	280.8519055845683
GPR63	172.0	192.20557135255805
GPR65	128.0	154.01210027989282
GPR68	262.0	301.64628962095395
GPR75	285.0	267.87984858857953
GPR78	349.0	373.88987036131255
GPR82	90.0	86.69081648123212
GPR83	234.0	240.28150639165182
GPR84	164.0	212.60562729952034
GPR85	167.0	174.51940477767727
GPR87	170.0	165.24567595785308
GPR88	307.0	305.31908238957794
GPR89A	57.0	136.15272868671056
GPR89B	57.0	155.59678774341967
GPRASP1	304.0	373.4178889108861
GPRASP2	219.0	247.22321269780565
GPRC5A	192.0	207.99438024111197
GPRC5B	241.0	301.39577446333954
GPRC5C	249.0	324.9215976900482
GPRC5D	178.0	189.22458411947514
GPRC6A	347.0	383.34331596330526
GPRIN1	589.0	685.1186432211211
GPRIN2	361.0	267.119232839759
GPRIN3	377.0	406.9772890544015
GPS1	343.0	411.17246948258486
GPS2	202.0	159.737102539118
GPSM1	416.0	604.8809308993884
GPSM2	224.0	261.51205557046694
GPSM3	70.0	86.01870250038957
GPT	397.0	512.7509076957325
GPT2	271.0	298.2062574352583
GPX1	142.0	151.23329998899484
GPX2	94.0	125.21005497082221
GPX3	110.0	125.62323633731191
GPX4	163.0	175.75352255196552
GPX5	92.0	103.81875250825475
GPX6	75.0	103.60167105445336
GPX7	112.0	100.89177956759224
GPX8	86.0	82.21376034990642
GRAMD1A	405.0	451.0689581172411
GRAMD1B	431.0	425.36261312764674
GRAMD1C	256.0	212.3996881038686
GRAMD2A	136.0	166.68362199979157
GRAMD2B	161.0	180.97617581306145
GRAMD4	336.0	438.76971613412337
GRAP	68.0	72.54975591274457
GRAP2	156.0	173.03585321554823
GRB10	291.0	311.1967042182273
GRB14	247.0	239.62289884854965
GRB2	94.0	111.46356488492894
GRB7	277.0	313.20336505703705
GREB1	1132.0	1350.8029019442115
GREB1L	789.0	912.9023192612342
GREM1	98.0	97.28673170732208
GREM2	98.0	126.28526625932676
GREP1	136.0	62.331170022909255
GRHL1	266.0	297.3212911524416
GRHL2	280.0	283.4496410960711
GRHL3	299.0	346.8063392652464
GRHPR	179.0	186.87213613046907
GRIA1	438.0	443.61624567083163
GRIA2	412.0	393.6638932908316
GRIA3	274.0	255.924466364057
GRIA4	386.0	371.6747859273488
GRID1	553.0	601.629089293415
GRID2	505.0	423.0172309209318
GRID2IP	814.0	1001.0369565894972
GRIFIN	101.0	106.10266523135338
GRIK1	438.0	418.2659405776544
GRIK2	417.0	353.7685673335998
GRIK3	511.0	592.7981218776335
GRIK4	485.0	556.4054738036918
GRIK5	580.0	634.2205687595099
GRIN1	544.0	764.0802106448775
GRIN2A	827.0	844.6975468346291
GRIN2B	787.0	915.0317200363872
GRIN2C	809.0	834.8857485333605
GRIN2D	845.0	892.2881888315615
GRIN3A	527.0	568.7618423723679
GRIN3B	823.0	1118.973245566985
GRINA	256.0	276.7736601698014
GRIP1	530.0	505.141221126844
GRIP2	586.0	653.474030806064
GRIPAP1	261.0	240.9749902472791
GRK1	327.0	450.5667067750225
GRK2	425.0	492.12666571449864
GRK3	281.0	269.0930936588607
GRK4	257.0	275.7685328023199
GRK5	289.0	354.98264273277823
GRK6	295.0	437.54152230227584
GRK7	256.0	309.4176648786292
GRM1	700.0	719.5276927161051
GRM2	437.0	623.6123483276328
GRM3	443.0	467.81307641145065
GRM4	488.0	696.1296141847973
GRM5	675.0	629.8861124823983
GRM6	580.0	877.6893273780629
GRM7	487.0	606.095455222372
GRM8	396.0	424.81636435138813
GRN	327.0	391.15363633708455
GRP	84.0	73.1502778422832
GRPEL1	109.0	115.88248107008955
GRPEL2	106.0	111.97466574260069
GRPR	128.0	129.20659655566928
GRSF1	293.0	267.64888660364295
GRTP1	217.0	257.87292955565925
GRWD1	262.0	310.39201512260274
GRXCR1	122.0	133.91537990149556
GRXCR2	130.0	123.4231759329028
GSAP	381.0	302.6711403490131
GSC	199.0	213.28003947025655
GSC2	169.0	124.61734312782087
GSDMA	211.0	213.12879832048054
GSDMB	175.0	184.18819812341633
GSDMC	241.0	230.2841988065064
GSDMD	307.0	370.36944747614774
GSDME	258.0	353.8872510307369
GSE1	1115.0	1006.3388997907559
GSG1	162.0	194.89853274431306
GSG1L	215.0	225.8272553055122
GSG1L2	127.0	115.64867991072421
GSK3A	301.0	303.4676060265549
GSK3B	181.0	169.74189360338985
GSKIP	70.0	66.36989187667008
GSN	373.0	433.5370447723958
GSPT1	334.0	319.299621461112
GSPT2	194.0	198.056926574055
GSR	264.0	272.81466608052
GSS	224.0	233.86932111915635
GSTA1	125.0	89.5936074097973
GSTA2	121.0	85.15970397448707
GSTA3	122.0	89.09315229708368
GSTA4	92.0	94.16754601617373
GSTA5	102.0	89.18888053602124
GSTCD	273.0	241.58965786287644
GSTK1	108.0	118.31999917132033
GSTM1	20.0	71.7025980858396
GSTM2	93.0	96.74210507915699
GSTM3	102.0	94.88955231710484
GSTM4	94.0	102.66447674660526
GSTM5	91.0	100.26168196288221
GSTO1	105.0	101.99494298931256
GSTO2	109.0	115.6386516353342
GSTP1	122.0	127.46278079445689
GSTT2	1.0	32.11362496546192
GSTT2B	9.0	87.61529748118049
GSTZ1	93.0	109.7634121205271
GSX1	202.0	217.37099222844057
GSX2	217.0	259.4061785686753
GTDC1	193.0	185.22520791888064
GTF2A1	145.0	131.595899165192
GTF2A1L	246.0	234.0390671626809
GTF2A2	56.0	47.11657293270531
GTF2B	142.0	128.03525748910656
GTF2E1	188.0	197.88932659916784
GTF2E2	117.0	107.70997709538494
GTF2F1	287.0	342.6534112012512
GTF2F2	105.0	81.46715364082196
GTF2H1	215.0	202.35590541200935
GTF2H2	9.0	37.95983239849706
GTF2H2C	15.0	43.86323262383034
GTF2H3	123.0	121.28252018590393
GTF2H4	189.0	256.5684690104092
GTF2H5	30.0	32.23132866958066
GTF2I	153.0	175.99935695071125
GTF2IRD1	484.0	538.7995350472381
GTF2IRD2	48.0	247.51175490417248
GTF2IRD2B	108.0	289.8771552938241
GTF3A	191.0	155.6751860581855
GTF3C1	1090.0	1185.087777992829
GTF3C2	437.0	421.3601509548295
GTF3C3	335.0	372.1795226536444
GTF3C4	409.0	447.76814074861744
GTF3C5	295.0	321.3116917133696
GTF3C6	87.0	78.18826349351615
GTPBP1	344.0	401.2995285791013
GTPBP10	152.0	130.51762854770277
GTPBP2	310.0	365.9488451377532
GTPBP3	332.0	341.54403237370525
GTPBP4	272.0	295.848016706818
GTPBP6	334.0	226.179619605977
GTPBP8	147.0	129.6560894983268
GTSE1	368.0	529.3648603108567
GTSF1	69.0	62.11017478676238
GTSF1L	62.0	72.38473192552337
GUCA1A	97.0	111.05092281348982
GUCA1ANB	42.0	47.7069413244961
GUCA1B	100.0	103.92990408663994
GUCA1C	78.0	80.35927011909017
GUCA2A	64.0	56.17171080906876
GUCA2B	69.0	73.81204826050548
GUCD1	129.0	119.58110736511658
GUCY1A1	308.0	305.8603120927631
GUCY1A2	364.0	349.82805123469336
GUCY1B1	266.0	263.64180165131455
GUCY2C	452.0	441.92310237874466
GUCY2D	688.0	799.7886366926259
GUCY2F	331.0	288.8659344424354
GUF1	279.0	265.1600201524601
GUK1	105.0	153.24498921288156
GULP1	119.0	92.80904267576544
GUSB	360.0	355.7996401458268
GVQW3	71.0	73.47909215139119
GXYLT1	176.0	167.46726801285203
GXYLT2	219.0	201.30827915552024
GYG1	141.0	156.536339470448
GYG2	167.0	166.81339068621617
GYPA	57.0	51.9852036755397
GYPB	38.0	31.77421942112469
GYPC	78.0	64.69049957834514
GYPE	28.0	25.2010366697504
GYS1	366.0	435.6943342722891
GYS2	328.0	297.871736589314
GZF1	364.0	399.1956539482867
GZMA	90.0	107.39684690291101
GZMB	121.0	123.47775964854134
GZMH	119.0	122.24754449953988
GZMK	136.0	110.88863596986664
GZMM	178.0	201.18071758117895
H1-0	143.0	135.9714203675514
H1-1	211.0	119.05289002949198
H1-10	191.0	172.1195726259042
H1-2	300.0	141.89926504399057
H1-3	266.0	122.57308861799862
H1-4	318.0	166.64905092672484
H1-5	250.0	141.24474373312881
H1-6	225.0	104.09296733216902
H1-7	177.0	177.18965133226536
H1-8	193.0	191.42639446646655
H2AB1	1.0	48.67630258610451
H2AC1	145.0	76.25998963218072
H2AC11	161.0	99.96906703878655
H2AC12	158.0	93.55885094047201
H2AC13	96.0	87.82698033389093
H2AC14	121.0	80.70299057645542
H2AC15	125.0	108.01332955584522
H2AC16	131.0	92.03958775098586
H2AC17	138.0	88.45346224327484
H2AC20	97.0	98.58184307109292
H2AC21	119.0	106.89188300467585
H2AC4	129.0	92.39277961568224
H2AC6	146.0	90.0070290291388
H2AC7	168.0	94.01489882158594
H2AC8	176.0	90.85649033640158
H2AJ	98.0	116.8892030494161
H2AL3	1.0	0.13972510748506378
H2AP	36.0	36.15446537398011
H2AW	100.0	121.35368546451323
H2AX	110.0	137.46909716359573
H2AZ1	78.0	67.66143021065348
H2AZ2	44.0	52.41467319506455
H2BC1	131.0	60.51102212925386
H2BC10	120.0	84.44246779989692
H2BC11	127.0	90.67113359083956
H2BC12	132.0	82.76101032616643
H2BC13	109.0	88.05941512509159
H2BC14	131.0	73.44574524210209
H2BC15	87.0	105.22610922333018
H2BC17	103.0	90.25406282767435
H2BC18	104.0	76.72164589464411
H2BC21	109.0	88.5935799887071
H2BC3	122.0	70.8776064851836
H2BC4	146.0	77.2570789695557
H2BC5	133.0	73.97824382773177
H2BC6	136.0	77.50060872894313
H2BC7	148.0	88.06493625900667
H2BC8	150.0	68.73215403480602
H2BC9	136.0	79.2120409545876
H2BE1	57.0	59.9194651753421
H2BU1	113.0	106.16860280371557
H2BW1	58.0	56.98274462639849
H2BW2	80.0	52.03364429074165
H3-2	101.0	105.82357832251593
H3-3A	49.0	57.65779506999016
H3-3B	133.0	95.77203986196238
H3-4	138.0	106.43452498074492
H3-5	82.0	75.16163685117341
H3C1	181.0	93.09315448879453
H3C10	122.0	97.96872534941365
H3C11	132.0	95.55412227760688
H3C12	100.0	88.4467751346688
H3C13	110.0	96.95946623305782
H3C2	166.0	92.57086641054387
H3C3	178.0	92.55166949940367
H3C4	141.0	89.73460280876378
H3C6	169.0	88.1228761381917
H3C7	113.0	93.13822257879407
H3C8	143.0	89.79542453880525
H3Y1	31.0	12.430512055696674
H3Y2	44.0	15.94363612390916
H4-16	84.0	89.58024916822666
H4C1	74.0	62.00701675006415
H4C11	95.0	62.123760826407675
H4C12	71.0	53.79880473074901
H4C13	94.0	68.45652706421572
H4C2	145.0	66.53392176232137
H4C3	133.0	65.41922205333327
H4C4	130.0	61.66106871808914
H4C5	154.0	71.39729320310747
H4C6	124.0	65.03020139766869
H4C7	69.0	62.30936736170093
H4C8	118.0	65.13988357120841
H4C9	83.0	73.69557072032156
H6PD	480.0	721.2204998199192
HAAO	157.0	156.82839183686113
HABP2	263.0	256.05300382340846
HABP4	216.0	225.3868808125302
HACD1	142.0	132.065584563154
HACD2	115.0	108.3893650059266
HACD3	141.0	145.9820795044539
HACD4	118.0	115.78673800361696
HACE1	368.0	316.8829345942292
HACL1	230.0	228.18678170011452
HADH	139.0	148.02056792638896
HADHA	320.0	337.59263054782707
HADHB	191.0	198.20273432806155
HAGH	225.0	241.01609469934166
HAGHL	223.0	242.51994262665133
HAL	301.0	303.9502582219535
HAMP	52.0	41.446994861018474
HAND1	128.0	152.8119047768113
HAND2	162.0	187.17503560990073
HAO1	172.0	184.3313868794192
HAO2	180.0	157.32909986876308
HAP1	346.0	350.7948704956992
HAPLN1	202.0	165.76547979994464
HAPLN2	208.0	218.2639231271321
HAPLN3	211.0	320.05317485323013
HAPLN4	274.0	282.60694637582174
HARBI1	168.0	160.2829024198646
HARS1	205.0	249.12599064260104
HARS2	228.0	228.95899053421294
HAS1	409.0	440.4154777320571
HAS2	228.0	239.4904894511979
HAS3	339.0	402.5496534302198
HASPIN	440.0	466.5620420994397
HAT1	146.0	133.0134147810324
HAUS1	109.0	104.51723167698464
HAUS2	113.0	72.74595479612357
HAUS3	234.0	254.1730452321673
HAUS4	149.0	157.54829985619278
HAUS5	339.0	377.91601092448843
HAUS6	356.0	367.29135670241936
HAUS7	165.0	126.80999084361233
HAUS8	199.0	219.79826553451096
HAVCR1	178.0	166.51172103260768
HAVCR2	154.0	146.59932585951358
HAX1	114.0	127.8889825412546
HBA1	32.0	99.02165481776709
HBA2	38.0	109.94648905553274
HBB	99.0	84.66379408739874
HBD	83.0	72.0508073031944
HBE1	78.0	78.49728793767932
HBEGF	97.0	122.8853278547497
HBG1	19.0	48.55033786758555
HBG2	25.0	58.11113025621275
HBM	100.0	114.90629731526853
HBP1	232.0	198.57901760411158
HBQ1	102.0	107.99369224349192
HBS1L	267.0	270.7055382411548
HBZ	40.0	42.12369144642295
HCAR1	183.0	196.07373753622977
HCAR2	156.0	196.75107246421146
HCAR3	167.0	204.32643000269107
HCCS	73.0	79.56389621992827
HCFC1	918.0	828.5807639210389
HCFC1R1	87.0	76.90612295415202
HCFC2	308.0	346.22585836171777
HCK	245.0	254.60138461249176
HCLS1	217.0	226.8856992245543
HCN1	552.0	488.7492299597275
HCN2	694.0	731.7910244799847
HCN3	425.0	485.6219891212254
HCN4	772.0	873.8787679363626
HCRT	114.0	86.95596598331994
HCRTR1	209.0	268.8631122795787
HCRTR2	236.0	208.57391260325133
HCST	59.0	56.20302678816181
HDAC1	211.0	238.84943574155503
HDAC10	456.0	538.532581034125
HDAC11	187.0	219.96849871280335
HDAC2	182.0	170.30079565729818
HDAC3	198.0	223.18160325160875
HDAC4	685.0	888.8193512972091
HDAC5	590.0	647.2566287860913
HDAC6	378.0	404.77441139026615
HDAC7	564.0	611.6622989708884
HDAC8	108.0	117.77047484462476
HDAC9	517.0	474.5822464803948
HDC	305.0	321.2309925938039
HDDC2	106.0	89.13807837068117
HDDC3	107.0	108.35835858755675
HDGF	133.0	129.52412664247603
HDGFL1	190.0	178.67594744828386
HDGFL2	463.0	489.9491953207789
HDGFL3	88.0	96.55832075217307
HDHD2	128.0	109.57660093843118
HDHD3	139.0	148.93945033636888
HDHD5	248.0	258.69481042322604
HDLBP	606.0	721.6134219115187
HDX	188.0	166.07047179147068
HEATR1	897.0	979.8107177056913
HEATR3	331.0	291.98831899802065
HEATR4	443.0	466.17810335205985
HEATR5A	864.0	808.0779574555631
HEATR5B	1027.0	897.3386116888673
HEATR6	529.0	557.5290753435013
HEATR9	241.0	246.34064099439004
HEBP1	92.0	105.61736527001878
HEBP2	99.0	100.84718170157353
HECA	307.0	354.5961576033489
HECTD1	1040.0	1072.9523012456605
HECTD2	281.0	290.4533998141446
HECTD3	481.0	534.8181374021642
HECTD4	2012.0	2404.20444702791
HECW1	859.0	894.5902087019351
HECW2	671.0	767.7213594222252
HEG1	644.0	660.6311868737141
HELB	437.0	435.14621347234043
HELLS	341.0	294.0588218729394
HELQ	438.0	415.9526454249256
HELT	162.0	212.05095832288396
HELZ	814.0	843.8358813612342
HELZ2	1705.0	2928.2746192819372
HEMGN	183.0	177.2217305789631
HEMK1	153.0	180.18778117999403
HENMT1	167.0	169.22733008414238
HEPACAM	216.0	254.70358394442587
HEPACAM2	197.0	196.96307456340475
HEPH	431.0	333.1293286887338
HEPHL1	527.0	507.8940375345135
HEPN1	46.0	46.20285181087367
HERC1	2175.0	2499.601939135441
HERC2	2224.0	2615.5112990677258
HERC3	430.0	435.0417889491787
HERC4	407.0	375.90343543246547
HERC5	478.0	426.2576339427732
HERC6	408.0	382.12851433495723
HERPUD1	164.0	179.701204384341
HERPUD2	172.0	178.93629081298985
HES1	169.0	213.904138190952
HES2	125.0	138.09390848313953
HES3	121.0	131.85487014072535
HES4	189.0	229.57274722034308
HES5	131.0	156.97456324631648
HES6	159.0	181.8866593209093
HES7	170.0	167.50386843920302
HESX1	74.0	74.29243530705293
HEXA	230.0	257.80072798780543
HEXB	266.0	237.30171567450702
HEXD	293.0	360.89205235817036
HEXIM1	245.0	257.5241499305638
HEXIM2	159.0	164.4752559128194
HEY1	213.0	194.4074959804673
HEY2	210.0	196.334366721962
HEYL	159.0	174.62449630182834
HFE	157.0	180.0884693344023
HFM1	525.0	455.3099438970181
HGD	212.0	183.40032913104653
HGF	285.0	267.70265544957306
HGFAC	464.0	549.9215817467896
HGH1	284.0	266.93543395875565
HGS	546.0	600.9399654835888
HGSNAT	321.0	316.4122754195903
HHAT	228.0	263.63460823262324
HHATL	238.0	306.81269713767176
HHEX	164.0	160.29859265322224
HHIP	309.0	327.33419525729636
HHIPL1	482.0	599.1809080656826
HHIPL2	343.0	382.5882768346291
HHLA1	252.0	256.5142931521466
HHLA2	161.0	167.43196795727545
HIBADH	160.0	158.24601627665342
HIBCH	151.0	178.64188995656437
HIC1	631.0	686.6675453071836
HIC2	399.0	530.6894725558576
HID1	442.0	495.27710816542947
HIF1A	319.0	318.278876905215
HIF1AN	152.0	159.6413736150833
HIF3A	356.0	390.7812316573399
HIGD1A	32.0	35.89337588173751
HIGD1B	47.0	43.819418567384915
HIGD1C	36.0	32.78087901179855
HIGD2A	63.0	78.48950968095602
HIGD2B	45.0	37.48521852305047
HIKESHI	76.0	71.9372004046067
HILPDA	37.0	36.091253679883
HINFP	247.0	258.38262728381625
HINT1	42.0	57.19576576901075
HINT2	96.0	88.04146511411712
HINT3	75.0	78.33688900262206
HIP1	479.0	487.9326114377918
HIP1R	698.0	801.7530422868076
HIPK1	605.0	548.9250150977625
HIPK2	631.0	739.0026302730577
HIPK3	482.0	519.4700412690238
HIPK4	340.0	430.36810965979566
HIRA	511.0	536.7205847878678
HIRIP3	318.0	304.9719727374707
HIVEP1	1239.0	1388.3972356003912
HIVEP2	1184.0	1265.7248759269137
HIVEP3	1269.0	1578.6231212045705
HJURP	357.0	414.04755937346056
HJV	229.0	235.61554798430174
HK1	430.0	491.9872060682642
HK2	422.0	500.18840726702217
HK3	519.0	686.2870638882042
HKDC1	466.0	491.35329306904885
HLA-A	143.0	91.41070582610593
HLA-B	138.0	99.6941290541429
HLA-C	104.0	74.34050873896554
HLA-DMA	111.0	139.3939648583965
HLA-DMB	143.0	136.22758485207845
HLA-DOA	137.0	165.47138747328532
HLA-DOB	137.0	130.17900172503164
HLA-DPA1	123.0	144.22261956260377
HLA-DPB1	114.0	142.41888381860633
HLA-DQA1	39.0	48.59458908104206
HLA-DQA2	81.0	103.96362097321575
HLA-DQB1	60.0	74.54048519870084
HLA-DQB2	104.0	119.45118599535421
HLA-DRA	101.0	121.32384655778071
HLA-DRB1	57.0	55.95070805680578
HLA-DRB5	57.0	56.94342216966079
HLA-E	161.0	226.87844873795308
HLA-F	203.0	273.946858734948
HLA-G	183.0	232.6402284331301
HLCS	432.0	487.2563783491093
HLF	151.0	166.9491226638445
HLTF	332.0	365.15784568451056
HLX	328.0	372.37021833318573
HM13	197.0	226.06849045164986
HMBOX1	160.0	187.32945878438784
HMBS	194.0	198.8552341985041
HMCES	130.0	153.2536794100064
HMCN1	2425.0	2457.9190254249143
HMCN2	2022.0	3399.1864993816594
HMG20A	132.0	146.03998209523456
HMG20B	251.0	228.56447147093513
HMGA1	56.0	56.049788945969226
HMGA2	60.0	43.25557005319004
HMGB1	81.0	79.24817100985626
HMGB1P1	57.0	87.84027136635835
HMGB2	99.0	104.53999069614011
HMGB3	61.0	49.0065934435099
HMGB4	82.0	103.58713320928526
HMGCL	151.0	150.84562113034107
HMGCLL1	149.0	142.25300722419223
HMGCR	343.0	344.5759158993176
HMGCS1	176.0	216.8731890296075
HMGCS2	254.0	239.2911033307515
HMGN1	59.0	51.99904406071965
HMGN2	31.0	33.24364828558919
HMGN3	40.0	30.836301170533954
HMGN4	39.0	41.85839693566631
HMGN5	55.0	54.82159750685143
HMGXB3	590.0	643.9790878652124
HMGXB4	264.0	269.6925539897704
HMHB1	22.0	17.29902978421266
HMMR	296.0	265.3254172963107
HMOX1	153.0	157.85894522073855
HMOX2	155.0	184.33784027152234
HMSD	51.0	56.41334305376628
HMX1	311.0	361.4860371902831
HMX2	193.0	250.53170834857656
HMX3	331.0	327.40785526898844
HNF1A	374.0	441.3506452198259
HNF1B	314.0	322.24322363213986
HNF4A	280.0	281.35067736528515
HNF4G	198.0	165.82421932458837
HNMT	125.0	108.32323642979046
HNRNPA0	243.0	246.3153452222507
HNRNPA1	169.0	161.39664706487974
HNRNPA1L2	124.0	125.06615203238624
HNRNPA1P48	100.0	98.77815923295621
HNRNPA2B1	225.0	143.1394651660198
HNRNPA3	170.0	144.6612723239543
HNRNPAB	183.0	199.6331442946555
HNRNPC	121.0	128.47404750320158
HNRNPCL1	110.0	130.33498816937984
HNRNPCL2	133.0	125.68530986524075
HNRNPCL3	2.0	75.24630012062609
HNRNPCL4	2.0	21.827020947498614
HNRNPD	171.0	160.87350082800882
HNRNPDL	306.0	241.26557431891376
HNRNPF	234.0	236.10180334693516
HNRNPH1	192.0	208.9696017034475
HNRNPH2	128.0	133.62300982973596
HNRNPH3	120.0	138.99773788811356
HNRNPK	213.0	179.8416600497199
HNRNPL	388.0	356.5486934089503
HNRNPLL	267.0	236.86580943815676
HNRNPM	407.0	429.82011574404214
HNRNPR	241.0	283.61974973643356
HNRNPU	434.0	461.11613418047517
HNRNPUL1	422.0	458.6216849895097
HNRNPUL2	458.0	390.3349847912955
HNRNPUL2-BSCL2	451.0	391.7697978655724
HOATZ	83.0	81.89053026000181
HOGA1	161.0	189.46742887972115
HOMER1	134.0	136.67104303842902
HOMER2	161.0	174.28060362404662
HOMER3	223.0	196.73888482576865
HOMEZ	239.0	286.77391136754744
HOOK1	294.0	250.68258847118744
HOOK2	405.0	405.4650058208146
HOOK3	275.0	261.6750241549505
HOPX	49.0	58.67043031289137
HORMAD1	137.0	108.4488818693881
HORMAD2	126.0	107.11204118334722
HOXA1	208.0	227.2309357862699
HOXA10	327.0	334.71164139022216
HOXA11	211.0	223.06319653520148
HOXA13	284.0	312.77931541522526
HOXA2	200.0	217.5192357893236
HOXA3	323.0	351.33342345727505
HOXA4	225.0	244.19536922339555
HOXA5	159.0	197.6001931522558
HOXA6	140.0	192.02811155740483
HOXA7	169.0	179.59017771391012
HOXA9	198.0	209.5939145331758
HOXB1	168.0	205.19121983777296
HOXB13	173.0	202.98536983907871
HOXB2	261.0	282.9913553580024
HOXB3	317.0	324.4544570124445
HOXB4	181.0	173.67877093150665
HOXB5	167.0	205.2793775550505
HOXB6	159.0	155.08782374010832
HOXB7	141.0	134.418456527992
HOXB8	156.0	202.95423458621863
HOXB9	156.0	156.5380157589811
HOXC10	196.0	254.89653727548844
HOXC11	196.0	265.9279687156628
HOXC12	202.0	213.51174060044397
HOXC13	233.0	243.25798290311056
HOXC4	165.0	173.23254743318444
HOXC5	124.0	151.5291636733599
HOXC6	123.0	144.6084734454669
HOXC8	144.0	159.66429882922898
HOXC9	200.0	184.19935395333547
HOXD1	239.0	239.72582959691462
HOXD10	178.0	190.2995070022906
HOXD11	262.0	295.5469427531039
HOXD12	196.0	217.41421468407904
HOXD13	241.0	253.27371573885333
HOXD3	241.0	281.85552420785433
HOXD4	176.0	199.21443156931278
HOXD8	203.0	192.04105797564202
HOXD9	240.0	228.8542936232881
HP	155.0	201.11152181066925
HP1BP3	260.0	244.54714528348774
HPCA	93.0	114.34845756988332
HPCAL1	112.0	137.05189564427567
HPCAL4	80.0	120.197856461539
HPD	186.0	213.60491728547822
HPDL	250.0	259.85492841414913
HPF1	115.0	130.1529352372421
HPGD	99.0	124.56736532153485
HPGDS	95.0	73.29503568291719
HPN	225.0	256.92245675944395
HPR	176.0	177.13173080333718
HPRT1	53.0	45.838251137640704
HPS1	388.0	422.8901034681588
HPS3	428.0	445.95101691658147
HPS4	377.0	360.2320579451333
HPS5	475.0	490.71638137488014
HPS6	535.0	517.4891220855263
HPSE	243.0	234.3918404948494
HPSE2	295.0	308.5046047529774
HPX	229.0	257.7041832886662
HR	681.0	778.8070759256464
HRAS	149.0	153.5679027851142
HRC	308.0	392.3291178947023
HRCT1	76.0	91.53993935444741
HRG	243.0	254.40955635390065
HRH1	242.0	273.98722612174
HRH2	214.0	265.8926458758247
HRH3	276.0	484.2593066478888
HRH4	154.0	160.45960618086883
HRK	85.0	73.89910293245141
HRNR	1027.0	970.5627339839028
HROB	301.0	311.48437925527173
HS1BP3	187.0	261.9591713485658
HS2ST1	146.0	150.91249086450122
HS3ST1	205.0	256.26962690536675
HS3ST2	237.0	264.4864324999534
HS3ST3A1	226.0	267.419733051498
HS3ST3B1	234.0	308.8510940970984
HS3ST4	314.0	330.09543171529737
HS3ST5	170.0	165.0094508615885
HS3ST6	232.0	297.3709866095596
HS6ST1	204.0	333.65068367161626
HS6ST2	248.0	225.17527213321097
HS6ST3	240.0	319.4136083842882
HSBP1	42.0	38.25820934451366
HSBP1L1	39.0	45.77579427566007
HSCB	110.0	106.98838427210707
HSD11B1	122.0	136.5896445391674
HSD11B1L	187.0	191.28804861558336
HSD11B2	253.0	313.9496652546813
HSD17B1	243.0	249.83414677724178
HSD17B10	90.0	89.85550693663342
HSD17B11	117.0	124.5109842936534
HSD17B12	150.0	148.36203841293948
HSD17B13	141.0	122.65791917283974
HSD17B14	140.0	165.23324707128958
HSD17B2	246.0	257.15462412640375
HSD17B3	126.0	152.8355876400575
HSD17B4	347.0	280.80308154825116
HSD17B6	139.0	152.42300378215114
HSD17B7	122.0	148.55846395627503
HSD17B8	137.0	151.4265861160703
HSD3B1	217.0	179.43506175662156
HSD3B2	221.0	187.53051656899981
HSD3B7	217.0	264.7687355174162
HSDL1	222.0	206.7965963287803
HSDL2	153.0	158.6385165836118
HSF1	396.0	432.8394938669785
HSF2	225.0	209.71306289942513
HSF2BP	114.0	125.93912186749866
HSF4	285.0	318.48212593473124
HSF5	307.0	299.1229375132944
HSFX1	1.0	39.403639214083746
HSFX2	0.0	38.917827539799276
HSFX3	25.0	89.92349520601397
HSFX4	25.0	84.28581475462946
HSH2D	172.0	187.8904159570165
HSP90AA1	477.0	318.72382776675545
HSP90AB1	390.0	332.02877083991365
HSP90B1	304.0	337.54520381327865
HSPA12A	345.0	421.68286396691155
HSPA12B	441.0	475.9031824029492
HSPA13	192.0	203.68539270176612
HSPA14	203.0	211.94669888487542
HSPA1A	129.0	212.90963286187537
HSPA1B	141.0	236.9215674215914
HSPA1L	293.0	355.51253285675455
HSPA2	368.0	500.4188647105382
HSPA4	332.0	319.3192357046129
HSPA4L	319.0	329.5748302865152
HSPA5	271.0	339.10649452447296
HSPA6	312.0	435.5625266354423
HSPA8	436.0	304.775367954003
HSPA9	293.0	293.92675245169806
HSPB1	165.0	115.02160792694733
HSPB11	56.0	49.69772556359551
HSPB2	110.0	121.10517564591868
HSPB2-C11orf52	110.0	121.10517564591868
HSPB3	73.0	73.80538130291333
HSPB6	128.0	106.79983414608941
HSPB7	102.0	133.57598823290047
HSPB8	99.0	102.91747465353184
HSPB9	98.0	107.15324375814845
HSPBAP1	204.0	198.153626109784
HSPBP1	199.0	242.27003522528418
HSPD1	200.0	218.61012755500244
HSPE1	44.0	42.84546863017629
HSPE1-MOB4	90.0	95.34594297046472
HSPG2	2465.0	3095.5333425020817
HSPH1	403.0	355.64435834224054
HTATIP2	99.0	118.25718230856201
HTATSF1	226.0	206.95954621306439
HTD2	50.0	60.56623262714636
HTN1	21.0	15.349145595769539
HTN3	15.0	12.124209134201072
HTR1A	262.0	330.0709881884287
HTR1B	224.0	286.9805284919799
HTR1D	196.0	239.63787226583082
HTR1E	170.0	188.7096943876818
HTR1F	186.0	152.62280532213666
HTR2A	209.0	227.53848304725835
HTR2B	210.0	217.40274414117536
HTR2C	150.0	151.89701196572457
HTR3A	297.0	290.23084094018924
HTR3B	203.0	215.6021030741371
HTR3C	209.0	240.99057705566648
HTR3D	203.0	237.21916292539055
HTR3E	210.0	255.74653355205973
HTR4	189.0	196.52177921265454
HTR5A	260.0	261.34987002339665
HTR6	326.0	377.5432472293406
HTR7	265.0	310.765049398477
HTRA1	291.0	313.60526841920773
HTRA2	245.0	320.1315772492429
HTRA3	295.0	411.26198491783384
HTRA4	261.0	286.0235388336064
HTT	1577.0	1798.2756403073138
HUNK	371.0	423.2983683967462
HUS1	123.0	119.19146516949296
HUS1B	207.0	219.16625852149676
HUWE1	1317.0	1317.3151731500466
HVCN1	131.0	150.24228557408892
HYAL1	200.0	278.38738278876036
HYAL2	262.0	294.67234756136367
HYAL3	215.0	252.97384389695532
HYAL4	198.0	206.1750044347952
HYDIN	1208.0	1867.470935940896
HYI	186.0	182.94738045844952
HYKK	152.0	155.4568852128781
HYLS1	128.0	139.39914169277873
HYOU1	501.0	580.1454645098187
HYPK	76.0	59.40765387970168
IAH1	140.0	130.1012652205422
IAPP	40.0	42.95228148342835
IARS1	532.0	521.7703753597291
IARS2	407.0	458.6098172656223
IBA57	310.0	286.84937053044194
IBSP	144.0	132.88766175060744
IBTK	515.0	484.11490727666444
ICA1	207.0	277.06558175344844
ICA1L	161.0	184.96733820276873
ICAM1	304.0	373.08484178797664
ICAM2	153.0	180.85843190524054
ICAM3	306.0	406.68828691129215
ICAM4	163.0	236.7771180046779
ICAM5	544.0	802.8656152406433
ICE1	1010.0	1074.7999819875142
ICE2	399.0	444.2317894347727
ICMT	183.0	179.04381984150052
ICOS	89.0	79.90740180342503
ICOSLG	16.0	70.4027158821791
ID1	176.0	128.66358607728955
ID2	112.0	105.54860364118899
ID3	108.0	135.49796758163276
ID4	180.0	169.98352570850756
IDE	396.0	380.41372112709865
IDH1	144.0	178.88867021237039
IDH2	280.0	287.38415315613804
IDH3A	154.0	163.16059322310662
IDH3B	185.0	227.936915854058
IDH3G	181.0	160.4172057310377
IDI1	133.0	131.032347777155
IDI2	133.0	126.33746942503214
IDNK	92.0	97.87281491180009
IDO1	171.0	162.60898357807136
IDO2	218.0	172.98345417068185
IDS	191.0	183.96988004009128
IDUA	529.0	579.5573302469002
IER2	198.0	197.46925981946814
IER3	81.0	123.38253691597858
IER3IP1	42.0	38.072543654090396
IER5	286.0	293.13781209342216
IER5L	351.0	399.6023200465464
IFFO1	336.0	457.80321408608205
IFFO2	307.0	329.96533663660256
IFI16	307.0	308.719099395034
IFI27	66.0	72.43202615952063
IFI27L1	53.0	53.90362593039839
IFI27L2	56.0	76.267224868714
IFI30	149.0	131.01395495631243
IFI35	146.0	152.375817478035
IFI44	221.0	189.39270790736546
IFI44L	198.0	184.20129115052399
IFI6	89.0	77.46316770016212
IFIH1	458.0	413.0165197648845
IFIT1	191.0	201.11234412543277
IFIT1B	196.0	201.34585360310626
IFIT2	212.0	214.7466931172209
IFIT3	203.0	216.7248385515424
IFIT5	206.0	209.9784467670019
IFITM1	79.0	96.99893469333868
IFITM10	148.0	205.8551159909667
IFITM2	76.0	89.3149704319178
IFITM3	81.0	98.62605682434655
IFITM5	93.0	112.23598859398369
IFNA1	52.0	87.34820867233718
IFNA10	96.0	99.77067107019445
IFNA13	61.0	101.68552575281832
IFNA14	113.0	102.41299162256716
IFNA16	122.0	102.54506148615937
IFNA17	107.0	98.49620749414285
IFNA2	91.0	103.7540207008824
IFNA21	101.0	105.5126716714462
IFNA4	84.0	103.84168006119133
IFNA5	95.0	98.77038175621982
IFNA6	96.0	104.60056308976756
IFNA7	119.0	100.44428084348819
IFNA8	91.0	110.5627368286513
IFNAR1	219.0	217.58861552849783
IFNAR2	224.0	250.1582345590447
IFNB1	99.0	112.1126728523374
IFNE	94.0	92.89739160926119
IFNG	73.0	57.684512514806386
IFNGR1	199.0	219.62342214216483
IFNGR2	161.0	176.2174155210593
IFNK	94.0	90.55442928180618
IFNL1	104.0	121.39369907370343
IFNL2	96.0	123.5656478468064
IFNL3	115.0	125.56132847472756
IFNL4	112.0	156.14783030365706
IFNLR1	276.0	311.9690440440566
IFNW1	105.0	120.75457215105148
IFRD1	184.0	189.85048313354565
IFRD2	275.0	266.6985317217235
IFT122	550.0	635.6155174134353
IFT140	860.0	1045.213815290716
IFT172	729.0	856.5619538767198
IFT20	48.0	50.3168836201541
IFT22	67.0	79.2781678277064
IFT27	91.0	96.39751531692073
IFT43	93.0	107.25904440447505
IFT46	117.0	138.068543179165
IFT52	181.0	173.42834778695422
IFT57	209.0	184.80933320896514
IFT74	223.0	193.9110351899127
IFT80	299.0	293.86675267565886
IFT81	237.0	219.27018805866228
IFT88	279.0	279.3761262679321
IFTAP	85.0	79.95610907567364
IGBP1	96.0	95.46418611004579
IGBP1P2	124.0	111.94165817757148
IGDCC3	477.0	530.4942128785978
IGDCC4	709.0	708.5393072969241
IGF1	76.0	78.33417919018545
IGF1R	795.0	919.3269239642457
IGF2	105.0	195.89760050517125
IGF2BP1	287.0	294.21439512035516
IGF2BP2	288.0	335.42541412221226
IGF2BP3	258.0	269.3804310888355
IGF2R	1316.0	1466.2142683252007
IGFALS	519.0	778.0450620879213
IGFBP1	148.0	141.84417863254487
IGFBP2	189.0	210.10285737623178
IGFBP3	185.0	194.78341154752886
IGFBP4	153.0	139.69670431542156
IGFBP5	152.0	155.84379327400129
IGFBP6	147.0	119.64540713801387
IGFBP7	172.0	162.26508460420797
IGFBPL1	184.0	172.86913362199886
IGFL1	59.0	61.84912899438218
IGFL2	55.0	61.82977564593234
IGFL3	52.0	64.26676908618096
IGFL4	54.0	60.58664175153205
IGFLR1	265.0	231.4785226941606
IGFN1	1706.0	1903.066034459033
IGHA1	158.0	221.07918748879544
IGHA2	135.0	193.51682005409006
IGHD	171.0	121.74139400242694
IGHD1-1	6.0	2.4005165255045178
IGHD1-14	3.0	2.775624339966821
IGHD1-20	8.0	2.608102981485771
IGHD1-26	1.0	1.6323072117987574
IGHD1-7	7.0	1.3426054027012435
IGHD1OR15-1A	0.0	0.8397237867614928
IGHD2-15	7.0	3.1248565765331615
IGHD2-2	8.0	3.427477910904936
IGHD2-21	6.0	2.315827267967041
IGHD2-8	3.0	1.6625023455440258
IGHD2OR15-2A	0.0	1.053248275196513
IGHD3-10	6.0	4.274387546743973
IGHD3-16	16.0	7.601737418398057
IGHD3-22	7.0	2.3553866874292426
IGHD3-3	5.0	1.9920997339799793
IGHD3-9	8.0	2.639212645519127
IGHD3OR15-3A	0.0	0.977282193919507
IGHD4-11	2.0	1.6654238900360938
IGHD4-17	6.0	1.8000465176404885
IGHD4-23	2.0	2.089981969382295
IGHD4-4	4.0	2.12230965070396
IGHD5-12	3.0	2.8606387552011325
IGHD5-18	0.0	1.5477109905510402
IGHD5-24	2.0	0.9063401790198757
IGHD5-5	1.0	2.3557016319817823
IGHD5OR15-5A	2.0	2.3988785612328525
IGHD5OR15-5B	2.0	1.0236593775591816
IGHD6-13	7.0	3.2683074227599302
IGHD6-19	5.0	2.8906398407608043
IGHD6-25	7.0	3.482141079566854
IGHD6-6	6.0	4.719162609933112
IGHD7-27	2.0	0.6221192692561244
IGHE	198.0	377.43955530303344
IGHG1	171.0	236.43204718458122
IGHG2	200.0	241.69120679757694
IGHG3	215.0	289.7581874139378
IGHG4	196.0	217.6888384530081
IGHJ1	17.0	4.506942451494275
IGHJ2	22.0	5.105435165031787
IGHJ3	30.0	7.85641880461103
IGHJ4	25.0	8.537389127842141
IGHJ5	35.0	11.031416551762325
IGHJ6	31.0	10.544778408126774
IGHM	232.0	351.0099423130251
IGHMBP2	557.0	629.4774281111685
IGHV1-18	76.0	29.61202833139421
IGHV1-2	80.0	30.73184021375612
IGHV1-24	72.0	43.39080424398157
IGHV1-3	84.0	28.856253502809608
IGHV1-45	31.0	42.48516951560393
IGHV1-46	52.0	33.28003087936052
IGHV1-58	56.0	51.101447464295354
IGHV1-69	8.0	11.380653628221808
IGHV1-69-2	29.0	14.582278722198705
IGHV1-69D	3.0	8.758435446652307
IGHV1OR15-9	40.0	45.03557657682157
IGHV1OR21-1	31.0	21.486433766809384
IGHV2-26	49.0	43.614707927961376
IGHV2-5	109.0	40.5549123014873
IGHV2-70	36.0	14.186869639759932
IGHV2-70D	49.0	8.56201957914999
IGHV2OR16-5	0.0	22.768430693843456
IGHV3-11	72.0	30.928094871248614
IGHV3-13	74.0	39.48414279544276
IGHV3-15	67.0	24.254571776182388
IGHV3-16	49.0	47.63453820985776
IGHV3-20	43.0	29.624929837620932
IGHV3-21	55.0	24.634809356367896
IGHV3-23	26.0	12.234397904034195
IGHV3-30	13.0	10.74395662029017
IGHV3-33	28.0	13.856551647639979
IGHV3-35	44.0	47.18468747930424
IGHV3-38	47.0	47.38902683731545
IGHV3-43	32.0	33.73273859347508
IGHV3-48	43.0	18.92616540283804
IGHV3-49	69.0	38.08193143179542
IGHV3-53	36.0	24.196477555193322
IGHV3-64	39.0	43.76016819789947
IGHV3-64D	43.0	18.351662121223153
IGHV3-66	35.0	33.73456033006673
IGHV3-7	58.0	24.0258884721586
IGHV3-72	66.0	46.189164494149814
IGHV3-73	65.0	45.421642947308705
IGHV3-74	39.0	37.08827000221825
IGHV3OR15-7	40.0	43.880072784448146
IGHV3OR16-10	3.0	6.506643393958273
IGHV3OR16-12	1.0	10.344036339379759
IGHV3OR16-13	35.0	42.02036181309079
IGHV3OR16-17	32.0	45.683716090466945
IGHV3OR16-8	54.0	46.50306395603403
IGHV3OR16-9	32.0	38.45620014231935
IGHV4-28	81.0	71.12060074870351
IGHV4-31	34.0	28.804732500771713
IGHV4-34	92.0	51.87137055052026
IGHV4-39	59.0	35.92028118452494
IGHV4-4	69.0	35.577642541209244
IGHV4-59	23.0	24.877245648207232
IGHV4-61	40.0	38.146878157076955
IGHV4OR15-8	1.0	3.5675983593502196
IGHV5-10-1	59.0	16.32080973601425
IGHV5-51	61.0	32.69508208136418
IGHV6-1	125.0	56.31662662670458
IGHV7-4-1	55.0	25.112866975738374
IGHV7-81	46.0	50.58070035249287
IGHV8-51-1	5.0	0.020384610192695597
IGIP	20.0	22.431011422543904
IGKC	51.0	47.15868957027338
IGKJ1	12.0	4.004811972261974
IGKJ2	18.0	4.288790595029338
IGKJ3	24.0	5.087282201700262
IGKJ4	25.0	5.54934922708136
IGKJ5	23.0	5.196460474818606
IGKV1-12	10.0	16.90528712379878
IGKV1-16	75.0	40.61798922364554
IGKV1-17	51.0	35.30657287322765
IGKV1-27	54.0	38.90626447553526
IGKV1-33	20.0	23.333212125617255
IGKV1-37	1.0	24.602115763278242
IGKV1-39	1.0	8.523678250966652
IGKV1-5	120.0	38.521845788829985
IGKV1-6	59.0	39.77426179749718
IGKV1-8	75.0	36.876064040171535
IGKV1-9	83.0	39.552034918656936
IGKV1D-12	6.0	8.355261527745434
IGKV1D-13	10.0	21.84106051737437
IGKV1D-16	59.0	49.330046727900005
IGKV1D-17	55.0	47.07347904969829
IGKV1D-33	19.0	26.50439924863429
IGKV1D-37	0.0	23.162359118743975
IGKV1D-39	1.0	11.066837878382954
IGKV1D-42	52.0	57.68268598845148
IGKV1D-43	66.0	48.76562333720056
IGKV1D-8	61.0	43.99488419761143
IGKV1OR2-108	48.0	51.832194154312695
IGKV2-24	50.0	40.72184805474143
IGKV2-28	11.0	29.632282193072545
IGKV2-30	23.0	30.4955859891768
IGKV2D-24	61.0	51.49918519257676
IGKV2D-26	62.0	47.83597692239729
IGKV2D-28	4.0	30.90337573562996
IGKV2D-29	53.0	43.79519731509592
IGKV2D-30	50.0	48.754592705959496
IGKV2D-40	1.0	11.692130984751312
IGKV3-11	79.0	31.62957622112737
IGKV3-15	30.0	19.98634169075111
IGKV3-20	59.0	25.747829737836867
IGKV3-7	56.0	38.813782543566774
IGKV3D-11	58.0	48.95935996579356
IGKV3D-15	14.0	23.57559696333042
IGKV3D-20	61.0	52.45059962804846
IGKV3D-7	36.0	36.49113755240948
IGKV3OR2-268	22.0	37.08629256761469
IGKV4-1	179.0	47.18538639931605
IGKV5-2	98.0	39.334420033316036
IGKV6-21	30.0	39.88136363091562
IGKV6D-21	26.0	39.969602123923174
IGKV6D-41	40.0	51.04143050883557
IGLC1	69.0	68.95708375912369
IGLC2	18.0	33.0878476104792
IGLC3	28.0	34.15153819214729
IGLC7	53.0	59.726066299419855
IGLJ1	27.0	25.398427130445782
IGLJ2	13.0	19.25411907686751
IGLJ3	13.0	15.61113420734722
IGLJ4	4.0	4.536641504988821
IGLJ5	14.0	11.384475574569619
IGLJ6	14.0	10.36190498213137
IGLJ7	10.0	9.075974241115892
IGLL1	141.0	115.94391751886833
IGLL5	203.0	136.89487493837484
IGLON5	207.0	253.75512757218036
IGLV1-36	57.0	44.30773781899736
IGLV1-40	69.0	33.2901070827321
IGLV1-44	72.0	38.179099821291324
IGLV1-47	61.0	33.453752847519326
IGLV1-50	48.0	53.02255312871919
IGLV1-51	67.0	36.63152198096044
IGLV10-54	48.0	23.993878391646042
IGLV11-55	53.0	52.22924316705521
IGLV2-11	68.0	38.526286398482135
IGLV2-14	56.0	28.863763775243566
IGLV2-18	47.0	48.81175667863397
IGLV2-23	63.0	34.10193134366845
IGLV2-33	41.0	51.240817159122926
IGLV2-8	83.0	47.74215777421162
IGLV3-1	169.0	54.01490299142737
IGLV3-10	91.0	42.109423848212806
IGLV3-12	55.0	48.42791916108432
IGLV3-16	52.0	36.528785330428974
IGLV3-19	105.0	35.65493133850741
IGLV3-21	95.0	39.86870602387097
IGLV3-22	71.0	54.156671427890586
IGLV3-25	69.0	28.911877107780427
IGLV3-27	56.0	49.17700647957941
IGLV3-32	52.0	50.01511363366942
IGLV3-9	72.0	48.393267788009034
IGLV4-3	70.0	51.175221444095364
IGLV4-60	93.0	41.187161059406336
IGLV4-69	89.0	38.55747449953391
IGLV5-37	52.0	45.58396342741836
IGLV5-45	55.0	32.021074848604805
IGLV5-48	26.0	29.984643958106822
IGLV5-52	39.0	49.54401793653053
IGLV6-57	96.0	46.46810689278645
IGLV7-43	68.0	38.788291347120314
IGLV7-46	74.0	40.55614712950274
IGLV8-61	69.0	40.32386577250132
IGLV9-49	89.0	49.32466780503285
IGSF1	372.0	397.83867332593667
IGSF10	1185.0	1197.0592608160368
IGSF11	219.0	204.4964837377751
IGSF21	284.0	346.8979089384359
IGSF22	568.0	768.6860804649957
IGSF23	85.0	93.571563440543
IGSF3	571.0	800.470145291756
IGSF5	183.0	196.06807826626186
IGSF6	110.0	115.67124713238155
IGSF8	314.0	413.8230804089314
IGSF9	640.0	700.2463067182064
IGSF9B	903.0	1148.1559710247727
IHH	254.0	390.6455277048756
IHO1	221.0	236.68855036087638
IK	201.0	215.443282251041
IKBIP	164.0	162.92445533751655
IKBKB	296.0	381.9686400779295
IKBKE	374.0	434.9069865391333
IKBKG	22.0	58.24605011752873
IKZF1	280.0	331.09723486378823
IKZF2	227.0	236.11280967810484
IKZF3	209.0	227.8245700623347
IKZF4	298.0	304.1110460010304
IKZF5	148.0	194.51269442784994
IL10	83.0	86.82476047281126
IL10RA	292.0	328.2163815364242
IL10RB	142.0	150.35969114611427
IL11	144.0	136.75291900725975
IL11RA	199.0	241.84119663421504
IL12A	106.0	114.48089019778178
IL12B	142.0	159.79524219571206
IL12RB1	362.0	352.53463839667234
IL12RB2	368.0	349.63149799716246
IL13	75.0	85.13286957289515
IL13RA1	119.0	78.64046542606114
IL13RA2	106.0	77.95667583874476
IL15	58.0	53.214462246144265
IL15RA	166.0	205.20284979510987
IL16	689.0	724.0867145873392
IL17A	90.0	81.2415363649144
IL17B	105.0	106.58934191190777
IL17C	150.0	223.54927136395287
IL17D	172.0	169.895082216919
IL17F	98.0	83.3685200816376
IL17RA	585.0	574.3964498425493
IL17RB	225.0	231.18507474434986
IL17RC	439.0	510.62362810521364
IL17RD	416.0	399.3608112071798
IL17RE	372.0	420.5935175925284
IL17REL	206.0	247.29512790249103
IL18	67.0	65.48743899384723
IL18BP	107.0	117.22611357189541
IL18R1	232.0	217.85993614044062
IL18RAP	268.0	253.9181196010299
IL19	78.0	77.94700255311855
IL1A	113.0	115.651598686663
IL1B	118.0	125.2251934647496
IL1F10	78.0	68.47873915677918
IL1R1	251.0	228.4512724477914
IL1R2	207.0	194.59985907695804
IL1RAP	268.0	273.58810536127
IL1RAPL1	185.0	196.40080224973678
IL1RAPL2	181.0	187.26308359044367
IL1RL1	275.0	229.99522370691327
IL1RL2	305.0	276.91198852692077
IL1RN	102.0	84.10197316157635
IL2	71.0	52.56260997071847
IL20	70.0	83.63791884764576
IL20RA	279.0	281.72668989898926
IL20RB	147.0	142.1015668527753
IL21	37.0	60.71301041917255
IL21R	286.0	308.43888930200086
IL22	91.0	79.03073360921468
IL22RA1	305.0	342.8530128525135
IL22RA2	103.0	109.34807096644215
IL23A	80.0	81.23326661889521
IL23R	230.0	252.05293253379415
IL24	99.0	101.83123060213946
IL25	107.0	103.59532465857515
IL26	63.0	60.374332861663945
IL27	134.0	158.176960264238
IL27RA	316.0	351.02926616127974
IL2RA	125.0	155.4592794289468
IL2RB	286.0	336.21497763603577
IL2RG	111.0	110.57196675632692
IL3	74.0	88.2300577412201
IL31	87.0	93.98012785352216
IL31RA	325.0	335.4957632373455
IL32	70.0	83.95808980147301
IL33	132.0	104.51473269359249
IL34	174.0	168.58392284100617
IL36A	73.0	70.5267069446736
IL36B	59.0	58.14091827586251
IL36G	84.0	71.51232676856932
IL36RN	94.0	94.38020765475358
IL37	98.0	99.31151429425493
IL3RA	260.0	202.534086258011
IL4	87.0	82.31210840349667
IL4I1	371.0	393.27689383891516
IL4R	402.0	462.76861204062817
IL5	54.0	55.966698409538665
IL5RA	202.0	203.8793981447305
IL6	97.0	95.19707023972819
IL6R	264.0	264.8421268876155
IL6ST	351.0	359.9736095881419
IL7	62.0	58.766774227196315
IL7R	221.0	206.97959727528294
IL9	69.0	64.56886802945053
IL9R	212.0	226.17248602835008
ILDR1	284.0	333.57495876675415
ILDR2	367.0	342.5119525364973
ILF2	151.0	156.51217922742308
ILF3	557.0	620.1218388549622
ILK	231.0	241.76936740362393
ILKAP	186.0	215.29644693974186
ILRUN	124.0	152.8723834189529
ILVBL	337.0	426.2664603633172
IMMP1L	46.0	62.614971615743116
IMMP2L	76.0	74.9006419548398
IMMT	322.0	314.4356808749296
IMP3	167.0	122.30090508058346
IMP4	165.0	183.60002321905097
IMPA1	95.0	93.85865546594273
IMPA2	135.0	178.39343364225536
IMPACT	118.0	113.46705661681493
IMPDH1	318.0	363.5931852888496
IMPDH2	270.0	271.06640962071225
IMPG1	367.0	314.88738342131177
IMPG2	510.0	495.6200324209098
INA	290.0	366.3357718228991
INAFM1	161.0	124.24393077202379
INAFM2	113.0	173.5142925448873
INAVA	294.0	342.1861545600935
INCA1	111.0	114.11408093003935
INCENP	488.0	549.0561351692268
INF2	852.0	1023.6817942996271
ING1	179.0	221.7173662102542
ING2	136.0	139.60459968728475
ING3	170.0	173.04656512323012
ING4	87.0	107.70507964230909
ING5	123.0	143.34153634338725
INHA	231.0	246.7385478310366
INHBA	242.0	249.1329758554744
INHBB	293.0	389.089059668453
INHBC	147.0	169.24882695204107
INHBE	196.0	212.37807121358114
INIP	37.0	39.24288367965394
INKA1	133.0	183.00242486881604
INKA2	147.0	161.17219657502457
INMT	155.0	158.6527354640139
INMT-MINDY4	73.0	78.4660598069735
INO80	726.0	661.6949889765057
INO80B	238.0	201.8034343467945
INO80B-WBP1	239.0	204.00364090174298
INO80C	96.0	95.96843819410738
INO80D	440.0	509.54008417042246
INO80E	168.0	159.55634339454474
INPP1	164.0	235.94961275323394
INPP4A	496.0	490.78643439564416
INPP4B	403.0	366.2680789717874
INPP5A	207.0	281.02408620335706
INPP5B	385.0	424.56128774780404
INPP5D	590.0	693.6064133351401
INPP5E	447.0	555.934835948917
INPP5F	504.0	493.4550170304358
INPP5J	540.0	580.0605576170553
INPP5K	253.0	274.964230578671
INPPL1	719.0	761.5761130129694
INS	71.0	119.50387407146778
INS-IGF2	117.0	175.36985803492186
INSC	262.0	296.9463457453208
INSIG1	147.0	177.64757929617247
INSIG2	97.0	93.24299695478963
INSL3	86.0	76.56297780843224
INSL4	82.0	90.32465806512803
INSL5	68.0	57.40164147731751
INSL6	154.0	139.81181623941404
INSM1	473.0	442.4048177745495
INSM2	418.0	506.80014950802575
INSR	756.0	839.588710719682
INSRR	674.0	828.6034511202391
INSYN1	174.0	201.0014508328631
INSYN2A	255.0	368.79800199989796
INSYN2B	245.0	269.0874335812083
INTS1	1692.0	1970.5883818871744
INTS10	341.0	417.27491009744404
INTS11	441.0	483.8343089727434
INTS12	199.0	174.4161306739246
INTS13	309.0	272.53449546954164
INTS14	207.0	230.48949255098145
INTS2	473.0	555.8312308841006
INTS3	475.0	515.9673924377199
INTS4	316.0	382.7629947221789
INTS5	588.0	618.3410063887609
INTS6	324.0	351.64975753299296
INTS6L	227.0	239.90977502931514
INTS7	412.0	411.59085627464185
INTS8	392.0	374.03669172144424
INTS9	319.0	352.1181236321606
INTU	357.0	376.90973047582315
INVS	455.0	485.8048275509412
IP6K1	212.0	249.94906259187016
IP6K2	209.0	230.85321725192634
IP6K3	213.0	255.64659165336246
IPCEF1	181.0	203.82848114635894
IPMK	180.0	188.73141357499068
IPO11	385.0	337.69045452747
IPO13	414.0	545.6086798499202
IPO4	607.0	712.2274818920706
IPO5	477.0	487.39428945808834
IPO7	403.0	388.8867578088156
IPO8	411.0	410.36648537783924
IPO9	455.0	469.91145891582164
IPP	214.0	224.88510105481933
IPPK	262.0	266.88513954432256
IQANK1	213.0	262.32808281163466
IQCA1	352.0	464.1870338617311
IQCA1L	181.0	105.49377290929101
IQCB1	210.0	219.45084469555184
IQCC	220.0	249.75585091626445
IQCD	192.0	228.62395658682215
IQCE	412.0	436.93539941115336
IQCF1	67.0	105.93434801459068
IQCF2	67.0	79.72049996465651
IQCF3	82.0	83.34046376205794
IQCF5	58.0	55.602880654854914
IQCF6	64.0	88.93093054696935
IQCG	170.0	192.29111140320123
IQCH	412.0	527.4839606307289
IQCJ	55.0	52.81507824930614
IQCJ-SCHIP1	247.0	274.874843231818
IQCK	113.0	122.32414940310576
IQCM	155.0	233.043689207428
IQCN	733.0	978.1334759095239
IQGAP1	772.0	748.9288264487249
IQGAP2	675.0	634.5907080012645
IQGAP3	703.0	828.5128183311296
IQSEC1	699.0	945.0976405302216
IQSEC2	501.0	530.247173496622
IQSEC3	708.0	809.6958279090311
IQUB	289.0	298.8286344727416
IRAG1	462.0	477.7337948864293
IRAG2	193.0	201.42522548808165
IRAK1	282.0	261.1901973934992
IRAK1BP1	131.0	119.38274884561557
IRAK2	293.0	332.53382922915955
IRAK3	258.0	235.56246181567548
IRAK4	149.0	166.9228744459455
IREB2	372.0	378.4750963991897
IRF1	138.0	162.50692464763787
IRF2	151.0	197.75846061335116
IRF2BP1	416.0	503.79266546533694
IRF2BP2	555.0	501.5016228258838
IRF2BPL	770.0	680.1451959336177
IRF3	228.0	283.57596314083577
IRF4	249.0	300.846323892484
IRF5	258.0	322.74734927847936
IRF6	178.0	226.6564162691474
IRF7	427.0	384.971410855252
IRF8	278.0	274.60532925264914
IRF9	189.0	212.96693681468713
IRGC	307.0	413.12602677774646
IRGM	98.0	87.2330358723249
IRGQ	418.0	490.3905186128918
IRS1	702.0	1032.3650017704495
IRS2	1217.0	1299.8790032018592
IRS4	459.0	437.00764852652736
IRX1	363.0	458.2365206439995
IRX2	424.0	478.2243982956648
IRX3	404.0	464.0340604686352
IRX4	379.0	522.1648480954141
IRX5	359.0	423.69232534131453
IRX6	265.0	268.2505189388255
ISCA1	38.0	44.56311221718185
ISCA2	107.0	81.8306088232052
ISCU	104.0	97.03194387042075
ISG15	116.0	170.36864048104735
ISG20	110.0	162.3052812030382
ISG20L2	157.0	170.23101879135032
ISL1	186.0	199.16738273444938
ISL2	232.0	279.29394280458587
ISLR	262.0	376.479685341208
ISLR2	508.0	682.1077865084147
ISM1	255.0	292.6502223338894
ISM2	303.0	326.82034185142624
ISOC1	178.0	165.4092822476464
ISOC2	106.0	154.9491552180264
IST1	180.0	156.60572770332362
ISX	125.0	121.58407868291944
ISY1	96.0	114.26664943193491
ISY1-RAB43	117.0	141.33014784809666
ISYNA1	396.0	468.17097761218383
ITCH	342.0	320.23059414432424
ITFG1	285.0	236.40808864532124
ITFG2	211.0	258.7289794864016
ITGA1	520.0	486.19089227520027
ITGA10	506.0	550.4249138556883
ITGA11	658.0	752.9640860594969
ITGA2	477.0	491.7905572421453
ITGA2B	536.0	584.43426114816
ITGA3	537.0	582.317485899843
ITGA4	483.0	526.457915354693
ITGA5	500.0	549.525332921826
ITGA6	434.0	485.960305382842
ITGA7	548.0	663.7322128527513
ITGA8	505.0	491.2085289825633
ITGA9	508.0	533.2248489651217
ITGAD	569.0	648.2144367556052
ITGAE	613.0	672.8677185560886
ITGAL	561.0	586.688080536492
ITGAM	583.0	636.5766823103303
ITGAV	453.0	435.18063666532004
ITGAX	631.0	695.4654699421592
ITGB1	323.0	320.75874664818855
ITGB1BP1	103.0	96.09501454854947
ITGB1BP2	105.0	99.63289743570056
ITGB2	457.0	661.5586057747931
ITGB3	363.0	393.3426934490607
ITGB3BP	61.0	48.80977360641357
ITGB4	1020.0	1375.0013371190764
ITGB5	393.0	440.63975956464077
ITGB6	383.0	357.423701907281
ITGB7	454.0	460.7303060157639
ITGB8	335.0	341.70121035273644
ITGBL1	209.0	227.25460338166184
ITIH1	455.0	514.4023238298399
ITIH2	436.0	477.2366999311534
ITIH3	422.0	495.809575049325
ITIH4	472.0	532.6781848419427
ITIH5	525.0	596.4914043635803
ITIH6	493.0	427.8076732819626
ITK	303.0	285.5697890692551
ITLN1	143.0	149.35364377507057
ITLN2	156.0	155.21892146906382
ITM2A	102.0	68.67997443715919
ITM2B	114.0	104.89675505479536
ITM2C	167.0	192.79592354257528
ITPA	103.0	111.6989079427949
ITPK1	258.0	308.8904847158335
ITPKA	313.0	350.5647239033994
ITPKB	584.0	661.2569057914463
ITPKC	341.0	394.1056535144337
ITPR1	1312.0	1424.071664907594
ITPR2	1156.0	1164.5745482163834
ITPR3	1295.0	1790.7529563696116
ITPRID1	510.0	463.7971422337048
ITPRID2	521.0	675.9603484645091
ITPRIP	358.0	451.0369765786214
ITPRIPL1	251.0	307.5379198408401
ITPRIPL2	344.0	444.99516505445916
ITSN1	780.0	796.4313505141685
ITSN2	703.0	732.1825150201308
IVD	205.0	227.6871166683639
IVL	257.0	291.3918341867362
IVNS1ABP	241.0	266.1671612097191
IWS1	313.0	396.72537707751854
IYD	140.0	141.62527719879523
IZUMO1	149.0	187.88657271302
IZUMO1R	133.0	132.68363320636666
IZUMO2	144.0	131.70089714806687
IZUMO3	126.0	128.66840724923887
IZUMO4	162.0	221.62872607163044
JADE1	353.0	414.7289792672268
JADE2	440.0	530.8719239534541
JADE3	218.0	237.51494597420395
JAG1	572.0	726.6374819693553
JAG2	862.0	1090.8416606758983
JAGN1	111.0	97.04345119310736
JAK1	492.0	553.1490738023224
JAK2	490.0	551.6048932587908
JAK3	592.0	656.8108298857139
JAKMIP1	480.0	646.3169786859862
JAKMIP2	334.0	355.34489629948456
JAKMIP3	486.0	644.9892510363071
JAM2	118.0	120.53858459277829
JAM3	182.0	174.25856019020617
JAML	162.0	192.87335910900273
JARID2	736.0	836.5965033301528
JAZF1	126.0	148.92335588004005
JCAD	691.0	778.9140874006157
JCHAIN	51.0	64.93686070193566
JDP2	107.0	106.9007276534035
JHY	368.0	364.24498861757985
JKAMP	138.0	120.25991049037751
JMJD1C	1057.0	978.4916459494796
JMJD4	269.0	284.8368459865415
JMJD6	221.0	225.05440180805388
JMJD7	202.0	181.48270023316712
JMJD7-PLA2G4B	674.0	635.6233259709561
JMJD8	261.0	267.726660750454
JMY	527.0	517.1137620537571
JOSD1	106.0	94.44320200940471
JOSD2	118.0	148.75929567388076
JPH1	375.0	402.70195447543074
JPH2	480.0	445.6253024312712
JPH3	673.0	893.348828789353
JPH4	425.0	425.67903714838917
JPT1	71.0	76.189087944043
JPT2	95.0	105.04326786357488
JRK	303.0	410.5757103939946
JRKL	204.0	223.04620722475502
JSRP1	221.0	288.0781644901556
JTB	83.0	72.57455316403338
JUN	246.0	293.3122938583505
JUNB	226.0	293.7008290923282
JUND	335.0	341.13857933332054
JUP	401.0	470.3843796498959
KAAG1	45.0	64.67474302994744
KALRN	1391.0	1485.9006431364658
KANK1	873.0	952.3591295222649
KANK2	537.0	796.2027508597606
KANK3	586.0	604.1986382851778
KANK4	465.0	560.3110471664181
KANSL1	600.0	512.8227252637842
KANSL1L	405.0	393.4347102588236
KANSL2	209.0	198.24667512384906
KANSL3	385.0	382.65935361182994
KANTR	9.0	5.724902237866217
KARS1	320.0	280.97134416284376
KASH5	260.0	276.5067701310994
KAT14	344.0	376.2172828399253
KAT2A	449.0	513.2775730797558
KAT2B	397.0	413.6414173297225
KAT5	365.0	314.7338682921635
KAT6A	895.0	931.2335421942196
KAT6B	861.0	970.6269745764877
KAT7	250.0	242.5796155326954
KAT8	278.0	291.81069166577083
KATNA1	186.0	201.96203471020513
KATNAL1	193.0	185.04070187082326
KATNAL2	243.0	238.65013513260553
KATNB1	361.0	447.7446774375453
KATNBL1	78.0	106.27434463465683
KATNIP	810.0	915.3187893213315
KAZALD1	179.0	193.04873783916034
KAZN	466.0	521.9831502282657
KBTBD11	747.0	828.8038263000267
KBTBD11-OT1	138.0	175.0474822956521
KBTBD12	236.0	260.00750006073974
KBTBD13	436.0	342.6510010764434
KBTBD2	267.0	270.65596400954405
KBTBD3	214.0	255.84013401145336
KBTBD4	258.0	268.16133175738554
KBTBD6	288.0	364.30883790026945
KBTBD7	305.0	354.5214465680447
KBTBD8	250.0	251.02770348915166
KCMF1	142.0	163.0344954082222
KCNA1	311.0	378.34120332121546
KCNA10	276.0	266.57513856300943
KCNA2	222.0	252.58063778080552
KCNA3	324.0	431.92662756316156
KCNA4	350.0	352.09415314701687
KCNA5	465.0	528.039553751922
KCNA6	296.0	391.3229965362102
KCNA7	298.0	352.96590426646935
KCNAB1	177.0	187.8180680942431
KCNAB2	222.0	295.2480975595104
KCNAB3	212.0	237.19754703779876
KCNB1	443.0	520.1650265074871
KCNB2	457.0	447.17883904756553
KCNC1	361.0	468.87198619356303
KCNC2	391.0	363.6630403656652
KCNC3	496.0	661.5162540243225
KCNC4	422.0	534.9657311111489
KCND1	234.0	257.246424294049
KCND2	317.0	348.03207913511716
KCND3	349.0	417.67907959910434
KCNE1	23.0	64.4968519610198
KCNE1B	13.0	41.24013984963411
KCNE2	57.0	56.129146196439294
KCNE3	47.0	54.889584759750235
KCNE4	115.0	125.35596034436104
KCNE5	65.0	56.11208975474932
KCNF1	328.0	450.77552902447314
KCNG1	358.0	389.65633451149915
KCNG2	414.0	456.40454810337246
KCNG3	322.0	333.5244493780734
KCNG4	375.0	527.7470825448668
KCNH1	456.0	554.5474321536757
KCNH2	786.0	1052.7379824201653
KCNH3	620.0	742.6984177350153
KCNH4	551.0	600.4429684622008
KCNH5	439.0	448.8262980287662
KCNH6	503.0	653.178882008447
KCNH7	547.0	502.41302493198475
KCNH8	498.0	521.540684311103
KCNIP1	93.0	110.35216190355713
KCNIP2	111.0	140.84240770088317
KCNIP3	134.0	153.161226919767
KCNIP4	124.0	109.1978019179071
KCNJ1	152.0	179.96766778840768
KCNJ10	184.0	215.4641440110005
KCNJ11	211.0	334.06291560469515
KCNJ12	117.0	266.97073485027454
KCNJ13	148.0	162.06241022991517
KCNJ14	288.0	288.1503495533488
KCNJ15	185.0	211.39907454026445
KCNJ16	174.0	208.06055275662777
KCNJ18	186.0	186.7705713448564
KCNJ2	200.0	243.56172952064708
KCNJ3	230.0	282.0732677661575
KCNJ4	257.0	523.5377769295528
KCNJ5	210.0	271.72941193108636
KCNJ6	196.0	234.63357967578867
KCNJ8	188.0	213.7687738978108
KCNJ9	229.0	304.8986817461741
KCNK1	200.0	247.09881298325206
KCNK10	303.0	330.5743823356533
KCNK12	331.0	473.37687878272106
KCNK13	231.0	263.6087591362913
KCNK15	224.0	259.2736075273366
KCNK16	145.0	167.70228097100215
KCNK17	181.0	198.49644080166888
KCNK18	208.0	203.50232530742744
KCNK2	191.0	216.93616236026003
KCNK3	278.0	289.6957337267018
KCNK4	263.0	258.547959991511
KCNK5	276.0	345.3891123574572
KCNK6	210.0	200.44490118221535
KCNK7	188.0	187.330109135423
KCNK9	231.0	278.16568959763134
KCNMA1	612.0	663.6908468607227
KCNMB1	114.0	125.35154057299866
KCNMB2	109.0	111.15988982497878
KCNMB3	78.0	118.79021959739687
KCNMB4	110.0	135.90415920116067
KCNN1	324.0	357.4341294387735
KCNN2	463.0	369.07118884591995
KCNN3	370.0	468.43378923391117
KCNN4	231.0	294.41391994980256
KCNQ1	450.0	620.6321832696071
KCNQ2	599.0	757.1148275120852
KCNQ3	450.0	571.2225950036895
KCNQ4	405.0	480.70410639491354
KCNQ5	458.0	462.2736069651122
KCNRG	97.0	116.06271966152457
KCNS1	299.0	330.1163492749563
KCNS2	254.0	302.3409344607634
KCNS3	238.0	296.8710527786803
KCNT1	867.0	1048.46978673514
KCNT2	500.0	438.9891179633977
KCNU1	523.0	473.10735757926057
KCNV1	280.0	281.7870177882103
KCNV2	518.0	464.81842949460065
KCP	843.0	1037.2232335336703
KCTD1	511.0	636.5719884157206
KCTD10	156.0	191.8787146881399
KCTD11	153.0	205.96126737831742
KCTD12	260.0	261.8807539582184
KCTD13	189.0	227.96897088432627
KCTD14	140.0	138.24092598651012
KCTD15	163.0	191.75092296421755
KCTD16	197.0	210.72661357892176
KCTD17	156.0	163.17395933614398
KCTD18	186.0	221.01905261283906
KCTD19	439.0	486.10745572384945
KCTD2	175.0	173.78716430064787
KCTD20	162.0	177.3597058708881
KCTD21	142.0	154.3287513060401
KCTD3	338.0	353.70367324575454
KCTD4	124.0	111.16543594298517
KCTD5	147.0	175.96275014425268
KCTD6	86.0	141.4907618175179
KCTD7	159.0	157.9455114363728
KCTD8	290.0	337.381468090292
KCTD9	128.0	157.13866079692474
KDELR1	121.0	117.06885696740628
KDELR2	119.0	135.57806078434268
KDELR3	120.0	104.35035927683651
KDF1	205.0	247.5568559534031
KDM1A	380.0	429.2265523046727
KDM1B	363.0	468.3854531012497
KDM2A	512.0	571.9346191412283
KDM2B	734.0	900.1264444984465
KDM3A	608.0	553.6802615603942
KDM3B	831.0	852.5276676748728
KDM4A	443.0	495.01667236496024
KDM4B	721.0	939.1082313120323
KDM4C	573.0	594.2930710600216
KDM4D	254.0	281.2852650512935
KDM4E	229.0	227.5727467406062
KDM4F	250.0	219.2112559191754
KDM5A	796.0	788.6287901005314
KDM5B	668.0	724.0870091049144
KDM5C	511.0	532.494705661796
KDM5D	146.0	116.28697712070117
KDM6A	384.0	401.19718011092914
KDM6B	1148.0	1351.2663706291873
KDM7A	423.0	423.738526898015
KDM8	232.0	250.6737502206528
KDR	617.0	618.582404773327
KDSR	138.0	156.07332462131492
KEAP1	350.0	383.94358936412107
KEL	355.0	400.2354395693604
KERA	167.0	147.213616429977
KHDC1	98.0	113.77578119602512
KHDC1L	66.0	49.71079177911027
KHDC3L	127.0	127.23054291887595
KHDC4	253.0	249.21575604067309
KHDRBS1	241.0	232.77976045831974
KHDRBS2	194.0	144.65680974728593
KHDRBS3	162.0	165.5355181148949
KHK	161.0	188.24678706361112
KHNYN	347.0	413.7356987500522
KHSRP	495.0	525.3600990619276
KIAA0040	49.0	41.26993128746871
KIAA0100	1072.0	1065.1683597082017
KIAA0232	613.0	643.3238782946845
KIAA0319	484.0	555.2951658998561
KIAA0319L	398.0	502.9174380127928
KIAA0408	304.0	290.0992744397044
KIAA0513	268.0	338.11152688377956
KIAA0586	625.0	522.7371547656019
KIAA0753	405.0	436.46524093260376
KIAA0825	470.0	490.0372023167956
KIAA0895	191.0	219.20412132817017
KIAA0895L	217.0	301.5103449851383
KIAA0930	259.0	287.19514097117235
KIAA1109	1906.0	1961.550800605728
KIAA1143	64.0	68.12511887506362
KIAA1191	130.0	155.42358413634722
KIAA1210	406.0	422.8937412420679
KIAA1217	903.0	1012.2540939613309
KIAA1328	232.0	222.0181514779092
KIAA1522	674.0	774.761571631155
KIAA1549	1103.0	1215.2756258553543
KIAA1549L	963.0	1062.2416442104306
KIAA1586	280.0	283.3446278864254
KIAA1614	714.0	796.3620696905357
KIAA1671	1003.0	1037.160911197511
KIAA1755	610.0	618.9237166384513
KIAA1958	354.0	402.7734386815928
KIAA2012	466.0	512.9303875375427
KIAA2013	336.0	415.50487597548766
KIAA2026	1222.0	1193.05283868629
KICS2	209.0	227.06808731956755
KIDINS220	732.0	848.5470149043332
KIF11	408.0	401.5581294718695
KIF12	353.0	389.5412519412833
KIF13A	789.0	1010.7139719876122
KIF13B	976.0	959.8687147934777
KIF14	566.0	603.6434812955013
KIF15	528.0	542.1661018611098
KIF16B	564.0	607.9647584834689
KIF17	567.0	734.1021810145262
KIF18A	367.0	346.2028541859969
KIF18B	439.0	491.0296339781876
KIF19	516.0	685.529005692172
KIF1A	1023.0	1293.625513080357
KIF1B	750.0	839.2278958441532
KIF1C	640.0	668.3741802049793
KIF20A	376.0	427.5888306657994
KIF20B	712.0	629.7266834575731
KIF21A	667.0	654.5317858421658
KIF21B	832.0	1006.5775336442263
KIF22	411.0	384.7370826262263
KIF23	367.0	380.57231457605025
KIF24	599.0	641.2814919754921
KIF25	225.0	267.64943775566036
KIF26A	1445.0	1848.020883641907
KIF26B	1357.0	1687.0047234562542
KIF27	471.0	533.6604690869302
KIF2A	268.0	248.68201754900306
KIF2B	370.0	341.55930908312155
KIF2C	313.0	331.01907755683277
KIF3A	250.0	268.08123298439097
KIF3B	326.0	338.8142255716565
KIF3C	393.0	536.5391424573318
KIF4A	281.0	335.17711220652865
KIF4B	489.0	574.3098707302116
KIF5A	448.0	516.3558960089001
KIF5B	355.0	359.56915078414784
KIF5C	405.0	404.236818961894
KIF6	339.0	355.1076576526608
KIF7	883.0	931.3681324755162
KIF9	343.0	378.31354391358417
KIFAP3	320.0	286.59801823280253
KIFBP	241.0	279.53698660756913
KIFC1	325.0	391.7180517760842
KIFC2	729.0	646.7805129465636
KIFC3	476.0	542.2971198327843
KIN	160.0	156.67667066778515
KIR2DL1	179.0	145.56581386908934
KIR2DL3	174.0	130.97078232332277
KIR2DL4	164.0	143.44778838631123
KIR2DS4	110.0	123.9475912026813
KIR3DL1	257.0	210.38485987500482
KIR3DL2	230.0	235.56622433889268
KIR3DL3	217.0	184.6290099620429
KIRREL1	388.0	458.3839457890999
KIRREL2	407.0	418.0668774954595
KIRREL3	445.0	625.669587646001
KISS1	97.0	88.12498993232121
KISS1R	302.0	307.53088350959536
KIT	438.0	460.20419064157255
KITLG	110.0	101.09138100480733
KIZ	280.0	245.69145102318063
KL	528.0	591.3745194097487
KLB	548.0	551.8461545731554
KLC1	289.0	317.90137041377034
KLC2	314.0	391.96098759605655
KLC3	377.0	315.8632012242474
KLC4	274.0	343.095101487901
KLF1	262.0	232.55688188835853
KLF10	239.0	236.4611119154586
KLF11	318.0	296.8753931474957
KLF12	208.0	201.46098989749697
KLF13	245.0	270.93671670773927
KLF14	276.0	297.909247137475
KLF15	246.0	274.5733557368289
KLF16	211.0	252.94601484120415
KLF17	179.0	199.1208057975939
KLF18	177.0	122.0180597958923
KLF2	299.0	292.8591735918793
KLF3	145.0	199.501845325372
KLF4	398.0	416.523943374804
KLF5	246.0	255.72740348149125
KLF6	152.0	207.7169369719421
KLF7	165.0	182.26728493122616
KLF8	109.0	99.59124400142734
KLF9	138.0	176.64737297649106
KLHDC1	148.0	128.9137517838025
KLHDC10	189.0	211.93992794519653
KLHDC2	159.0	151.9721262434925
KLHDC3	170.0	212.30769731420568
KLHDC4	386.0	461.7124600485314
KLHDC7A	464.0	581.4552987382873
KLHDC7B	532.0	632.4716356875407
KLHDC8A	173.0	243.3950176844098
KLHDC8B	150.0	216.4529191951255
KLHDC9	176.0	193.9894380902571
KLHL1	360.0	333.97125948775187
KLHL10	254.0	269.42203366398275
KLHL11	338.0	344.0455435706544
KLHL12	220.0	248.0057405972022
KLHL13	163.0	187.15504647476578
KLHL14	322.0	411.08527451906576
KLHL15	212.0	193.57421406146943
KLHL17	612.0	748.4526921265535
KLHL18	303.0	313.59162708161887
KLHL2	214.0	258.3345386245897
KLHL20	253.0	264.5984121295674
KLHL21	524.0	499.6098720702876
KLHL22	355.0	375.327781397195
KLHL23	234.0	231.7291351666312
KLHL24	222.0	259.1376110040649
KLHL25	399.0	696.6834227583898
KLHL26	465.0	500.2595640117352
KLHL28	243.0	235.88736973869257
KLHL29	511.0	674.1218304571357
KLHL3	258.0	305.3406675950719
KLHL30	356.0	474.37771791247974
KLHL31	330.0	327.05716156700373
KLHL32	259.0	279.52264852743724
KLHL33	434.0	542.1117052487385
KLHL34	303.0	262.3598874556881
KLHL35	470.0	411.9892324268677
KLHL36	472.0	748.3199505875218
KLHL38	322.0	366.0628745246955
KLHL4	224.0	195.63240332775365
KLHL40	409.0	444.76057257178815
KLHL41	218.0	263.4202649733984
KLHL42	267.0	328.0162855562127
KLHL5	260.0	302.75311007230766
KLHL6	338.0	370.1010334725147
KLHL7	252.0	252.15133685401543
KLHL8	224.0	240.34936702144472
KLHL9	274.0	327.62162627851666
KLK1	140.0	180.684867684059
KLK10	173.0	162.569907177439
KLK11	131.0	175.1830655656066
KLK12	147.0	160.99042677380163
KLK13	156.0	152.58687911675108
KLK14	133.0	163.74787065182915
KLK15	141.0	149.20805357384702
KLK2	140.0	162.429630919424
KLK3	142.0	160.62155110371032
KLK4	142.0	167.99933095173324
KLK5	140.0	195.30106869874032
KLK6	116.0	142.06422798266635
KLK7	151.0	185.52683084373126
KLK8	137.0	148.6142392550148
KLK9	122.0	148.50390716577905
KLKB1	280.0	289.0823791209739
KLLN	142.0	132.92889018913644
KLRB1	64.0	90.89406953694
KLRC1	77.0	93.1551114961605
KLRC2	48.0	68.9525701482449
KLRC3	70.0	73.06374121954127
KLRC4	53.0	58.017080010564655
KLRC4-KLRK1	50.0	54.82369045670357
KLRD1	59.0	63.8925731841353
KLRF1	92.0	88.83163085551332
KLRF2	73.0	78.44643130605161
KLRG1	69.0	78.82871998092689
KLRG2	283.0	258.74994592742644
KLRK1	77.0	76.45079424785983
KMO	210.0	211.80182358111733
KMT2A	1599.0	1899.33878542514
KMT2B	1737.0	1822.455371107904
KMT2C	2049.0	2179.1554254862835
KMT2D	2995.0	3277.9013983971317
KMT2E	815.0	767.4974021813177
KMT5A	153.0	183.72900282744115
KMT5B	349.0	383.5460210128688
KMT5C	291.0	369.7892625349821
KNCN	67.0	76.72752371043946
KNDC1	1083.0	1542.5995236172987
KNG1	277.0	299.48962592962596
KNL1	897.0	840.8065558936311
KNOP1	204.0	232.45985835798277
KNSTRN	158.0	148.52868658960347
KNTC1	901.0	845.3799559874162
KPNA1	192.0	217.90472808288578
KPNA2	238.0	228.64588597150816
KPNA3	186.0	196.93770613090385
KPNA4	189.0	172.37892274277095
KPNA5	207.0	189.69127030551175
KPNA6	219.0	257.42592155441463
KPNA7	276.0	260.01817517134964
KPNB1	363.0	370.7278486674392
KPRP	282.0	287.24729789059944
KPTN	271.0	267.39472145769304
KRAS	67.0	73.11227680060078
KRBA1	573.0	671.5043736422143
KRBA2	135.0	183.31064330866155
KRBOX1	51.0	52.04901332108744
KRBOX4	48.0	48.81072775866925
KRCC1	102.0	101.55553241966973
KREMEN1	214.0	232.8353801926302
KREMEN2	355.0	418.0083620154783
KRI1	371.0	410.00282020597683
KRIT1	282.0	253.7938488697731
KRR1	133.0	139.3795905748062
KRT1	301.0	323.7137043638706
KRT10	336.0	320.4412168174851
KRT12	257.0	273.1482894085978
KRT13	266.0	277.38268891615496
KRT14	241.0	278.0055973893975
KRT15	221.0	251.80963207115732
KRT16	226.0	285.9150027697168
KRT17	219.0	284.62663492714296
KRT18	194.0	227.43745816288808
KRT19	240.0	252.1078645966514
KRT2	324.0	345.982196792153
KRT20	207.0	186.0279005642861
KRT222	108.0	112.75348864052361
KRT23	191.0	193.77378307196506
KRT24	241.0	244.53205782101918
KRT25	203.0	204.0012934819743
KRT26	191.0	200.20787502381705
KRT27	204.0	221.11327117604773
KRT28	228.0	212.63284860243598
KRT3	367.0	357.3034126733355
KRT31	231.0	239.78637688713883
KRT32	238.0	253.55869373956887
KRT33A	229.0	238.39170107863742
KRT33B	237.0	210.40760600592932
KRT34	224.0	228.101498092773
KRT35	218.0	246.51085577339455
KRT36	277.0	263.84881553211324
KRT37	252.0	262.0056388750681
KRT38	258.0	259.2377852273609
KRT39	207.0	221.53167080515868
KRT4	257.0	278.83217298386774
KRT40	212.0	203.10121862209368
KRT5	329.0	358.38069363707837
KRT6A	301.0	304.3578119744618
KRT6B	213.0	262.3533737682993
KRT6C	236.0	296.36599158049336
KRT7	268.0	294.2370105881827
KRT71	292.0	303.39148043057094
KRT72	302.0	301.62081534970764
KRT73	285.0	320.92938416169744
KRT74	302.0	298.5990655036742
KRT75	301.0	304.6486202626424
KRT76	331.0	299.92984459801363
KRT77	293.0	314.5685718952268
KRT78	291.0	288.98113400559885
KRT79	312.0	313.60444276550487
KRT8	214.0	261.5513668267993
KRT80	235.0	276.79888771035087
KRT81	249.0	268.5240404261421
KRT82	297.0	304.1405668518867
KRT83	278.0	286.96020834370785
KRT84	334.0	317.77132406224433
KRT85	291.0	306.6856966905969
KRT86	238.0	270.1774048181166
KRT9	292.0	292.5503574200219
KRTAP1-1	77.0	76.54319492614557
KRTAP1-3	74.0	80.52562057039509
KRTAP1-4	50.0	52.95920548532842
KRTAP1-5	107.0	77.29136014920317
KRTAP10-1	155.0	208.4494648733217
KRTAP10-10	139.0	198.96408664640956
KRTAP10-11	188.0	206.45336218758376
KRTAP10-12	142.0	199.29630978229372
KRTAP10-2	134.0	191.42591550850898
KRTAP10-3	151.0	186.92781281900815
KRTAP10-4	147.0	254.62742060945766
KRTAP10-5	157.0	202.19351280861912
KRTAP10-6	136.0	185.72535800348362
KRTAP10-7	162.0	186.746019226093
KRTAP10-8	153.0	199.09393151371773
KRTAP10-9	199.0	257.03966099690183
KRTAP11-1	69.0	87.87857237277086
KRTAP12-1	56.0	71.79512638696298
KRTAP12-2	73.0	103.32704627859128
KRTAP12-3	61.0	67.00842232587537
KRTAP12-4	58.0	72.42435398528333
KRTAP13-1	104.0	87.35438819488101
KRTAP13-2	92.0	88.0449724526122
KRTAP13-3	98.0	81.04552144672846
KRTAP13-4	80.0	81.78431418436385
KRTAP15-1	65.0	59.934695100979
KRTAP16-1	262.0	258.862219180579
KRTAP17-1	62.0	55.47320391091625
KRTAP19-1	45.0	47.450858309280974
KRTAP19-2	31.0	24.40465670233751
KRTAP19-3	37.0	41.25796301685436
KRTAP19-4	42.0	40.73272705792502
KRTAP19-5	44.0	40.923408594459
KRTAP19-6	20.0	28.219539356384143
KRTAP19-7	38.0	30.511582970322078
KRTAP19-8	30.0	31.27884400492326
KRTAP2-1	19.0	63.86800167690744
KRTAP2-2	20.0	76.51989480555174
KRTAP2-3	45.0	53.493287371479845
KRTAP2-4	49.0	59.689440339123074
KRTAP20-1	30.0	25.377582167581927
KRTAP20-2	32.0	34.399525325600344
KRTAP20-3	16.0	20.374201278594363
KRTAP20-4	21.0	15.289390128272613
KRTAP21-1	29.0	37.88727220848399
KRTAP21-2	38.0	38.44258517052574
KRTAP21-3	22.0	22.947297714958786
KRTAP22-1	19.0	21.409011846459492
KRTAP22-2	19.0	21.328903073542573
KRTAP23-1	37.0	37.297694713126056
KRTAP24-1	133.0	122.30096306974808
KRTAP25-1	47.0	39.69321352112168
KRTAP26-1	111.0	104.82332009655602
KRTAP27-1	103.0	89.36004279274758
KRTAP29-1	142.0	155.02851146768765
KRTAP3-1	47.0	48.07894337412476
KRTAP3-2	49.0	47.2402165119165
KRTAP3-3	49.0	42.41752716449755
KRTAP4-1	52.0	59.1939413110377
KRTAP4-11	94.0	76.89276413713364
KRTAP4-12	85.0	94.82892871214578
KRTAP4-16	145.0	98.76487319477178
KRTAP4-2	56.0	59.69097890736369
KRTAP4-3	65.0	89.96977895244277
KRTAP4-4	88.0	83.59253115110646
KRTAP4-5	73.0	87.5342356709574
KRTAP4-6	97.0	98.13374862209162
KRTAP4-7	70.0	71.4281537272157
KRTAP4-8	66.0	76.03327879921886
KRTAP4-9	111.0	98.12447705832508
KRTAP5-1	105.0	150.67637586476116
KRTAP5-10	76.0	106.48279240252278
KRTAP5-11	88.0	77.51213973415263
KRTAP5-2	79.0	102.84977933672903
KRTAP5-3	92.0	143.42593977648676
KRTAP5-4	83.0	124.34034748389297
KRTAP5-5	84.0	147.9529557538901
KRTAP5-6	57.0	72.59719367473915
KRTAP5-7	55.0	88.50135131554406
KRTAP5-8	62.0	92.82532693409561
KRTAP5-9	70.0	83.43048300090238
KRTAP6-1	38.0	39.52061762596767
KRTAP6-2	39.0	35.98039427595755
KRTAP6-3	62.0	60.04869533678952
KRTAP7-1	42.0	41.92972617665265
KRTAP8-1	35.0	35.9188108102945
KRTAP9-1	122.0	117.71564199881712
KRTAP9-2	72.0	67.12267033313009
KRTAP9-3	89.0	65.75878604261746
KRTAP9-4	81.0	60.11411744220825
KRTAP9-6	37.0	56.607840991027395
KRTAP9-7	68.0	68.74286460621524
KRTAP9-8	94.0	67.25841696637978
KRTAP9-9	81.0	76.74096909882383
KRTCAP2	68.0	69.23378300271614
KRTCAP3	167.0	156.65020082040826
KRTDAP	53.0	55.49662516538456
KSR1	470.0	504.29437372038547
KSR2	480.0	570.4319572434785
KTI12	216.0	283.98015811692255
KTN1	512.0	446.32536301948267
KXD1	98.0	107.27335400502356
KY	277.0	362.1091950094599
KYAT1	212.0	230.13946619869117
KYAT3	148.0	167.66433732657583
KYNU	177.0	177.145785669258
L1CAM	453.0	474.90770783107797
L1TD1	421.0	332.3556452761494
L2HGDH	198.0	189.60088708344946
L3HYPDH	215.0	175.56782459839482
L3MBTL1	452.0	448.63288991455596
L3MBTL2	336.0	396.11563600812565
L3MBTL3	340.0	317.11671461001333
L3MBTL4	274.0	270.9192763401511
LACC1	162.0	167.14793048864885
LACRT	70.0	65.02067010201822
LACTB	252.0	240.58524063288678
LACTB2	120.0	108.13188969090898
LACTBL1	361.0	524.3459251667057
LAD1	231.0	286.7216334355888
LAG3	320.0	408.00596183288246
LAGE3	79.0	56.09337239749105
LAIR1	150.0	175.23575154133172
LAIR2	75.0	71.41670345575344
LALBA	64.0	60.34738272990617
LAMA1	1487.0	1670.7030439793614
LAMA2	1379.0	1388.4473616180774
LAMA3	1431.0	1576.277110946647
LAMA4	761.0	823.0008350115803
LAMA5	2620.0	3243.1888729185093
LAMB1	794.0	849.4220119418878
LAMB2	818.0	1072.0130568559948
LAMB3	592.0	706.0884232796242
LAMB4	744.0	761.408888586737
LAMC1	746.0	807.1401665808745
LAMC2	513.0	557.7820505654471
LAMC3	897.0	1049.1207554821312
LAMP1	236.0	282.91761063742996
LAMP2	108.0	113.12617431870063
LAMP3	180.0	208.4109520119145
LAMP5	149.0	153.4300336177443
LAMTOR1	77.0	78.61474013567673
LAMTOR2	62.0	67.29439578580362
LAMTOR3	40.0	39.933176640710485
LAMTOR4	69.0	50.044197754619795
LAMTOR5	37.0	39.10808468408418
LANCL1	188.0	187.57478089457365
LANCL2	233.0	218.86224686730336
LANCL3	160.0	145.7739032675064
LAP3	257.0	247.74687421926933
LAPTM4A	105.0	112.64284271088016
LAPTM4B	109.0	94.41771532130116
LAPTM5	151.0	153.87321907446588
LARGE1	434.0	415.1172675771704
LARGE2	428.0	495.19750004724153
LARP1	539.0	579.4881948973377
LARP1B	345.0	323.0733827386871
LARP4	279.0	268.82717814817516
LARP4B	367.0	406.40388736216397
LARP6	289.0	281.66746808301184
LARP7	254.0	194.8188456400929
LARS1	457.0	451.9676988209481
LARS2	396.0	419.8828847330109
LAS1L	245.0	233.89184834041745
LASP1	132.0	151.56312076687493
LAT	117.0	146.97925912430298
LAT2	128.0	134.88746919137168
LATS1	465.0	470.88966954314833
LATS2	692.0	747.2018509378878
LAX1	165.0	186.91499695204166
LAYN	168.0	180.51979608422215
LBH	51.0	57.93597772997755
LBHD1	105.0	114.90462607380259
LBHD2	28.0	15.32044625617323
LBP	227.0	245.6705521748716
LBR	228.0	298.31169633914425
LBX1	190.0	245.32134968786013
LBX2	143.0	167.92343265764956
LCA5	303.0	271.5069315447972
LCA5L	233.0	263.7650736133813
LCAT	248.0	281.3466856899396
LCE1A	59.0	55.2974629190587
LCE1B	56.0	60.85066413006305
LCE1C	72.0	60.288717736073195
LCE1D	44.0	85.65797510565335
LCE1E	61.0	58.349327335123064
LCE1F	67.0	64.62253952840841
LCE2A	65.0	56.93212436132487
LCE2B	69.0	51.093993768380194
LCE2C	57.0	50.00092012114283
LCE2D	55.0	53.925577236329204
LCE3A	46.0	46.46548654577278
LCE3B	23.0	53.735006782356955
LCE3C	29.0	55.26890702397619
LCE3D	46.0	51.366373619859225
LCE3E	40.0	53.705966894080916
LCE4A	41.0	44.13316441770164
LCE5A	51.0	56.54191056991278
LCE6A	38.0	35.76887042653833
LCK	277.0	294.8994558597671
LCLAT1	155.0	159.19228396629396
LCMT1	152.0	148.1958746858573
LCMT2	445.0	401.85404552410984
LCN1	85.0	124.65204825927562
LCN10	130.0	168.04944392260236
LCN12	116.0	149.99150143927108
LCN15	107.0	112.28069560085962
LCN2	94.0	122.52152686020918
LCN6	96.0	122.73959590849753
LCN8	92.0	115.76595759748119
LCN9	89.0	106.86073183840645
LCNL1	90.0	105.47771926765762
LCOR	643.0	710.8463985157623
LCORL	618.0	1031.4236655108298
LCP1	245.0	276.8454267925545
LCP2	239.0	242.51879242001027
LCT	853.0	985.8652031027024
LCTL	271.0	278.4268804381342
LDAF1	69.0	79.5953522635686
LDAH	117.0	141.25210401970682
LDB1	233.0	230.55554104434864
LDB2	164.0	196.82622473281393
LDB3	387.0	451.5418878680098
LDHA	110.0	136.27580144074827
LDHAL6A	144.0	138.3439829955824
LDHAL6B	205.0	211.11142324977575
LDHB	121.0	140.30309120305884
LDHC	139.0	128.94896508250847
LDHD	350.0	350.6287047715374
LDLR	480.0	520.4607866179832
LDLRAD1	103.0	111.57053265406866
LDLRAD2	182.0	179.94730478234246
LDLRAD3	157.0	211.36960109749847
LDLRAD4	168.0	209.3181872641468
LDLRAP1	156.0	195.45635869217384
LDOC1	55.0	62.58517525582255
LEAP2	34.0	35.865180567216385
LECT2	54.0	65.27946226360012
LEF1	185.0	198.67051453095868
LEFTY1	201.0	236.69170748025783
LEFTY2	204.0	248.3925251286566
LEKR1	257.0	281.91923686267734
LELP1	57.0	47.80947951472965
LEMD1	88.0	74.33327418167387
LEMD2	298.0	310.54828990434964
LEMD3	525.0	504.2285279535815
LENEP	30.0	37.02784641841433
LENG1	170.0	181.41538486465066
LENG8	531.0	677.0996401935988
LENG9	410.0	334.58985304814126
LEO1	262.0	258.8178007944923
LEP	112.0	88.95059636838236
LEPR	443.0	468.16643039393796
LEPROT	59.0	55.75272650687181
LEPROTL1	56.0	53.24180643671031
LETM1	446.0	507.6536008046617
LETM2	199.0	207.05155366004004
LETMD1	176.0	163.41873558765803
LEUTX	89.0	88.54151963463585
LEXM	189.0	216.1779536478665
LFNG	274.0	359.9879708224047
LGALS1	71.0	83.68623707259556
LGALS12	145.0	160.94197703574747
LGALS13	71.0	67.42056643736188
LGALS14	57.0	63.56393533340156
LGALS16	66.0	54.44872600921068
LGALS2	86.0	66.89996492993936
LGALS3	112.0	112.12214107415797
LGALS3BP	335.0	437.23564321077225
LGALS4	160.0	174.59679622592233
LGALS7	8.0	50.32704141100575
LGALS7B	7.0	36.68489212172018
LGALS8	138.0	150.2594234556394
LGALS9	149.0	190.13681095427037
LGALS9B	43.0	152.52434617456052
LGALS9C	44.0	163.84364593520093
LGALSL	86.0	83.22025780751707
LGI1	222.0	246.07849796006371
LGI2	270.0	305.67158819945934
LGI3	326.0	410.4774078081444
LGI4	355.0	317.08045439488103
LGMN	199.0	224.64011515130838
LGR4	429.0	441.23124405710354
LGR5	406.0	421.0585572251494
LGR6	538.0	669.3294072707554
LGSN	257.0	217.6128304797765
LHB	86.0	110.08966125526844
LHCGR	337.0	392.04438873627447
LHFPL1	52.0	64.05360493256093
LHFPL2	134.0	124.28070977887583
LHFPL3	133.0	176.75650311571303
LHFPL4	129.0	169.6591779680585
LHFPL5	111.0	126.08392942421155
LHFPL6	105.0	97.37390839829311
LHPP	150.0	177.31195770267308
LHX1	254.0	327.5673518851561
LHX2	292.0	305.64102066253974
LHX3	258.0	311.527981811243
LHX4	206.0	238.22861617593085
LHX5	266.0	292.8371464282432
LHX6	242.0	260.5430989308923
LHX8	179.0	169.15114440331814
LHX9	211.0	239.0095722518805
LIAS	145.0	148.84144738874184
LIF	122.0	145.09421326546686
LIFR	422.0	433.2493498004677
LIG1	487.0	563.4681606903991
LIG3	422.0	477.61831182189206
LIG4	361.0	383.0888156733505
LILRA1	305.0	280.6052312173451
LILRA2	279.0	286.9844693249256
LILRA4	272.0	343.8811350717847
LILRA5	144.0	172.65923213191712
LILRA6	135.0	214.49190047660738
LILRB1	328.0	386.79342387455006
LILRB2	279.0	342.97479077036843
LILRB3	185.0	254.80163886053225
LILRB4	229.0	272.58596817456186
LILRB5	356.0	396.49824679913695
LIM2	78.0	103.59826649321525
LIMA1	302.0	304.37425133016535
LIMCH1	619.0	689.6721201961898
LIMD1	334.0	413.55396492250895
LIMD2	60.0	84.90735401783058
LIME1	177.0	242.60679811653407
LIMK1	358.0	359.4088577007848
LIMK2	301.0	316.8858635107803
LIMS1	93.0	126.52496163848461
LIMS2	173.0	259.69132137909287
LIN28A	111.0	121.07992906467108
LIN28B	109.0	104.15511989416615
LIN37	126.0	131.92482766947705
LIN52	34.0	42.8214686991494
LIN54	269.0	286.1395635857454
LIN7A	118.0	106.95591680448922
LIN7B	147.0	135.6014552168999
LIN7C	90.0	86.29915258326136
LIN9	192.0	208.44332155711922
LINC00634	35.0	19.11514248192265
LINC00672	5.0	2.920613154252906
LINC02203	8.0	74.67466531319018
LINC02210-CRHR1	102.0	145.68013159338207
LINC02218	58.0	23.80861681135449
LINGO1	387.0	739.7390925021681
LINGO2	317.0	305.7934053203949
LINGO3	427.0	622.7554594656912
LINGO4	306.0	382.18731056848014
LINS1	336.0	343.9864786367679
LIPA	188.0	167.71434643000998
LIPC	271.0	265.25563541130725
LIPE	571.0	704.8135684572771
LIPF	161.0	149.10170572136175
LIPG	246.0	251.59616891385167
LIPH	190.0	199.22120290221892
LIPI	203.0	159.97201734526038
LIPJ	128.0	124.99285480982715
LIPK	164.0	136.4480355064076
LIPM	177.0	170.89012550030537
LIPN	156.0	146.3083829402154
LIPT1	131.0	145.82965526161087
LIPT2	199.0	184.3447583850572
LITAF	98.0	129.9707981681448
LITAFD	25.0	10.272411229411677
LIX1	124.0	123.66472914270331
LIX1L	170.0	172.99544265380848
LKAAEAR1	124.0	155.85808991052406
LLCFC1	70.0	65.79675209343482
LLGL1	674.0	752.9206005167847
LLGL2	577.0	767.0007652181241
LLPH	32.0	41.03369060143861
LMAN1	235.0	230.75167539131218
LMAN1L	280.0	288.4582833350917
LMAN2	207.0	289.21165232777804
LMAN2L	183.0	172.15046657715007
LMBR1	215.0	203.33310667791253
LMBR1L	247.0	260.23442958816
LMBRD1	204.0	205.11100166126505
LMBRD2	246.0	257.5605917215584
LMCD1	178.0	207.53611770085504
LMF1	418.0	454.3733173347092
LMF2	645.0	611.9396115964457
LMLN	308.0	320.56207721253935
LMLN2	229.0	202.93759902005164
LMNA	339.0	418.53447067542044
LMNB1	281.0	276.1968922900687
LMNB2	397.0	574.154812579519
LMNTD1	153.0	161.6217514848802
LMNTD2	534.0	540.9941906356573
LMO1	77.0	90.72063124135552
LMO2	123.0	146.5919796776245
LMO3	62.0	85.39553104425049
LMO4	100.0	94.57798018290735
LMO7	706.0	688.114792830455
LMOD1	284.0	332.42381885532643
LMOD2	251.0	254.52942511514317
LMOD3	292.0	239.15986780254306
LMTK2	819.0	910.4089032349532
LMTK3	971.0	1097.5734927976805
LMX1A	167.0	201.17293123372693
LMX1B	237.0	314.31188281358226
LNP1	75.0	74.0715454666659
LNPEP	435.0	399.6766007756324
LNPK	162.0	155.67405000727308
LNX1	336.0	364.48031873787454
LNX2	337.0	328.19410830850626
LONP1	781.0	790.858371449514
LONP2	395.0	362.6228618542579
LONRF1	517.0	456.75111947595207
LONRF2	417.0	383.8520170668418
LONRF3	265.0	253.33507283028018
LORICRIN	237.0	259.30164887117064
LOX	254.0	255.990960542737
LOXHD1	1113.0	1237.5862192911381
LOXL1	403.0	452.0181051352795
LOXL2	438.0	488.38616141080956
LOXL3	355.0	454.75501114184215
LOXL4	355.0	448.3791778125958
LPA	720.0	693.1589908711003
LPAR1	160.0	178.3586525742747
LPAR2	204.0	236.4509801521351
LPAR3	179.0	192.3389456633452
LPAR4	131.0	103.47816338319109
LPAR5	271.0	300.8687517217456
LPAR6	136.0	131.4384653285056
LPCAT1	340.0	497.57752523584213
LPCAT2	252.0	222.98488344706612
LPCAT3	242.0	258.23341328951614
LPCAT4	254.0	277.8365930760189
LPGAT1	138.0	148.63372027898166
LPIN1	445.0	507.5872013355781
LPIN2	425.0	477.7191694123485
LPIN3	418.0	488.32297388350554
LPL	244.0	288.3454772855181
LPO	360.0	383.5869950460383
LPP	328.0	447.43990760724796
LPXN	166.0	165.68827011545193
LRAT	144.0	168.49015684708533
LRATD1	210.0	245.6565412859455
LRATD2	220.0	257.70455631492587
LRBA	1230.0	1170.8598464698894
LRCH1	364.0	361.55252750190255
LRCH2	191.0	170.66775451331728
LRCH3	344.0	394.27063622817
LRCH4	442.0	515.9086706316726
LRCOL1	98.0	108.19896909595302
LRFN1	514.0	600.6282112987258
LRFN2	556.0	567.6576535685397
LRFN3	451.0	580.5144633346024
LRFN4	493.0	566.8633107758183
LRFN5	340.0	306.4195072125627
LRG1	226.0	268.29278145879186
LRGUK	394.0	333.12565460144896
LRIF1	323.0	311.17354246615764
LRIG1	772.0	668.5716824512214
LRIG2	471.0	452.7592621270467
LRIG3	512.0	506.5225661408459
LRIT1	361.0	359.29052389510485
LRIT2	291.0	272.0155411046215
LRIT3	306.0	304.4995769972132
LRMDA	125.0	114.80610303189167
LRP1	2219.0	2925.464730809039
LRP10	377.0	477.51203731434686
LRP11	316.0	310.3329411940213
LRP12	357.0	376.5178577971206
LRP1B	2047.0	1799.0786447189441
LRP2	1992.0	2079.825529475859
LRP2BP	153.0	167.87029551038046
LRP3	485.0	651.1447939216885
LRP4	903.0	986.126734861087
LRP5	966.0	1168.3926665430254
LRP6	719.0	739.3315799346129
LRP8	464.0	518.1342992717193
LRPAP1	263.0	310.18592722381226
LRPPRC	723.0	729.6878181259661
LRR1	179.0	183.6578070009079
LRRC1	236.0	257.96772337722115
LRRC10	145.0	173.49131203496864
LRRC10B	204.0	210.23667940111653
LRRC14	359.0	427.48653758886576
LRRC14B	358.0	424.5689618979985
LRRC15	337.0	432.592522966429
LRRC17	192.0	200.38287031576087
LRRC18	155.0	150.73854949477706
LRRC19	184.0	153.54208450614354
LRRC2	147.0	164.0934264641458
LRRC20	121.0	115.54639559848476
LRRC23	161.0	183.70821927028933
LRRC24	469.0	441.5422412320968
LRRC25	161.0	183.08622239958223
LRRC26	301.0	307.25109747729806
LRRC27	278.0	301.3826546817196
LRRC28	206.0	193.03982888314022
LRRC3	172.0	264.0837304804084
LRRC30	202.0	202.34427620918206
LRRC31	236.0	241.16278927458484
LRRC32	391.0	531.4337793767827
LRRC34	192.0	191.4615958172162
LRRC36	334.0	349.5495130914424
LRRC37A	28.0	244.06730652553958
LRRC37A2	63.0	328.9840231828771
LRRC37A3	305.0	569.1964558479045
LRRC37B	364.0	430.4861930439288
LRRC38	191.0	287.8225792800862
LRRC39	113.0	128.1146800372078
LRRC3B	132.0	128.00105204726012
LRRC3C	149.0	189.96356927050044
LRRC4	404.0	392.26538012378813
LRRC40	243.0	218.93581941966104
LRRC41	427.0	457.6988618142208
LRRC42	207.0	197.97374341957652
LRRC43	422.0	449.94009287715005
LRRC45	429.0	490.09614709592813
LRRC46	156.0	175.4319304788436
LRRC47	427.0	423.91309759231774
LRRC49	286.0	283.41054387467403
LRRC4B	500.0	623.3841505670918
LRRC4C	329.0	329.38941220573633
LRRC51	92.0	97.56434417581535
LRRC52	180.0	182.923933881427
LRRC53	324.0	270.68955554147016
LRRC55	188.0	189.13135375652155
LRRC56	387.0	426.1974330532236
LRRC57	106.0	121.09369897374289
LRRC58	221.0	192.91319122631478
LRRC59	138.0	167.59408022817635
LRRC61	173.0	204.74074408053258
LRRC63	191.0	216.39057610234033
LRRC66	411.0	417.68792754092846
LRRC69	141.0	132.89201841454684
LRRC7	685.0	694.3936142948334
LRRC70	270.0	258.32525780223943
LRRC71	323.0	325.41857632316646
LRRC72	122.0	113.1499640390987
LRRC73	210.0	209.08196887823368
LRRC74A	211.0	219.39047325681227
LRRC74B	134.0	149.87751064043394
LRRC75A	223.0	237.2229883781885
LRRC75B	199.0	207.95957395845664
LRRC8A	492.0	789.4205754322236
LRRC8B	359.0	382.18267015542756
LRRC8C	376.0	365.2938015593512
LRRC8D	352.0	382.13175729508885
LRRC8E	485.0	661.4395852045108
LRRC9	374.0	434.1751226980734
LRRCC1	400.0	361.67816920965083
LRRD1	303.0	314.2317819186345
LRRFIP1	300.0	329.7715260868562
LRRFIP2	291.0	284.21112562109494
LRRIQ1	699.0	595.5418973233149
LRRIQ3	250.0	215.11386190577701
LRRIQ4	277.0	291.9518202157394
LRRK1	1144.0	1394.3993723331062
LRRK2	1066.0	1025.4903973246116
LRRN1	359.0	472.4107242852411
LRRN2	391.0	568.6137575893354
LRRN3	308.0	375.15437332477194
LRRN4	496.0	562.6723243378115
LRRN4CL	156.0	145.51230429823627
LRRTM1	326.0	414.9521197491725
LRRTM2	223.0	257.680000594004
LRRTM3	277.0	276.2633414243507
LRRTM4	311.0	279.43120960382055
LRSAM1	322.0	404.6492414697456
LRTM1	186.0	183.3918248367308
LRTM2	250.0	327.9358778766706
LRTOMT	146.0	160.46160940817174
LRWD1	487.0	435.07886395745686
LSAMP	154.0	167.80674219042652
LSG1	272.0	314.6527030963194
LSM1	46.0	56.71863320130771
LSM10	63.0	76.967175355255
LSM11	207.0	202.90752924545598
LSM12	74.0	76.34568623299946
LSM14A	185.0	196.755413258125
LSM14B	219.0	249.47699844859687
LSM2	42.0	44.547965553554995
LSM3	46.0	47.73646817099027
LSM4	90.0	93.73676685945837
LSM5	35.0	32.83566823013966
LSM6	43.0	34.02565311564916
LSM7	70.0	61.37673030014519
LSM8	50.0	40.55202047971857
LSMEM1	65.0	61.46509080860124
LSMEM2	94.0	102.73812165403326
LSP1	179.0	220.1439176846189
LSR	397.0	399.13801481384576
LSS	433.0	495.47010140990176
LST1	53.0	51.58311657677862
LTA	87.0	130.1603652975567
LTA4H	227.0	245.15291701411073
LTB	163.0	174.88703703225005
LTB4R	250.0	269.5236962322098
LTB4R2	310.0	304.4802492026882
LTBP1	963.0	906.173696002859
LTBP2	1007.0	1145.1329767827895
LTBP3	824.0	847.8603932807965
LTBP4	947.0	987.642970698712
LTBR	228.0	269.1444264753775
LTC4S	126.0	109.39196887066856
LTF	378.0	392.34293990926454
LTK	563.0	567.1510924796164
LTN1	645.0	681.4399935589828
LTO1	59.0	53.97574114638931
LTV1	171.0	245.5370138204375
LUC7L	181.0	197.97891698864558
LUC7L2	144.0	161.79564508873568
LUC7L3	160.0	173.63632291494403
LUM	173.0	150.0285664082758
LURAP1	129.0	133.10767638522503
LURAP1L	139.0	161.44655180455246
LUZP1	481.0	571.1528434824311
LUZP2	154.0	140.86933536908643
LUZP4	104.0	79.60534629531094
LVRN	488.0	476.2471087504275
LXN	77.0	88.32493424741433
LY6D	81.0	105.50152572344277
LY6E	81.0	108.24409752644954
LY6G5B	98.0	106.02611208578755
LY6G5C	69.0	72.099934221203
LY6G6C	42.0	66.50407220147656
LY6G6D	65.0	78.57137105103956
LY6G6E	28.0	35.63305318151984
LY6G6F	132.0	160.77163605096283
LY6G6F-LY6G6D	174.0	212.99379951009587
LY6H	115.0	141.35851647673377
LY6K	98.0	96.91089273978415
LY6L	79.0	98.80510407011707
LY75	668.0	678.1822030599172
LY75-CD302	704.0	726.1068822687959
LY86	74.0	72.99568271905841
LY9	281.0	314.2792314354226
LY96	66.0	53.977797021989495
LYAR	176.0	176.66123624064556
LYG1	81.0	86.00817042118234
LYG2	88.0	94.88219607206915
LYL1	179.0	168.56008687584938
LYN	222.0	219.21499524148916
LYNX1	73.0	95.58308464401459
LYNX1-SLURP2	65.0	93.43773709564901
LYPD1	85.0	72.60336055798057
LYPD2	78.0	95.34682626827211
LYPD3	179.0	233.28428306315118
LYPD4	111.0	118.91295217785982
LYPD5	128.0	143.26598968354733
LYPD6	72.0	78.51302011995494
LYPD6B	106.0	87.55586183401732
LYPD8	74.0	66.35305700416053
LYPLA1	98.0	92.47169489819441
LYPLA2	112.0	150.33822607555726
LYPLAL1	119.0	99.64940264038168
LYRM1	43.0	56.78090248544015
LYRM2	30.0	34.471572639859374
LYRM4	42.0	41.2049468750583
LYRM7	39.0	28.61430092120691
LYRM9	42.0	32.62915316097569
LYSMD1	111.0	116.2316589718972
LYSMD2	102.0	125.3646053944235
LYSMD3	109.0	116.13647840964072
LYSMD4	143.0	170.83428123135036
LYST	1525.0	1648.8495757218382
LYVE1	134.0	147.80228582878115
LYZ	60.0	59.912169941444446
LYZL1	58.0	77.51259630046796
LYZL2	63.0	76.37729082731005
LYZL4	64.0	68.604868846323
LYZL6	72.0	66.46774630125108
LZIC	65.0	73.73183419966459
LZTFL1	93.0	117.20870817744763
LZTR1	490.0	569.0567541827785
LZTS1	359.0	439.8110271500267
LZTS2	360.0	450.2941280739127
LZTS3	408.0	509.60316898888783
M1AP	251.0	256.21910378998746
M6PR	111.0	134.4684848185595
MAB21L1	219.0	253.11072516357285
MAB21L2	218.0	308.1832933280016
MAB21L3	186.0	185.13922641946053
MAB21L4	280.0	365.61780325892727
MACC1	361.0	358.8438482920497
MACF1	3185.0	3340.659119187746
MACIR	101.0	105.63014615286265
MACO1	288.0	303.8717791885707
MACROD1	252.0	209.5582252948116
MACROD2	172.0	178.67582108515558
MACROH2A1	169.0	199.68531185073002
MACROH2A2	192.0	202.0259443480407
MAD1L1	473.0	529.6963051282335
MAD2L1	81.0	85.28580297255036
MAD2L1BP	146.0	135.34885119533664
MAD2L2	101.0	137.9707634438649
MADCAM1	268.0	314.9943279673119
MADD	771.0	811.5376958428792
MAEA	246.0	329.84543810256906
MAEL	172.0	175.7937842112255
MAF	337.0	498.7773083368902
MAF1	157.0	155.07985310684012
MAFA	244.0	306.73416434362827
MAFB	214.0	328.5136208191698
MAFF	113.0	119.55983586234254
MAFG	126.0	165.7644097297684
MAFK	110.0	216.81903541935873
MAG	384.0	408.8742991551014
MAGEA1	101.0	101.56032449161268
MAGEA10	125.0	109.11351121301418
MAGEA11	127.0	124.59890395863918
MAGEA12	135.0	102.624436425032
MAGEA3	110.0	96.064349296393
MAGEA4	132.0	104.24785555324411
MAGEA6	100.0	94.54724296750686
MAGEA8	104.0	108.20647919538493
MAGEB1	99.0	111.0382812807438
MAGEB10	99.0	104.99281259865131
MAGEB16	95.0	96.44523570568967
MAGEB17	110.0	112.70872983670205
MAGEB18	93.0	101.40718402161092
MAGEB2	107.0	98.45901335085549
MAGEB3	91.0	96.98700094792235
MAGEB4	101.0	105.12611810608993
MAGEB5	70.0	75.81495559048206
MAGEB6	128.0	133.22922622326053
MAGEB6B	107.0	117.48937375032664
MAGEC1	357.0	316.02450464177537
MAGEC2	127.0	118.14380088786912
MAGEC3	202.0	191.02968341847992
MAGED1	217.0	236.18764803612902
MAGED2	146.0	176.74397383466857
MAGEE1	414.0	343.50846537904505
MAGEE2	189.0	161.39628940198608
MAGEF1	150.0	197.8539668351494
MAGEH1	79.0	71.86208476339438
MAGEL2	792.0	911.6393038629242
MAGI1	812.0	822.1217709778344
MAGI2	729.0	734.0799508986213
MAGI3	553.0	600.360212733423
MAGIX	108.0	99.80398054019898
MAGOH	51.0	63.36077392177119
MAGOHB	50.0	50.19805611296119
MAGT1	89.0	88.71827829494477
MAIP1	142.0	150.88103487124502
MAJIN	78.0	88.13075886485166
MAK	250.0	285.79121335140303
MAK16	115.0	129.8644232686903
MAL	96.0	95.08229990374309
MAL2	102.0	107.7450901493361
MALL	27.0	34.67747463624774
MALRD1	995.0	1034.205362613014
MALSU1	153.0	124.18765974269868
MALT1	359.0	356.5382047647409
MAMDC2	313.0	285.9723089759195
MAMDC4	744.0	937.9326611068631
MAML1	516.0	649.6011959888185
MAML2	562.0	564.9022939154219
MAML3	502.0	631.0317281264261
MAMLD1	254.0	256.8871827717343
MAMSTR	265.0	273.3486574523933
MAN1A1	349.0	360.92625948802095
MAN1A2	247.0	249.98299031590577
MAN1B1	453.0	497.3338726823891
MAN1C1	352.0	404.67396511845186
MAN2A1	559.0	465.1085168630544
MAN2A2	671.0	768.3582255756829
MAN2B1	573.0	608.4701189238103
MAN2B2	544.0	714.1597827377738
MAN2C1	567.0	654.1675741305015
MANBA	370.0	352.1101108991189
MANBAL	47.0	46.24288967838338
MANEA	198.0	177.91483669961227
MANEAL	286.0	323.9504927858971
MANF	89.0	94.80478281833962
MANSC1	227.0	219.39570542083226
MANSC4	123.0	147.69910983825187
MAOA	140.0	154.2769739386996
MAOB	167.0	144.37019144160715
MAP10	459.0	475.8777127485356
MAP1A	1229.0	1472.5892104690445
MAP1B	1044.0	1228.417516274538
MAP1LC3A	63.0	78.32388047231096
MAP1LC3B	63.0	74.47073616845014
MAP1LC3B2	62.0	56.62794439985584
MAP1LC3C	70.0	76.11504591007255
MAP1S	826.0	827.619433196454
MAP2	786.0	834.453028872277
MAP2K1	183.0	181.28391694526982
MAP2K2	244.0	289.2095086085412
MAP2K3	189.0	170.5532776093944
MAP2K4	166.0	183.9374727144297
MAP2K5	202.0	214.2562833376895
MAP2K6	132.0	146.96256439590493
MAP2K7	299.0	339.3619797142339
MAP3K1	718.0	727.4457182855409
MAP3K10	601.0	622.3059768002761
MAP3K11	527.0	550.8752541714666
MAP3K12	469.0	478.0377501677754
MAP3K13	394.0	492.02216473813536
MAP3K14	462.0	508.4720429430971
MAP3K15	494.0	423.4392779601673
MAP3K19	518.0	519.0408741095666
MAP3K2	244.0	253.3183247394831
MAP3K20	325.0	330.6463767665557
MAP3K21	558.0	587.531861825607
MAP3K3	272.0	319.8365806831648
MAP3K4	702.0	931.9513358526881
MAP3K5	579.0	614.1022252831125
MAP3K6	695.0	891.7667566234503
MAP3K7	241.0	236.46255009739326
MAP3K7CL	65.0	65.71809104959009
MAP3K8	223.0	219.94147372596908
MAP3K9	533.0	630.3494589399115
MAP4	909.0	1022.1659799980051
MAP4K1	412.0	413.0083586245222
MAP4K2	479.0	452.1938681247315
MAP4K3	416.0	332.79852781000983
MAP4K4	610.0	625.109746393752
MAP4K5	347.0	256.53398114395105
MAP6	418.0	420.83346851019917
MAP6D1	141.0	168.43423830575782
MAP7	350.0	356.58148896035874
MAP7D1	536.0	525.6659951594802
MAP7D2	224.0	224.3604303701117
MAP7D3	288.0	242.7466481019876
MAP9	235.0	221.11399204118982
MAPK1	175.0	165.46064170518522
MAPK10	190.0	199.97477558831622
MAPK11	233.0	281.2750113956365
MAPK12	251.0	292.5675099846541
MAPK13	179.0	210.31119609942883
MAPK14	142.0	166.1557415166105
MAPK15	356.0	466.1083872421855
MAPK1IP1L	115.0	109.84650979711813
MAPK3	222.0	219.09547776656402
MAPK4	390.0	420.74791161684755
MAPK6	316.0	266.1898856433653
MAPK7	516.0	563.2967721737158
MAPK8	191.0	163.8561242042319
MAPK8IP1	401.0	549.9407667052035
MAPK8IP2	632.0	682.2978324659215
MAPK8IP3	897.0	1138.0907296659666
MAPK9	155.0	196.1130100846871
MAPKAP1	222.0	263.4781418401402
MAPKAPK2	208.0	223.81279878992015
MAPKAPK3	178.0	207.04499820051322
MAPKAPK5	179.0	190.3088401198339
MAPKBP1	719.0	833.3286984098382
MAPRE1	122.0	113.7380272578977
MAPRE2	135.0	152.8273828650583
MAPRE3	110.0	154.6008012873148
MAPT	456.0	512.1347611147122
MARCHF1	236.0	243.64855123095506
MARCHF10	340.0	377.70693398925187
MARCHF11	233.0	269.71010948465243
MARCHF2	154.0	173.36645642742417
MARCHF3	144.0	143.45285796059596
MARCHF4	226.0	234.58199477531372
MARCHF5	103.0	104.99145384928632
MARCHF6	395.0	424.28943820486865
MARCHF7	295.0	287.46248581174524
MARCHF8	263.0	301.2948127205582
MARCHF9	183.0	208.21256901947328
MARCKS	289.0	251.05029693007907
MARCKSL1	126.0	125.38341754136665
MARCO	273.0	245.13027733215705
MARCOL	46.0	28.452209627006976
MARF1	868.0	885.1709469767384
MARK1	317.0	339.92395771633403
MARK2	382.0	438.8835439850294
MARK3	321.0	357.2725182309596
MARK4	436.0	448.1409687343954
MARS1	418.0	429.70897789218213
MARS2	351.0	412.6635753284934
MARVELD1	119.0	163.6595259960517
MARVELD2	238.0	267.4449512438817
MARVELD3	241.0	254.8709087148938
MAS1	163.0	195.69207347447235
MAS1L	160.0	199.92843583963256
MASP1	362.0	408.6427371729575
MASP2	379.0	369.9438932727426
MAST1	938.0	986.6290610539506
MAST2	869.0	1005.9535455384913
MAST3	785.0	881.4609719862992
MAST4	1479.0	1430.634126181677
MASTL	323.0	374.52912732256306
MAT1A	205.0	223.1247681960677
MAT2A	200.0	179.00236013057147
MAT2B	148.0	139.60144834011368
MATK	308.0	402.8421230742353
MATN1	264.0	328.2426212230671
MATN2	429.0	460.1966949111625
MATN3	217.0	267.7413122572642
MATN4	351.0	365.33544637378844
MATR3	336.0	339.2600003878828
MATR3	336.0	339.2600003878828
MAU2	357.0	386.66741191943413
MAVS	278.0	336.04318237827215
MAX	72.0	105.24693300435062
MAZ	510.0	454.0308892739346
MB	89.0	83.67807352635117
MB21D2	241.0	299.44476328345297
MBD1	301.0	353.6587916940055
MBD2	233.0	226.27514341035857
MBD3	223.0	239.11259284436966
MBD3L1	84.0	87.07110767807124
MBD3L2	20.0	45.71631784829575
MBD3L2B	50.0	63.71176320077637
MBD3L3	1.0	44.1519759435227
MBD3L5	5.0	28.781360092273925
MBD4	231.0	228.2901885777073
MBD5	727.0	785.867952566977
MBD6	540.0	584.7817005202498
MBIP	145.0	138.4347151216777
MBL2	114.0	104.77560855706581
MBLAC1	197.0	195.32397957029042
MBLAC2	162.0	156.42195808744202
MBNL1	169.0	176.67357156496564
MBNL2	195.0	194.62991520669047
MBNL3	100.0	104.6310854255427
MBOAT1	229.0	243.46271275348818
MBOAT2	211.0	234.39465511014865
MBOAT4	202.0	223.2212142273375
MBOAT7	361.0	332.2311813943933
MBP	143.0	188.75143339716018
MBTD1	237.0	230.82040956371856
MBTPS1	632.0	695.7867785431903
MBTPS2	125.0	141.74074721242172
MC1R	263.0	337.13126618343614
MC2R	185.0	172.7325336944846
MC3R	174.0	215.85070846969393
MC4R	162.0	156.59941035446863
MC5R	167.0	194.40018669843298
MCAM	330.0	428.4900703066892
MCAT	240.0	239.77691385626014
MCC	578.0	612.64443899792
MCCC1	322.0	329.5968196289326
MCCC2	253.0	232.5274924740962
MCCD1	70.0	57.96248619811365
MCEE	78.0	74.81281805404798
MCEMP1	88.0	98.1373898185213
MCF2	217.0	212.3124595987879
MCF2L	659.0	876.0010983215649
MCF2L2	465.0	532.7393002736654
MCFD2	70.0	91.26918321255404
MCHR1	215.0	272.1117422789934
MCHR2	151.0	144.3754048690312
MCIDAS	228.0	266.38061089199743
MCL1	248.0	230.8994067722872
MCM10	380.0	418.0890617751207
MCM2	475.0	541.3453918192291
MCM3	383.0	392.7314963391273
MCM3AP	1002.0	1099.3734657164623
MCM4	465.0	423.2111767070604
MCM5	404.0	410.63368556829266
MCM6	335.0	337.6894647467205
MCM7	461.0	390.8461005512561
MCM8	352.0	352.45288478866036
MCM9	480.0	509.88119440643004
MCMBP	267.0	290.5749063497427
MCMDC2	249.0	249.28458967674243
MCOLN1	366.0	437.8467497752221
MCOLN2	246.0	238.96159810948365
MCOLN3	183.0	218.29557770848035
MCPH1	514.0	500.95722452680326
MCRIP1	53.0	80.2326126078552
MCRIP2	121.0	131.51013848359753
MCRS1	244.0	257.1786805952561
MCTP1	529.0	515.058625652194
MCTP2	395.0	440.8098225793062
MCTS1	26.0	37.30915202884888
MCTS2P	53.0	69.76512522251333
MCU	160.0	171.74603628457209
MCUB	148.0	135.4603182584808
MCUR1	229.0	201.33847667609868
MDC1	797.0	1003.2622501619344
MDFI	145.0	160.70552648607537
MDFIC	120.0	116.90082494429683
MDFIC2	46.0	19.728399578657434
MDGA1	533.0	577.0072430418638
MDGA2	452.0	477.5014947515192
MDH1	144.0	133.76126371312432
MDH1B	236.0	231.6531355239226
MDH2	193.0	197.58638386701278
MDK	86.0	97.56060065342727
MDM1	290.0	278.38142580233284
MDM2	194.0	181.14439368018424
MDM4	202.0	194.62400898177103
MDN1	2385.0	2367.6895498812337
MDP1	101.0	86.5130085532786
ME1	251.0	214.73188925127386
ME2	199.0	223.23235529852613
ME3	320.0	316.5093724060439
MEA1	91.0	102.81389767150748
MEAF6	97.0	85.8591925052347
MEAK7	338.0	338.36565037155594
MECOM	528.0	562.2866664740778
MECP2	310.0	190.18030013829895
MECR	198.0	194.9481738692756
MED1	661.0	663.3765638240523
MED10	66.0	73.41569105631652
MED11	67.0	77.39965076899327
MED12	641.0	692.8049056742694
MED12L	974.0	1012.1907279132555
MED13	942.0	903.3685758271562
MED13L	1011.0	1094.7378540849338
MED14	399.0	402.7613050960813
MED15	436.0	472.5689064127018
MED16	897.0	768.5519936374135
MED17	281.0	279.91271936468866
MED18	88.0	92.95917634221809
MED19	139.0	109.48653117105806
MED20	105.0	108.98795084843765
MED21	73.0	61.279689488488856
MED22	134.0	145.62354697759054
MED23	561.0	583.4874956724146
MED24	521.0	548.2645700954415
MED25	449.0	519.1104247730998
MED26	375.0	502.3083487732057
MED27	122.0	173.28019462544836
MED28	110.0	94.77005167746991
MED29	123.0	117.91136656119687
MED30	79.0	90.48965484270731
MED31	60.0	59.5053825616489
MED4	138.0	103.96564028863332
MED6	94.0	90.2814389376251
MED7	88.0	92.82423572674503
MED8	105.0	124.88653716481144
MED9	87.0	88.22478295078014
MEDAG	158.0	143.70822966172656
MEF2A	240.0	237.36061512503295
MEF2B	205.0	241.47428806452203
MEF2C	183.0	209.7353131817895
MEF2D	305.0	327.4606327704669
MEFV	500.0	477.0717672441292
MEGF10	478.0	544.2559361945854
MEGF11	532.0	542.2894605791234
MEGF6	1038.0	1155.644780261277
MEGF8	1621.0	1827.389049690914
MEGF9	302.0	355.6608672111123
MEI1	652.0	614.6903665376775
MEI4	122.0	247.09635455833015
MEIG1	41.0	35.60746637941736
MEIKIN	60.0	40.625255567717495
MEIOB	192.0	180.84209509741368
MEIOC	365.0	363.46717200432806
MEIOSIN	217.0	188.026485885728
MEIS1	176.0	184.63686529241494
MEIS2	221.0	246.27177160619297
MEIS3	198.0	220.75550743254186
MELK	252.0	258.74507792188746
MELTF	462.0	575.7181672660272
MEMO1	78.0	112.88078695759093
MEN1	346.0	374.03981055838636
MEOX1	134.0	141.84833482299751
MEOX2	190.0	169.3493095740954
MEP1A	337.0	338.8482880906129
MEP1B	273.0	281.5312347220015
MEPCE	477.0	479.28137555582884
MEPE	214.0	212.8911885658703
MERTK	426.0	468.4656612396913
MESD	126.0	123.40455814051208
MESP1	216.0	226.04670251081288
MESP2	303.0	262.9623747619822
MEST	130.0	161.70755839959494
MET	628.0	628.8351376810962
METAP1	181.0	158.3258853228956
METAP1D	151.0	155.43287226359905
METAP2	214.0	192.19212095624127
METRN	230.0	287.8411582287663
METRNL	215.0	302.3388399334792
METTL1	138.0	146.29814099670736
METTL13	354.0	374.4754815916635
METTL14	150.0	172.51106887452988
METTL15	162.0	162.67615664044297
METTL16	246.0	292.97249034872203
METTL17	208.0	236.04365393399664
METTL18	131.0	145.7449660893554
METTL21A	93.0	106.27147045443972
METTL21C	125.0	134.50237847836559
METTL22	255.0	287.41084881182996
METTL23	97.0	75.74514669146583
METTL24	163.0	174.45631073630224
METTL25	287.0	250.9781296844051
METTL25B	230.0	270.5048081834585
METTL26	165.0	192.90431539209223
METTL27	138.0	144.95996810744927
METTL2A	118.0	162.2468235388676
METTL2B	128.0	157.57151281611675
METTL3	256.0	279.28891441465225
METTL4	169.0	197.70172621003164
METTL5	86.0	82.21469333465606
METTL6	109.0	119.21779174087263
METTL7A	106.0	119.98123025964108
METTL7B	111.0	130.82898462580613
METTL8	136.0	144.85140612581725
METTL9	175.0	144.0504032973197
MEX3A	335.0	378.66795040167983
MEX3B	498.0	484.3913542382546
MEX3C	390.0	370.7109428006935
MEX3D	626.0	678.5409830902762
MFAP1	175.0	173.7644916223676
MFAP2	73.0	110.59792267019971
MFAP3	140.0	165.16005872965007
MFAP3L	219.0	243.94207460763124
MFAP4	146.0	150.5828588978057
MFAP5	92.0	76.29194830997815
MFF	99.0	130.4856263715568
MFGE8	230.0	322.48820843927797
MFHAS1	952.0	1067.1076706512868
MFN1	297.0	300.18164810668213
MFN2	337.0	410.56488214715995
MFNG	158.0	197.30532652182328
MFRP	336.0	380.623770186613
MFSD1	213.0	205.62808410240405
MFSD10	361.0	396.68814314059216
MFSD11	186.0	195.88166298507528
MFSD12	441.0	411.0515565905569
MFSD13A	290.0	337.89401687500396
MFSD14A	200.0	197.28540939719528
MFSD14B	247.0	216.64301474526786
MFSD2A	258.0	308.1081262014242
MFSD2B	287.0	340.6489891590554
MFSD3	373.0	347.54684900290454
MFSD4A	281.0	309.14821382898754
MFSD4B	208.0	226.32528507215633
MFSD5	236.0	242.71290471089497
MFSD6	331.0	472.36985255286277
MFSD6L	336.0	389.45966671171635
MFSD8	202.0	210.27407392252815
MFSD9	300.0	283.58541790102703
MGA	1302.0	1229.2126114065122
MGAM	1105.0	1234.29145610874
MGAM2	777.0	733.8561480681341
MGARP	110.0	113.98770891265556
MGAT1	338.0	396.5750991255015
MGAT2	248.0	256.66728428951336
MGAT3	397.0	448.50041968980366
MGAT4A	198.0	189.86335810199364
MGAT4B	373.0	481.4246057899269
MGAT4C	181.0	181.38719597373364
MGAT4D	112.0	77.56401172980027
MGAT5	310.0	326.5854162198862
MGAT5B	464.0	563.5953497107041
MGLL	148.0	174.33926018560157
MGME1	133.0	149.19648245269244
MGMT	130.0	148.98291507220887
MGP	44.0	48.67827845417867
MGRN1	470.0	453.0119248022634
MGST1	54.0	87.48552152828377
MGST2	79.0	71.69284410374823
MGST3	49.0	69.5209692973644
MIA	55.0	69.67954199052056
MIA-RAB4B	57.0	70.18036477129453
MIA2	552.0	486.74860233505154
MIA3	740.0	828.5833545034915
MIB1	446.0	441.10591431500563
MIB2	820.0	999.803337511833
MICA	135.0	172.72633098688104
MICAL1	546.0	640.5200237095885
MICAL2	570.0	639.7113362092468
MICAL3	1082.0	1297.0413445917532
MICALL1	481.0	515.2232628663846
MICALL2	694.0	718.0014245134917
MICB	153.0	206.17532507872744
MICOS10	35.0	35.94348889866869
MICOS10-NBL1	27.0	31.92716101072771
MICOS13	61.0	70.3958048484325
MICU1	186.0	168.315013346537
MICU2	201.0	177.68124618171288
MICU3	308.0	308.91625186115886
MID1	229.0	229.43012692319076
MID1IP1	87.0	73.89536266679701
MID2	199.0	222.05148071560205
MIDEAS	585.0	672.0656231134626
MIDN	432.0	538.8325232052821
MIEF1	245.0	286.10415973021526
MIEF2	275.0	347.13113512678444
MIEN1	63.0	57.49165971964913
MIER1	213.0	209.85070974672223
MIER2	372.0	412.8712648505373
MIER3	205.0	229.75627046056576
MIF	83.0	76.98994128373417
MIF4GD	137.0	135.14313292671744
MIGA1	249.0	228.15964392456172
MIGA2	333.0	412.23857606677007
MIIP	225.0	264.30947068670883
MILR1	88.0	76.32226973069362
MINAR1	482.0	512.7763214836782
MINAR2	86.0	78.47775527909586
MINDY1	231.0	239.2185051925284
MINDY2	372.0	318.51659849464505
MINDY3	192.0	181.07070614573595
MINDY4	379.0	409.6020930410246
MINDY4B	153.0	125.98207863940627
MINK1	797.0	821.0376577306592
MINPP1	268.0	290.8423374346216
MIOS	397.0	462.76116708882915
MIOX	168.0	218.27339164292053
MIP	133.0	145.17716407555002
MIPEP	334.0	316.4858686448251
MIPOL1	179.0	160.1788514234403
MIS12	97.0	91.37789619942095
MIS18A	134.0	115.0057394808287
MIS18BP1	386.0	405.4632447449144
MISP	444.0	547.7900776033844
MISP3	112.0	93.75663585176423
MITD1	102.0	93.49262200208295
MITF	260.0	253.69396309042128
MIX23	59.0	53.381686058169905
MIXL1	164.0	166.17661068827732
MKI67	1465.0	1586.755459076693
MKKS	260.0	248.56010849987484
MKKS	9.0	7.60365773851161
MKLN1	288.0	296.80340527648644
MKNK1	176.0	222.43149295168155
MKNK2	323.0	326.15412794320684
MKRN1	253.0	254.8552718284484
MKRN2	206.0	209.58879885918063
MKRN2OS	121.0	116.8434429946975
MKRN3	301.0	283.35025708549864
MKS1	251.0	280.30767897619177
MKX	176.0	200.06244346460238
MLANA	56.0	65.5915020697905
MLC1	190.0	263.26683257753183
MLEC	142.0	189.83909243348361
MLF1	95.0	98.63007701569038
MLF2	109.0	146.05252490645313
MLH1	335.0	344.83240070902673
MLH3	524.0	599.8535980840275
MLIP	504.0	459.5091744850523
MLKL	251.0	213.43268334012748
MLLT1	323.0	452.3511126438728
MLLT10	490.0	462.3677256312015
MLLT11	38.0	39.97796920652509
MLLT3	283.0	311.5084995493169
MLLT6	606.0	679.3085325927594
MLN	59.0	53.50514418775305
MLNR	302.0	282.39485652491396
MLPH	301.0	377.12782695963153
MLST8	243.0	243.33197176698215
MLX	115.0	123.58368145501446
MLXIP	530.0	614.3710120933246
MLXIPL	466.0	471.0369141494436
MLYCD	403.0	435.0244011297201
MMAA	154.0	180.26533112384686
MMAB	134.0	156.34141885803308
MMACHC	151.0	150.18157195171386
MMADHC	97.0	112.31165626776875
MMD	97.0	94.40605343351146
MMD2	129.0	163.33414409220714
MME	292.0	306.9360231389064
MMEL1	390.0	568.6527724940504
MMGT1	49.0	40.851556446532214
MMP1	230.0	246.45844803466656
MMP10	229.0	251.92837470290576
MMP11	265.0	284.9550589541568
MMP12	210.0	231.97685483638566
MMP13	200.0	250.9963300761377
MMP14	322.0	384.78549338862837
MMP15	428.0	486.92785508841484
MMP16	249.0	273.85605949593713
MMP17	397.0	539.0943893605044
MMP19	222.0	253.97457157054336
MMP2	367.0	362.7405262247113
MMP20	244.0	222.87049392228323
MMP21	341.0	370.4715639598726
MMP23B	98.0	173.96440221318105
MMP24	321.0	356.95631255586727
MMP24OS	30.0	9.132893453609729
MMP25	407.0	421.07123350423586
MMP26	122.0	128.346314667937
MMP27	229.0	256.3799944003027
MMP28	318.0	302.53585191758947
MMP3	216.0	264.5663156199129
MMP7	142.0	123.04284351910124
MMP8	225.0	230.3676318611577
MMP9	412.0	448.74425279283895
MMRN1	575.0	482.7236445432432
MMRN2	564.0	625.9839687429657
MMS19	491.0	467.13490617055174
MMS22L	517.0	480.1489117028324
MMUT	273.0	295.70304916878905
MN1	928.0	1101.4350751125348
MNAT1	118.0	108.88323455091407
MND1	69.0	63.11077725077004
MNDA	181.0	170.41311625390358
MNS1	188.0	163.93916256448398
MNT	426.0	486.17870346636715
MNX1	306.0	357.2453580992033
MOAP1	150.0	179.93520931669755
MOB1A	81.0	72.0740479859524
MOB1B	76.0	79.5939168026457
MOB2	167.0	228.73232068541017
MOB3A	124.0	177.86769106655126
MOB3B	111.0	111.11384550283172
MOB3C	101.0	142.2949333940572
MOB4	88.0	82.98777020758807
MOBP	88.0	129.9150177038554
MOCOS	445.0	434.1258305115732
MOCS1	334.0	384.57674305867164
MOCS2	92.0	82.24460547020722
MOCS3	294.0	353.97764915506195
MOG	92.0	115.21855515397682
MOGAT1	145.0	152.91752097435435
MOGAT2	163.0	170.0254223794757
MOGAT3	209.0	187.3914649978189
MOGS	492.0	512.8527868135628
MOK	210.0	237.25616469432123
MON1A	275.0	393.7972902465224
MON1B	395.0	500.7136391017742
MON2	660.0	642.3713588487392
MORC1	395.0	363.59510786747614
MORC2	439.0	520.7733906493362
MORC3	395.0	381.8955827048404
MORC4	267.0	256.34515175600194
MORF4L1	123.0	130.17979938491857
MORF4L2	69.0	84.69686941198927
MORN1	301.0	371.31750842546734
MORN2	57.0	48.837481081102
MORN3	109.0	118.55237008323746
MORN4	53.0	68.45248703777725
MORN5	73.0	80.30287121654624
MOS	190.0	272.1135176435696
MOSMO	82.0	86.19117726133658
MOSPD1	67.0	60.693982129132245
MOSPD2	115.0	118.34264016270846
MOSPD3	136.0	156.9495878652077
MOV10	490.0	560.505361308664
MOV10L1	593.0	673.3768502279305
MOXD1	303.0	284.5921844947257
MPC1	47.0	55.60546821622013
MPC1L	62.0	60.8602950824846
MPC2	61.0	45.05064093379881
MPDU1	142.0	160.40503676365896
MPDZ	1048.0	993.719378237665
MPEG1	365.0	388.2909609482043
MPG	202.0	223.1139457006175
MPHOSPH10	245.0	255.47907300930626
MPHOSPH6	84.0	73.98524558472108
MPHOSPH8	366.0	388.0574893606576
MPHOSPH9	435.0	484.0291535645705
MPI	187.0	223.6181074764212
MPIG6B	136.0	158.75062581296064
MPL	248.0	323.27023017278265
MPLKIP	126.0	92.06944830923688
MPND	323.0	342.46052555032134
MPO	426.0	483.0337860147806
MPP1	153.0	150.74325486101802
MPP2	300.0	341.85896495789063
MPP3	311.0	290.1434004317904
MPP4	261.0	264.1602523798672
MPP7	237.0	248.49208764953212
MPPE1	159.0	208.48607682753172
MPPED1	199.0	238.28474892736233
MPPED2	136.0	145.5464011925396
MPRIP	1151.0	2113.942923064199
MPST	204.0	218.8384284284553
MPV17	87.0	91.14598489540876
MPV17L	102.0	84.07328866176734
MPV17L2	130.0	125.81603308039959
MPZ	118.0	137.8211376536152
MPZL1	143.0	139.11838188710027
MPZL2	92.0	105.98379803954421
MPZL3	99.0	112.24941516617936
MR1	153.0	160.88536420517013
MRAP	95.0	108.27253313948992
MRAP2	96.0	91.04004641551664
MRAS	98.0	108.7834414497642
MRC1	457.0	491.11903005401433
MRC2	798.0	904.5931116019223
MRE11	273.0	270.5003726699545
MREG	106.0	98.06456279225092
MRFAP1	101.0	106.94854877246708
MRFAP1L1	78.0	98.26419623859087
MRGBP	118.0	137.60180235175739
MRGPRD	185.0	217.90234855603256
MRGPRE	229.0	399.9680046372274
MRGPRF	242.0	229.18306766637832
MRGPRG	216.0	364.96333995961317
MRGPRX1	208.0	176.9425223144126
MRGPRX2	183.0	184.13439869722708
MRGPRX3	199.0	190.92063080560186
MRGPRX4	192.0	183.1806460309659
MRI1	216.0	258.1013848269742
MRLN	4.0	4.60599064931246
MRM1	188.0	215.402302085132
MRM2	139.0	147.016749375781
MRM3	225.0	267.1345654792213
MRNIP	201.0	182.0099342330204
MRO	108.0	113.2167698855451
MROH1	921.0	770.0127962185968
MROH2A	829.0	1015.0734600404207
MROH2B	728.0	638.2168118709201
MROH5	51.0	59.17851043629504
MROH6	566.0	652.0928542266101
MROH7	655.0	707.6337714391109
MROH7-TTC4	643.0	700.2953297705843
MROH8	274.0	462.04253929395327
MROH9	397.0	358.6307555050192
MRPL1	123.0	120.19870460881798
MRPL10	129.0	132.84066036869285
MRPL11	108.0	91.82231982847767
MRPL12	126.0	160.0149383775624
MRPL13	77.0	62.99124396121455
MRPL14	82.0	80.61815417184124
MRPL15	124.0	128.3118826291651
MRPL16	103.0	116.64839698530193
MRPL17	107.0	110.46468333874387
MRPL18	91.0	96.88163535392827
MRPL19	152.0	116.61898206111515
MRPL2	155.0	161.5474097704838
MRPL20	104.0	86.18415351771131
MRPL21	98.0	112.85311831046657
MRPL22	86.0	89.66409629980404
MRPL23	13.0	34.190983936632875
MRPL24	92.0	107.77508115185103
MRPL27	82.0	78.7889732436467
MRPL28	227.0	194.01392276347985
MRPL3	171.0	149.1556731879784
MRPL30	61.0	57.053992939812744
MRPL32	83.0	93.42915988694442
MRPL33	24.0	28.503434816069998
MRPL34	59.0	58.66751006862523
MRPL35	87.0	85.51026162173552
MRPL36	68.0	77.0971292308521
MRPL37	212.0	239.6779931124275
MRPL38	245.0	250.1769739891931
MRPL39	139.0	130.14392302616704
MRPL4	196.0	228.10054930500186
MRPL40	108.0	91.34904966864407
MRPL41	93.0	101.72990798991394
MRPL42	59.0	53.01928713043827
MRPL43	116.0	115.91874622893981
MRPL44	169.0	175.12657737864097
MRPL45	105.0	120.7627942964138
MRPL46	159.0	196.62993091260032
MRPL47	106.0	106.9015462463556
MRPL48	94.0	72.04667851657483
MRPL49	104.0	90.10161575105475
MRPL50	68.0	71.37932653679383
MRPL51	65.0	62.9994507776109
MRPL52	50.0	58.806697853195786
MRPL53	84.0	80.8605092977547
MRPL54	91.0	96.4778240637958
MRPL55	57.0	95.3287864754232
MRPL57	79.0	69.65007430477581
MRPL58	100.0	111.76703868313177
MRPL9	154.0	146.5537815924231
MRPS10	88.0	83.90339602095061
MRPS11	104.0	138.82022855023743
MRPS12	84.0	96.99874901249497
MRPS14	54.0	64.6414539965889
MRPS15	124.0	131.34090678659427
MRPS16	76.0	67.24431224756763
MRPS17	56.0	60.42621752203813
MRPS18A	106.0	96.62316760722992
MRPS18B	118.0	131.9498508970396
MRPS18C	65.0	52.08151717835092
MRPS2	186.0	248.82652504516062
MRPS21	40.0	38.02125422934254
MRPS22	165.0	160.02445165452605
MRPS23	113.0	90.47457492868283
MRPS24	93.0	107.09420356479647
MRPS25	94.0	94.79725412767584
MRPS26	120.0	144.65739463548707
MRPS27	188.0	168.23715033367876
MRPS28	121.0	98.51414723740426
MRPS30	273.0	258.68925069006207
MRPS31	165.0	159.13579649465052
MRPS33	46.0	46.545844928858386
MRPS34	181.0	244.34757924806337
MRPS35	148.0	139.50302546413872
MRPS36	26.0	35.89356988296098
MRPS5	196.0	191.02760904937793
MRPS6	61.0	61.34796050372531
MRPS7	129.0	133.42645521910237
MRPS9	171.0	162.99930715406177
MRRF	113.0	113.22735085876147
MRS2	193.0	188.93187040314524
MRTFA	675.0	682.2241122188348
MRTFB	535.0	566.3512926693008
MRTO4	113.0	124.04275198118994
MS4A1	128.0	112.60528606692974
MS4A10	139.0	130.54802094658464
MS4A12	108.0	104.66393839120067
MS4A13	62.0	50.418439746518246
MS4A14	305.0	283.3254873448723
MS4A15	129.0	132.1605323942053
MS4A18	126.0	136.5875207657446
MS4A2	110.0	94.85079760403617
MS4A3	84.0	90.07760622788032
MS4A4A	86.0	94.21981298946783
MS4A4E	59.0	37.273935030938496
MS4A5	89.0	75.69803897481854
MS4A6A	108.0	102.20821493562504
MS4A6E	72.0	71.10612232916316
MS4A7	111.0	104.07088026468048
MS4A8	138.0	125.82911191898657
MSANTD1	177.0	248.2015085028489
MSANTD2	291.0	293.092234323683
MSANTD3	131.0	128.80552259036844
MSANTD3-TMEFF1	138.0	133.54292466698124
MSANTD4	137.0	151.99791072476492
MSC	165.0	139.16849209344042
MSGN1	110.0	116.78370756476517
MSH2	443.0	474.7492158786206
MSH3	515.0	473.81931830101115
MSH4	368.0	334.8489277317015
MSH5	326.0	425.1349898165064
MSH5-SAPCD1	336.0	435.0337925756717
MSH6	830.0	772.5385523038791
MSI1	200.0	209.61331458313717
MSI2	156.0	178.36711569866637
MSL1	339.0	352.24640849511337
MSL2	296.0	264.83973952642907
MSL3	149.0	142.28842287633807
MSLN	456.0	572.135653330969
MSLNL	324.0	232.08016715763208
MSMB	43.0	47.51530112457114
MSMO1	84.0	111.43375186857813
MSMP	64.0	72.06880920184051
MSN	146.0	170.66626747604846
MSR1	239.0	229.33838454710477
MSRA	169.0	160.67712554348697
MSRB1	68.0	77.07777326283887
MSRB2	107.0	111.64999069333963
MSRB3	87.0	85.1399710411459
MSS51	178.0	212.0545703109918
MST1	352.0	452.55134718509305
MST1R	734.0	875.0366334292816
MSTN	168.0	160.8291372185207
MSTO1	162.0	256.7328769810541
MSX1	253.0	233.77145413973915
MSX2	170.0	190.19054745303706
MT1A	23.0	26.468310285132297
MT1B	22.0	28.345944985210263
MT1E	78.0	64.83037774835907
MT1F	28.0	28.216154775166267
MT1G	31.0	28.83957776557626
MT1H	32.0	31.177272737398553
MT1HL1	32.0	34.0514876673333
MT1M	28.0	31.670767938591673
MT1X	25.0	28.59861747039401
MT2A	27.0	29.605592233969034
MT3	32.0	34.383599904982866
MT4	29.0	23.183173201900345
MTA1	435.0	646.2405608865159
MTA2	314.0	339.93375617563015
MTA3	303.0	245.71995012963757
MTAP	148.0	163.52669344806526
MTARC1	187.0	189.55777964733585
MTARC2	158.0	160.5820693000569
MTBP	350.0	347.75644391118277
MTCH1	229.0	234.89502708437408
MTCH2	106.0	121.55467043190207
MTCL1	914.0	1257.7793402998025
MTCP1	29.0	35.98265252695291
MTDH	266.0	283.7159076114729
MTERF1	152.0	162.05743869304453
MTERF2	157.0	162.11538547021908
MTERF3	158.0	165.1921724519274
MTERF4	165.0	204.2673974220058
MTF1	333.0	371.2957953375485
MTF2	208.0	217.57112607017459
MTFMT	196.0	169.39277728197789
MTFP1	89.0	98.62771002604866
MTFR1	145.0	124.14075332454081
MTFR1L	151.0	149.84543986528206
MTFR2	141.0	160.00906878407602
MTG1	217.0	229.87486939730806
MTG2	260.0	305.4983227728157
MTHFD1	402.0	421.05227486567964
MTHFD1L	430.0	499.2714426254846
MTHFD2	164.0	155.90891318842864
MTHFD2L	167.0	149.8991759795423
MTHFR	341.0	409.970745585969
MTHFS	100.0	90.76921296980308
MTHFSD	221.0	272.9882771509696
MTIF2	319.0	345.60851797564277
MTIF3	114.0	116.75754139231697
MTLN	16.0	7.328103498568749
MTM1	136.0	166.35794743268735
MTMR1	201.0	208.35676629256687
MTMR10	380.0	332.1992969801375
MTMR11	336.0	342.20559744450964
MTMR12	298.0	333.02899942506184
MTMR14	366.0	365.0402041371179
MTMR2	241.0	261.00234668276084
MTMR3	556.0	564.0392283769398
MTMR4	498.0	586.1757973929871
MTMR6	254.0	254.74403439110569
MTMR7	372.0	381.6761744813948
MTMR8	245.0	185.7726848434759
MTMR9	354.0	330.8488117901144
MTNR1A	196.0	240.77547863659424
MTNR1B	226.0	238.7152811550057
MTO1	297.0	301.5622765296125
MTOR	1183.0	1323.295552267814
MTPAP	257.0	260.8604007040854
MTPN	46.0	56.183925347280265
MTR	554.0	599.4750938265028
MTRES1	94.0	98.00161937358132
MTREX	404.0	384.2780308052465
MTRF1	158.0	178.11142118152063
MTRF1L	150.0	177.41447884209578
MTRFR	77.0	86.92595649835434
MTRNR2L1	5.0	6.946265103447934
MTRNR2L10	10.0	7.865672790463404
MTRNR2L11	8.0	2.2746066271943084
MTRNR2L12	6.0	3.4575165089635593
MTRNR2L13	5.0	0.804573212386742
MTRNR2L3	14.0	9.082386579166485
MTRNR2L4	12.0	9.391326055693805
MTRNR2L5	14.0	6.5083481130092204
MTRNR2L6	17.0	9.038802176636331
MTRNR2L7	12.0	7.724208227425166
MTRNR2L8	6.0	4.501328278611519
MTRR	355.0	351.9349455841828
MTSS1	341.0	425.8604922304588
MTSS2	624.0	607.2663671989346
MTTP	347.0	366.3590581672423
MTURN	69.0	69.19655296370723
MTUS1	737.0	718.7176732254651
MTUS2	688.0	720.7569565368813
MTX1	217.0	202.71485507105763
MTX2	119.0	95.55352315077515
MTX3	144.0	124.07200755888401
MUC1	305.0	324.13403229955355
MUC12	1265.0	2002.8735739191677
MUC13	199.0	222.25450661231056
MUC15	151.0	157.87869532751736
MUC16	7330.0	7005.231580292721
MUC17	2325.0	1929.7084558179165
MUC19	2259.0	3046.792571981296
MUC2	884.0	1136.303836261718
MUC20	167.0	311.9597807768013
MUC21	189.0	273.296097425909
MUC22	765.0	826.6224651616673
MUC3A	1557.0	902.0788391720325
MUC4	2357.0	2518.789424334434
MUC5AC	2234.0	2006.8915329738115
MUC5B	3517.0	4618.9589436030155
MUC6	1228.0	1704.8017760593896
MUC7	133.0	174.14213588343443
MUCL1	48.0	39.196499090787476
MUCL3	522.0	662.2113193897635
MUL1	191.0	205.02349085918271
MUS81	303.0	343.0223328434112
MUSK	387.0	412.9280733104046
MUSTN1	42.0	45.162632512771005
MUTYH	234.0	305.39722274512803
MVB12A	158.0	187.8995392054261
MVB12B	153.0	158.89969801445366
MVD	287.0	326.6471970057288
MVK	190.0	243.59260690017516
MVP	505.0	539.6917392454773
MX1	311.0	366.0421847834299
MX2	369.0	395.8011558846727
MXD1	99.0	121.64250156470031
MXD3	150.0	170.72677222655304
MXD4	164.0	200.81097761740477
MXI1	160.0	155.5827922277652
MXRA5	862.0	910.8990184691488
MXRA7	70.0	99.41918811048083
MXRA8	369.0	388.3371736743213
MYADM	224.0	250.86787930301014
MYADML2	210.0	344.4251680049273
MYB	295.0	338.08244359591953
MYBBP1A	947.0	1050.757027521124
MYBL1	282.0	245.68186843240386
MYBL2	378.0	374.6366558662171
MYBPC1	477.0	485.8614143849174
MYBPC2	626.0	672.7246806799649
MYBPC3	730.0	742.8591398002688
MYBPH	239.0	291.56158294500835
MYBPHL	196.0	202.78626818999598
MYC	267.0	340.2515260178382
MYCBP	35.0	38.74180452229098
MYCBP2	1894.0	1917.4954373125004
MYCBPAP	407.0	457.6842070460555
MYCL	208.0	244.04657111245513
MYCN	326.0	367.8618217410629
MYCT1	104.0	109.41398093460738
MYD88	157.0	196.52187427029781
MYDGF	105.0	104.44616822198508
MYEF2	195.0	229.615377985877
MYEOV	184.0	198.20351399729682
MYF5	141.0	141.77775376314895
MYF6	124.0	154.09101778685516
MYG1	220.0	208.5391115188544
MYH1	774.0	892.3751632762667
MYH10	854.0	1044.3826005184135
MYH11	1071.0	1124.45644534192
MYH13	884.0	996.1532511811022
MYH14	1095.0	1270.306662534311
MYH15	785.0	767.3270499317788
MYH2	796.0	932.6311372190454
MYH3	880.0	1058.8468295994014
MYH4	761.0	882.9221329903958
MYH6	978.0	1206.6789289538422
MYH7	971.0	1174.5373618159394
MYH7B	1193.0	1272.6821447413479
MYH8	785.0	884.0171954145683
MYH9	1047.0	1294.4053941043528
MYL1	99.0	87.00259576140667
MYL10	94.0	92.71108314099084
MYL12A	51.0	73.53545795747822
MYL12B	57.0	72.85965031449612
MYL2	78.0	83.04982502398694
MYL3	88.0	108.33440830634035
MYL4	82.0	97.35639798070964
MYL5	118.0	138.36591448424718
MYL6	77.0	75.36335309132147
MYL6B	90.0	102.47023439813054
MYL7	81.0	100.46272800988066
MYL9	81.0	97.56850782163136
MYLIP	213.0	239.39590502165265
MYLK	867.0	1023.4261647293401
MYLK2	310.0	309.67983276993476
MYLK3	416.0	468.19287019788146
MYLK4	170.0	217.21348765635614
MYLPF	74.0	87.19855287203085
MYMK	125.0	163.4779554883354
MYMX	28.0	9.34919415295953
MYNN	241.0	264.03221639354564
MYO10	1104.0	1199.1959173909884
MYO15A	1957.0	2299.6581864814493
MYO15B	1221.0	1238.8534705582122
MYO16	988.0	1029.9504531301288
MYO18A	977.0	1254.404156653061
MYO18B	1330.0	1304.4981476844441
MYO19	531.0	464.3807761537157
MYO1A	477.0	528.7855168658492
MYO1B	468.0	483.6287555658533
MYO1C	663.0	768.5227365505081
MYO1D	464.0	435.9726028388301
MYO1E	601.0	622.9943566786648
MYO1F	602.0	715.972121844674
MYO1G	510.0	635.7178692374404
MYO1H	447.0	471.4021454669635
MYO3A	628.0	662.8224297514106
MYO3B	563.0	576.204157724985
MYO5A	778.0	779.5809798433654
MYO5B	918.0	921.4910429783163
MYO5C	707.0	731.841395258846
MYO6	477.0	482.2296165486613
MYO7A	1239.0	1237.7526634670655
MYO7B	1197.0	1581.1651540492246
MYO9A	1001.0	1027.3243522885496
MYO9B	1186.0	1368.2423445008412
MYOC	240.0	266.64635545642955
MYOCD	469.0	512.9575698681248
MYOCOS	17.0	7.567519183833485
MYOD1	235.0	263.03826404367135
MYOF	904.0	936.2778753200686
MYOG	125.0	166.74170425838017
MYOM1	772.0	882.5068612148519
MYOM2	981.0	999.7220320460442
MYOM3	757.0	840.1941628368786
MYORG	552.0	611.0516718472593
MYOT	218.0	209.8978889323308
MYOZ1	144.0	143.20084675696148
MYOZ2	92.0	103.4700282799781
MYOZ3	135.0	155.90475947948931
MYPN	629.0	590.2625845749419
MYPOP	290.0	249.3180132585531
MYRF	609.0	691.4170371970098
MYRFL	324.0	334.02744596715377
MYRIP	404.0	440.476321153685
MYSM1	313.0	307.1481480712104
MYT1	518.0	803.6215776720773
MYT1L	541.0	710.4583018306653
MYZAP	256.0	204.63573010279444
MZB1	99.0	98.91534418719519
MZF1	516.0	514.0693484425454
MZT1	38.0	41.82668636837264
MZT2A	88.0	95.59751796221356
MZT2B	85.0	98.07567804966907
N4BP1	387.0	370.1584793901953
N4BP2	646.0	703.8490998878477
N4BP2L1	104.0	116.17262265456228
N4BP2L2	203.0	221.39710512986377
N4BP3	326.0	437.73993110647916
N6AMT1	109.0	90.20525430856416
NAA10	97.0	83.1784792392144
NAA11	122.0	114.51488928282157
NAA15	340.0	307.658288497436
NAA16	372.0	314.0379686922849
NAA20	83.0	81.25229333640915
NAA25	359.0	389.01008676084075
NAA30	222.0	226.9228649905489
NAA35	267.0	258.1813504107281
NAA38	88.0	96.55048597639437
NAA40	129.0	110.94012670459043
NAA50	54.0	62.53893778055736
NAA60	131.0	139.01628706573987
NAA80	149.0	177.8361265813074
NAAA	178.0	197.60660267376787
NAALAD2	264.0	282.16327599056973
NAALADL1	358.0	413.4361971539519
NAALADL2	354.0	329.4926010842737
NAB1	198.0	283.40163803124995
NAB2	342.0	331.6751275726742
NABP1	71.0	88.44962828030712
NABP2	109.0	105.92590572645973
NACA	898.0	1059.502201592389
NACA2	111.0	120.49304696290417
NACAD	697.0	967.3223451293505
NACC1	338.0	428.40797317300496
NACC2	435.0	424.87668136923253
NADK	268.0	374.8300906499161
NADK2	205.0	209.94986488573653
NADSYN1	385.0	427.2380045995689
NAE1	186.0	197.37809993509674
NAF1	260.0	237.18041841124116
NAGA	176.0	226.69399838504626
NAGK	172.0	184.20007089872757
NAGLU	425.0	454.69835778083086
NAGPA	399.0	439.14273155151716
NAGS	334.0	367.1259653601962
NAIF1	191.0	218.51670048989092
NAIP	101.0	105.62865636977173
NALCN	764.0	824.6247518758206
NALF1	262.0	297.66172109695924
NALF2	254.0	184.22036207277884
NAMPT	145.0	227.71325987715906
NANOG	81.0	121.80133554771331
NANOGNB	84.0	63.64300757005414
NANOGP8	84.0	120.06325746127042
NANOS1	252.0	264.32087238369684
NANOS2	86.0	102.98084486753119
NANOS3	119.0	139.04607161690936
NANP	135.0	116.14158164914642
NANS	163.0	181.48160768822765
NAP1L1	130.0	129.81866035661932
NAP1L2	165.0	132.50150700256353
NAP1L3	127.0	138.47210202468574
NAP1L4	171.0	206.48152466572955
NAP1L5	125.0	115.63182666827807
NAPA	152.0	187.38389192524573
NAPB	120.0	116.19828300093171
NAPEPLD	147.0	157.67848142983678
NAPG	139.0	148.72463813849615
NAPRT	405.0	455.35341906539503
NAPSA	222.0	264.359066683517
NARF	215.0	261.9657132545788
NARS1	229.0	238.5854616050062
NARS2	196.0	199.70035724134763
NASP	306.0	314.3043012049805
NAT1	144.0	131.06801471301566
NAT10	479.0	510.17266315236395
NAT14	156.0	185.33218018718267
NAT16	260.0	271.0083522119072
NAT2	137.0	169.10531158726346
NAT8	131.0	127.85377681275828
NAT8B	152.0	130.63132547717862
NAT8L	239.0	292.1014339621072
NAT9	104.0	117.74590835247126
NATD1	71.0	74.02452070871024
NAV1	897.0	1146.704378240859
NAV2	1279.0	1418.9031685152347
NAV3	1126.0	1038.5955715729074
NAXD	189.0	218.0284327208057
NAXE	144.0	162.03223777010106
NBAS	1118.0	1095.5258797856
NBDY	12.0	5.739075118959468
NBEA	1175.0	1165.205315026064
NBEAL1	1050.0	1021.880043015715
NBEAL2	1497.0	1890.0670012927355
NBL1	86.0	112.44272425331442
NBN	328.0	287.11496439947194
NBPF1	53.0	228.5646377962092
NBPF10	154.0	234.52045932806945
NBPF11	224.0	249.80082645775127
NBPF12	385.0	443.7483538548373
NBPF14	323.0	289.3430194906667
NBPF15	244.0	185.01777144653298
NBPF19	201.0	203.82745339788224
NBPF20	323.0	236.82356215198553
NBPF26	302.0	377.8164533938769
NBPF3	182.0	264.66485918547266
NBPF4	48.0	118.55382297058105
NBPF6	25.0	106.07680601975312
NBPF9	338.0	301.66036303874614
NBR1	373.0	369.4165322447803
NCALD	88.0	95.87367856431712
NCAM1	418.0	498.9860143153573
NCAM2	368.0	322.81356957066527
NCAN	633.0	697.1329069089998
NCAPD2	585.0	725.463584108333
NCAPD3	815.0	752.4218897361727
NCAPG	370.0	415.77300197865094
NCAPG2	499.0	538.9635543106276
NCAPH	301.0	323.5077948379368
NCAPH2	378.0	401.49971433610807
NCBP1	304.0	308.82118108951335
NCBP2	92.0	93.40478308527713
NCBP2AS2	67.0	69.75673981061944
NCBP2L	39.0	35.518787348609585
NCBP3	293.0	338.15884777637
NCCRP1	172.0	189.42751863728614
NCDN	409.0	556.4092589244723
NCEH1	200.0	217.88240540285702
NCF1	58.0	124.38472373253677
NCF2	203.0	240.74014401252373
NCF4	195.0	201.74550137974987
NCK1	165.0	154.04187791549444
NCK2	273.0	275.9434322547406
NCKAP1	484.0	436.816352308427
NCKAP1L	468.0	490.7842056977541
NCKAP5	891.0	869.2795446898914
NCKAP5L	762.0	803.6022789957456
NCKIPSD	422.0	449.29265959665736
NCL	344.0	329.929173720841
NCLN	393.0	437.20989481396975
NCMAP	41.0	53.334657909248705
NCOA1	590.0	656.5737170902781
NCOA2	619.0	623.6390761177959
NCOA3	537.0	600.772192075255
NCOA4	228.0	237.9950263826517
NCOA5	270.0	300.4354343953126
NCOA6	910.0	919.3988144623902
NCOA7	398.0	414.5845374603999
NCOR1	1007.0	1084.8200070981686
NCOR2	1659.0	1922.416471509065
NCR1	169.0	161.240387383707
NCR2	146.0	155.71737026689703
NCR3	98.0	121.2426068232398
NCR3LG1	173.0	203.2988691670059
NCS1	86.0	111.689558668816
NCSTN	306.0	342.1941526795266
NDC1	296.0	274.45767971758625
NDC80	243.0	255.27782204597685
NDE1	184.0	181.84751311570224
NDEL1	133.0	170.60930554405647
NDFIP1	92.0	100.91112970337917
NDFIP2	181.0	148.52956709315245
NDN	245.0	228.4566060694999
NDNF	248.0	253.6652916563343
NDOR1	378.0	485.15516180742156
NDP	55.0	45.672308446705685
NDRG1	211.0	230.7007167358177
NDRG2	187.0	203.5568274425564
NDRG3	132.0	155.29084359429248
NDRG4	190.0	221.31282462671348
NDST1	493.0	583.9942760085119
NDST2	409.0	464.20849897808495
NDST3	333.0	350.90425771654213
NDST4	377.0	350.14949967634334
NDUFA1	21.0	21.85065382432882
NDUFA10	183.0	202.7411658749935
NDUFA11	87.0	97.04368802124507
NDUFA12	72.0	65.9651696578735
NDUFA13	87.0	90.65210518008114
NDUFA2	49.0	60.37224458846511
NDUFA3	39.0	54.37750591765778
NDUFA4	41.0	37.56162782485675
NDUFA4L2	43.0	44.166695234332224
NDUFA5	47.0	45.68505350817226
NDUFA6	66.0	72.43640957213725
NDUFA7	75.0	65.15160398906579
NDUFA8	70.0	80.82921084123733
NDUFA9	176.0	186.77009820109575
NDUFAB1	85.0	78.52687787874967
NDUFAF1	113.0	134.16771035343817
NDUFAF2	53.0	61.44816010688621
NDUFAF3	113.0	133.54934379689453
NDUFAF4	77.0	79.89159179499751
NDUFAF5	153.0	155.98913047370706
NDUFAF6	185.0	150.18513487552747
NDUFAF7	217.0	196.85167279105997
NDUFAF8	63.0	75.46865653973873
NDUFB1	17.0	22.80561868586809
NDUFB10	104.0	98.43770343363006
NDUFB11	51.0	58.816523577170884
NDUFB2	47.0	51.94466511489414
NDUFB3	29.0	36.67737931603791
NDUFB4	65.0	68.34031422742906
NDUFB5	80.0	88.3648090820622
NDUFB6	60.0	52.12531772767722
NDUFB7	86.0	77.98257231103551
NDUFB8	89.0	103.32936838631615
NDUFB9	80.0	91.87442820671946
NDUFC1	52.0	36.83423694248734
NDUFC2	61.0	58.632321832586776
NDUFC2-KCTD14	61.0	59.14010749894682
NDUFS1	275.0	290.4097587700571
NDUFS2	194.0	215.7923989347904
NDUFS3	153.0	140.11849897956296
NDUFS4	93.0	70.99375082365317
NDUFS5	38.0	44.51122972617632
NDUFS6	95.0	104.44218255463844
NDUFS7	136.0	169.22035670771754
NDUFS8	119.0	141.8835510756436
NDUFV1	231.0	293.1424537898912
NDUFV2	83.0	94.31280909230728
NDUFV3	235.0	263.0685745711557
NEB	2906.0	3003.439897497301
NEBL	436.0	411.1650960234075
NECAB1	142.0	120.22445913312
NECAB2	329.0	298.11065783225706
NECAB3	223.0	226.51546669209347
NECAP1	109.0	138.8066638751125
NECAP2	121.0	145.36446231769423
NECTIN1	270.0	356.9066868557937
NECTIN2	302.0	322.91033229082853
NECTIN3	277.0	236.49234870939733
NECTIN4	283.0	309.4054451361786
NEDD1	250.0	239.79258180261883
NEDD4	318.0	309.32715423667906
NEDD4L	433.0	421.75650997249863
NEDD8	31.0	33.14030608770173
NEDD8-MDP1	84.0	75.4534470868771
NEDD9	392.0	486.5812707259951
NEFH	542.0	549.7958236921404
NEFL	332.0	375.5354714821918
NEFM	465.0	600.2574086342822
NEGR1	185.0	173.68532098194885
NEIL1	254.0	229.11720780293587
NEIL2	229.0	230.78449527159546
NEIL3	261.0	270.604449161543
NEK1	513.0	463.9323970166638
NEK10	466.0	433.8377115873677
NEK11	251.0	253.39097622618868
NEK2	176.0	199.78590684939098
NEK3	200.0	181.70468498990917
NEK4	334.0	329.7211744159419
NEK5	283.0	298.3942640020226
NEK6	167.0	193.11486677493778
NEK7	130.0	117.0597086563742
NEK8	365.0	411.7339333275529
NEK9	438.0	430.60190062783664
NELFA	417.0	446.98741919386964
NELFB	459.0	491.68468455776286
NELFCD	297.0	326.63116279450617
NELFE	162.0	206.69652701840343
NELL1	353.0	359.3642127818607
NELL2	355.0	347.68092540532365
NEMF	421.0	374.0165224880127
NEMP1	193.0	184.14088469562967
NEMP2	197.0	240.11608196129308
NENF	76.0	100.99885461147679
NEO1	633.0	668.1971977601851
NEPRO	218.0	230.63893662538584
NES	822.0	881.0936798882391
NET1	254.0	372.71916206339756
NETO1	225.0	248.88702399065767
NETO2	214.0	212.74518349673642
NEU1	192.0	259.18685006080483
NEU2	208.0	310.1164642418553
NEU3	212.0	220.1828334598561
NEU4	348.0	511.5555099633991
NEURL1	400.0	437.6379072774747
NEURL1B	432.0	461.84696769785603
NEURL2	188.0	212.42315701058106
NEURL3	180.0	146.28591630098035
NEURL4	854.0	1096.2509212301072
NEUROD1	199.0	251.13301311629328
NEUROD2	277.0	315.7471269418071
NEUROD4	153.0	144.85179470989965
NEUROD6	182.0	164.82467677279274
NEUROG1	196.0	206.3183799335741
NEUROG2	211.0	212.40734144760094
NEUROG3	161.0	178.59307742268354
NEXMIF	404.0	436.91914282041057
NEXN	254.0	236.69724167160507
NF1	1091.0	1153.261463013674
NF2	266.0	262.4020721775566
NFAM1	175.0	143.9517717649298
NFASC	622.0	763.7261321574701
NFAT5	612.0	644.7792146925098
NFATC1	704.0	984.3991132873995
NFATC2	565.0	655.7230388188245
NFATC2IP	241.0	246.9661148134977
NFATC3	512.0	463.93602381993776
NFATC4	523.0	595.5465451874489
NFE2	204.0	188.2327821482205
NFE2L1	419.0	463.8913081668915
NFE2L2	244.0	254.61743424351732
NFE2L3	424.0	352.82670723962616
NFIA	235.0	262.8203445847493
NFIB	260.0	263.82342837206113
NFIC	322.0	378.7792561786611
NFIL3	202.0	211.42680325995366
NFIX	244.0	348.78510989357756
NFKB1	440.0	427.6272490402644
NFKB2	478.0	551.1530680879151
NFKBIA	205.0	189.86536876593874
NFKBIB	222.0	260.67764474090563
NFKBID	262.0	280.5205888918854
NFKBIE	208.0	247.97954357651685
NFKBIL1	179.0	205.63290640623484
NFKBIZ	368.0	369.6471110892612
NFRKB	678.0	715.3316445055963
NFS1	209.0	202.00472100800351
NFU1	112.0	98.66041410123749
NFX1	495.0	482.8396055587527
NFXL1	346.0	343.40360707915636
NFYA	150.0	152.29332892150717
NFYB	74.0	76.61832015133014
NFYC	145.0	161.57709970755417
NGB	87.0	76.97642360396233
NGDN	137.0	131.02295685669895
NGEF	371.0	467.58708575053
NGF	140.0	158.60588479961808
NGFR	246.0	289.9611486440645
NGLY1	280.0	286.2442260797906
NGRN	149.0	161.91290719096816
NHEJ1	154.0	145.13220660055146
NHLH1	92.0	90.05535970572345
NHLH2	93.0	116.83882734943472
NHLRC1	231.0	307.9258589609086
NHLRC2	311.0	303.1624577829758
NHLRC3	159.0	147.1712081948377
NHLRC4	73.0	103.2481664153454
NHP2	87.0	94.77946856449194
NHS	464.0	551.081217952305
NHSL1	783.0	947.5472484460561
NHSL2	408.0	399.4012895670424
NIBAN1	436.0	459.1510558403821
NIBAN2	445.0	565.7400891023791
NIBAN3	360.0	355.23362640961426
NICN1	109.0	113.86494576780393
NID1	665.0	765.236241639125
NID2	739.0	722.3661900439745
NIF3L1	157.0	179.939196921507
NIFK	126.0	114.5991774600567
NIM1K	234.0	223.1016909742823
NIN	918.0	914.7967452494369
NINJ1	100.0	109.04757891312912
NINJ2	93.0	98.23976092954155
NINL	800.0	775.9068731785915
NIP7	103.0	91.74253069209364
NIPA1	234.0	233.800452641179
NIPA2	183.0	164.53713661691813
NIPAL1	162.0	178.94295344337002
NIPAL2	167.0	151.4634359768167
NIPAL3	194.0	229.14206470743798
NIPAL4	175.0	218.31383075319116
NIPBL	1106.0	1115.6390884545372
NIPSNAP1	143.0	130.12616700746628
NIPSNAP2	158.0	128.4709313165675
NIPSNAP3A	108.0	107.32175829577507
NIPSNAP3B	106.0	107.2353645450901
NISCH	860.0	1154.1839679874984
NIT1	151.0	162.31745059667955
NIT2	123.0	119.01562189466388
NKAIN1	104.0	103.11269276298626
NKAIN2	80.0	89.49820037297113
NKAIN3	91.0	88.38337745561753
NKAIN4	122.0	158.52015918415412
NKAP	106.0	120.49793221502443
NKAPD1	91.0	117.43061487057055
NKAPL	192.0	211.57389299479095
NKD1	263.0	294.6949595855097
NKD2	280.0	336.52032766526816
NKG7	95.0	116.6930583170989
NKIRAS1	88.0	104.17997213835035
NKIRAS2	116.0	105.95794607205842
NKPD1	552.0	650.3381764859286
NKRF	166.0	197.8885556122536
NKTR	640.0	617.4499925533213
NKX1-1	276.0	143.2434631152724
NKX1-2	235.0	275.96089543472056
NKX2-1	284.0	332.3953619906483
NKX2-2	217.0	240.132147719141
NKX2-3	276.0	296.8602706013651
NKX2-4	299.0	283.3434735337477
NKX2-5	215.0	283.34841922736473
NKX2-6	210.0	232.7911571765465
NKX2-8	216.0	208.90280559413577
NKX3-1	172.0	142.82099563671161
NKX3-2	269.0	272.0223284108623
NKX6-1	277.0	295.18458949316096
NKX6-2	257.0	307.90057905812165
NKX6-3	177.0	193.27258905769435
NLE1	243.0	254.28194381117615
NLGN1	350.0	378.64021981039804
NLGN2	548.0	815.7836958046864
NLGN3	279.0	321.77692213258837
NLGN4X	270.0	302.1139328458813
NLGN4Y	35.0	69.66410753861298
NLK	235.0	216.3322358603131
NLN	267.0	279.55192311507733
NLRC3	694.0	840.2209249070024
NLRC4	461.0	480.65946286977896
NLRC5	952.0	1033.4900200718696
NLRP1	690.0	815.5220548446316
NLRP10	338.0	344.4668266977302
NLRP11	518.0	543.4089765762503
NLRP12	613.0	621.6293428831444
NLRP13	553.0	539.9152565934205
NLRP14	508.0	492.34087146853966
NLRP2	663.0	662.2228458263123
NLRP2B	16.0	3.3128641299388333
NLRP3	561.0	618.1007589930103
NLRP4	544.0	608.3303609945593
NLRP5	751.0	716.2283761339243
NLRP6	652.0	816.7620590598973
NLRP7	550.0	686.9070179224396
NLRP8	504.0	554.9630188795135
NLRP9	521.0	487.81014991082986
NLRX1	506.0	652.703961864634
NMB	76.0	70.47190084280324
NMBR	212.0	237.48897040535968
NMD3	210.0	175.28683442643873
NME1	72.0	69.89442625013584
NME1-NME2	127.0	135.57439828838352
NME2	74.0	81.00714959762921
NME3	157.0	141.45826667176394
NME4	132.0	130.41479388985104
NME5	70.0	76.96271301957377
NME6	58.0	89.1925155976078
NME7	139.0	134.31961032082742
NME8	267.0	234.6268337265463
NME9	139.0	150.93644142549644
NMI	113.0	100.57693843151182
NMNAT1	110.0	123.0749557202723
NMNAT2	148.0	157.7728986561383
NMNAT3	136.0	157.00212598633854
NMRAL1	166.0	196.83591089922555
NMRK1	58.0	65.81952612238565
NMRK2	145.0	153.3423892904578
NMS	76.0	54.13750604281901
NMT1	228.0	241.82756421829416
NMT2	226.0	243.9147447822645
NMU	78.0	71.95544731647598
NMUR1	258.0	360.6431090314023
NMUR2	218.0	222.791532494576
NNAT	52.0	57.96418981688709
NNMT	143.0	149.78387648450595
NNT	461.0	491.5260210679697
NOA1	397.0	412.53772387348533
NOB1	238.0	243.1895235383499
NOBOX	360.0	363.4349677624365
NOC2L	531.0	539.8764639823058
NOC3L	303.0	297.7108649146321
NOC4L	433.0	452.85329999183926
NOCT	235.0	225.7585644117413
NOD1	508.0	679.1623138485096
NOD2	581.0	619.4895580018963
NODAL	162.0	178.15042294435983
NOG	166.0	223.52470151617447
NOL10	287.0	260.04154233295986
NOL11	296.0	278.1884230142962
NOL12	133.0	120.1976117094561
NOL3	127.0	162.96286185103747
NOL4	292.0	295.4940315005274
NOL4L	413.0	486.09930030805936
NOL6	580.0	700.4215943502921
NOL7	142.0	137.017021893066
NOL8	419.0	447.86354540003293
NOL9	356.0	367.34422317774937
NOLC1	327.0	316.26166682990817
NOM1	487.0	522.4401279471197
NOMO1	236.0	498.889013824307
NOMO2	80.0	246.89306195040444
NOMO3	89.0	327.62694037850173
NONO	89.0	113.8427580816491
NOP10	28.0	31.237051891622553
NOP14	428.0	514.4175870482761
NOP16	80.0	103.184219776461
NOP2	387.0	426.02555220753436
NOP53	308.0	297.62277407254084
NOP56	313.0	349.8490620934794
NOP58	228.0	192.55925975082275
NOP9	343.0	373.01988991596136
NOPCHAP1	78.0	81.08451105742927
NOS1	719.0	829.4489730380049
NOS1AP	270.0	296.77624452012395
NOS2	539.0	587.5411717640584
NOS3	714.0	910.3614418184225
NOSIP	187.0	225.1924038393956
NOSTRIN	200.0	193.71992734012358
NOTCH1	1731.0	2524.033171357157
NOTCH2	1086.0	1142.8473469546514
NOTCH2NLB	6.0	53.63371358077456
NOTCH2NLC	18.0	76.82600801086161
NOTCH2NLR	103.0	129.49545330777937
NOTCH3	1354.0	1413.1160117894092
NOTCH4	942.0	1110.1985061966534
NOTO	150.0	141.6259052693131
NOTUM	356.0	412.32678749723874
NOVA1	270.0	259.9415178422097
NOVA2	318.0	381.9121097676636
NOX1	143.0	152.76408484836017
NOX3	263.0	281.17600703485135
NOX4	275.0	223.29760453333566
NOX5	405.0	410.8484292658772
NOXA1	295.0	358.86383233010304
NOXO1	302.0	316.58728283990365
NOXRED1	155.0	165.11841237134757
NPAP1	616.0	609.6383780826736
NPAS1	408.0	402.3679693777549
NPAS2	403.0	450.44860411196953
NPAS3	620.0	643.8079395105176
NPAS4	441.0	427.58610711087465
NPAT	580.0	590.0531482834377
NPB	118.0	160.01814408990649
NPBWR1	250.0	293.8714251009538
NPBWR2	207.0	433.6441015998079
NPC1	656.0	650.6322249234428
NPC1L1	729.0	850.3638750501376
NPC2	75.0	74.56442913463061
NPDC1	210.0	242.9175869972363
NPEPL1	360.0	372.58243134872214
NPEPPS	285.0	354.67053891541207
NPFF	56.0	60.289104250044346
NPFFR1	296.0	285.16113777381247
NPFFR2	190.0	177.28726974912175
NPHP1	256.0	257.31673312992905
NPHP3	558.0	569.2025198026777
NPHP3-ACAD11	97.0	93.36328680517448
NPHP4	845.0	994.2008894611514
NPHS1	707.0	753.6002736759565
NPHS2	196.0	183.96813548764516
NPIPA1	7.0	50.89894742299717
NPIPA2	1.0	36.702494606614515
NPIPA3	0.0	18.62080513562937
NPIPA5	34.0	85.89612884890416
NPIPA8	0.0	19.22358307375918
NPIPA9	0.0	0.9471654988410776
NPIPB11	210.0	403.01523357622096
NPIPB12	1.0	18.135309901412498
NPIPB13	0.0	30.31528565491353
NPIPB15	43.0	101.72631773753191
NPIPB2	147.0	193.88144757800893
NPIPB3	2.0	59.15243630441669
NPIPB4	31.0	177.34249577130797
NPIPB5	10.0	124.9143726064807
NPIPB6	35.0	64.1565785257935
NPIPB7	9.0	74.30404276512367
NPIPB8	18.0	26.30582442281247
NPIPB9	2.0	17.38027147575347
NPL	128.0	137.04688607830408
NPLOC4	313.0	325.5393015386945
NPM1	126.0	107.90244619381448
NPM2	111.0	107.77456197397618
NPM3	116.0	107.26170255278126
NPNT	233.0	248.29519011688578
NPPA	85.0	98.50780763935379
NPPB	66.0	89.274305456973
NPPC	83.0	108.69844664676165
NPR1	555.0	600.2528968491688
NPR2	484.0	563.9149674513844
NPR3	289.0	379.21071578283005
NPRL2	175.0	211.64186946143334
NPRL3	333.0	372.207589530855
NPS	42.0	38.955644250457595
NPSR1	176.0	178.25354129462445
NPTN	180.0	214.2122356890115
NPTX1	272.0	353.1023303143589
NPTX2	291.0	296.31187750715765
NPTXR	323.0	349.677866084004
NPVF	70.0	101.12616168489319
NPW	134.0	124.82714813764282
NPY	51.0	66.21646567724109
NPY1R	168.0	171.50653619684846
NPY2R	209.0	213.1259671697236
NPY4R	10.0	92.58696933566108
NPY4R2	6.0	88.99283089703694
NPY5R	175.0	189.2249310344717
NQO1	109.0	121.37187725213407
NQO2	106.0	125.26375550766335
NR0B1	205.0	188.56290230087927
NR0B2	116.0	145.07084762583034
NR1D1	341.0	404.6469737945831
NR1D2	259.0	290.9206943514464
NR1H2	310.0	333.5491632508057
NR1H3	232.0	245.55696397028711
NR1H4	214.0	183.96627827779082
NR1I2	229.0	234.40019628322108
NR1I3	143.0	170.04003212792438
NR2C1	225.0	229.64240433526686
NR2C2	272.0	287.44362270949176
NR2C2AP	81.0	68.53334121665878
NR2E1	191.0	207.62380328506862
NR2E3	235.0	241.98743725062934
NR2F1	275.0	332.7452493576013
NR2F2	274.0	342.6380284091046
NR2F6	325.0	319.52492816296484
NR3C1	308.0	350.0797452222433
NR3C2	460.0	481.7367291079479
NR4A1	353.0	413.7604191373965
NR4A2	328.0	367.87367514631194
NR4A3	342.0	375.1301606105132
NR5A1	274.0	378.6930896650606
NR5A2	246.0	265.99907884706846
NR6A1	243.0	249.90573683606866
NRAP	769.0	819.6561680159155
NRARP	81.0	103.38973361472542
NRAS	84.0	78.50803062829218
NRBF2	102.0	105.62904729233483
NRBP1	235.0	262.91460007700636
NRBP2	312.0	346.0245972902986
NRCAM	538.0	549.3144026637895
NRDC	440.0	497.2515092222821
NRDE2	489.0	573.5451936936843
NREP	27.0	33.56159566131207
NRF1	224.0	253.45054678749312
NRG1	302.0	314.955586221051
NRG2	532.0	574.5197569069132
NRG3	393.0	452.28412442993533
NRG4	41.0	45.146858768462685
NRGN	47.0	56.26704506826157
NRIP1	526.0	503.7344861339427
NRIP2	145.0	179.9494649397305
NRIP3	131.0	118.50751907945889
NRK	458.0	383.4887515949074
NRL	142.0	162.13217025580863
NRM	140.0	160.46849099807903
NRN1	85.0	118.31166707552839
NRN1L	114.0	104.58879504161705
NRP1	437.0	428.2281068414132
NRP2	508.0	530.2100304108246
NRROS	462.0	590.8397729848613
NRSN1	79.0	113.44162813584114
NRSN2	100.0	137.6964779763814
NRTN	157.0	149.72788673537104
NRXN1	924.0	912.6315926423235
NRXN2	1098.0	1182.0496694267051
NRXN3	798.0	823.3018241665429
NSA2	79.0	89.20815570098847
NSD1	1106.0	1281.5482763913503
NSD2	669.0	751.5179700394968
NSD3	520.0	596.4494725960056
NSDHL	128.0	127.81987425361999
NSF	110.0	158.12434429411562
NSFL1C	171.0	198.51264307769026
NSG1	104.0	143.11334552625502
NSG2	98.0	101.85573289454487
NSL1	118.0	128.59833359967598
NSMAF	358.0	375.6771134854188
NSMCE1	124.0	145.58559797490818
NSMCE2	92.0	94.44813405791248
NSMCE3	214.0	212.54970659883463
NSMCE4A	166.0	175.92608915843383
NSMF	345.0	394.7019466877582
NSRP1	210.0	198.56469261656238
NSUN2	356.0	387.6441575772547
NSUN3	146.0	142.2923949612611
NSUN4	167.0	189.02381994004287
NSUN5	266.0	311.16041018061156
NSUN6	231.0	186.7082669837418
NSUN7	278.0	322.65288800869376
NT5C	153.0	149.52677833661238
NT5C1A	185.0	222.1857965631774
NT5C1B	284.0	327.0944119215888
NT5C1B-RDH14	305.0	353.79792024263736
NT5C2	229.0	230.54885846541717
NT5C3A	130.0	134.34391940806952
NT5C3B	138.0	135.92307331851694
NT5DC1	172.0	155.1142008257641
NT5DC2	299.0	375.5359906431887
NT5DC3	237.0	248.0407401646273
NT5DC4	157.0	173.12165428361075
NT5E	270.0	276.3280068065009
NT5M	167.0	145.29181790815394
NTAN1	140.0	140.4924235707141
NTAQ1	105.0	90.14280591809901
NTF3	154.0	193.60507680839768
NTF4	127.0	152.77863735807458
NTHL1	188.0	226.60837948072538
NTM	187.0	215.96016421307746
NTMT1	128.0	160.16811015178325
NTMT2	131.0	128.99098874907088
NTN1	371.0	438.9115322922751
NTN3	385.0	619.2884517519033
NTN4	258.0	297.81721868030337
NTN5	329.0	357.048792642695
NTNG1	255.0	264.45521494102655
NTNG2	307.0	386.1937576088422
NTPCR	90.0	103.25123167592969
NTRK1	469.0	486.2885524683697
NTRK2	372.0	424.44458881277734
NTRK3	483.0	479.4968419165109
NTS	71.0	59.788668992328425
NTSR1	282.0	435.07486244879107
NTSR2	291.0	263.6990260435897
NUAK1	337.0	415.34776899774636
NUAK2	331.0	410.6690074948625
NUB1	257.0	293.17074491654193
NUBP1	189.0	208.20260315596732
NUBP2	186.0	254.80693081684316
NUBPL	144.0	135.36933448920126
NUCB1	234.0	284.7982584341722
NUCB2	139.0	149.8816730151787
NUCKS1	106.0	107.33049506916835
NUDC	153.0	168.73865612077333
NUDCD1	244.0	221.4585375090943
NUDCD2	87.0	72.2564693940727
NUDCD3	175.0	191.09107806749557
NUDT1	101.0	112.64804955118247
NUDT10	53.0	65.8851217895893
NUDT11	63.0	64.22039794755278
NUDT12	206.0	162.0809214091119
NUDT13	145.0	145.47856243065678
NUDT14	129.0	166.3994045131446
NUDT15	85.0	70.55974373129767
NUDT16	129.0	132.29597192159693
NUDT16L1	255.0	180.4258756019945
NUDT17	192.0	162.87571947550873
NUDT18	220.0	231.2064849548815
NUDT19	325.0	231.28661855411423
NUDT2	67.0	66.89033029746176
NUDT21	113.0	102.22721505428007
NUDT22	175.0	170.56475477556944
NUDT3	86.0	88.1511535563728
NUDT4	50.0	64.780942613843
NUDT5	85.0	124.34953945837015
NUDT6	163.0	151.57933011495072
NUDT7	132.0	139.0329583778701
NUDT8	163.0	171.16468548009368
NUDT9	146.0	141.17108845651418
NUF2	172.0	171.33372528496895
NUFIP1	215.0	214.02660136647353
NUFIP2	321.0	303.0432341550263
NUGGC	376.0	354.45090362413123
NUMA1	1028.0	1235.4282288085537
NUMB	288.0	284.08473458972634
NUMBL	340.0	338.3806154197954
NUP107	319.0	320.4258281452575
NUP133	521.0	516.7562437658154
NUP153	640.0	800.4440358770596
NUP155	582.0	554.6740059755087
NUP160	605.0	593.3918600723113
NUP188	869.0	901.692518872013
NUP205	832.0	846.2116652741664
NUP210	1070.0	1230.9033143102708
NUP210L	780.0	769.3282276842436
NUP214	1020.0	1074.7300056298905
NUP35	149.0	130.25360242950623
NUP37	127.0	126.20165745798889
NUP42	173.0	178.50750814901488
NUP43	147.0	159.71022631552896
NUP50	195.0	208.50108179667376
NUP54	206.0	199.21805798127585
NUP58	275.0	261.91298824119804
NUP62	305.0	385.72681491062013
NUP62CL	54.0	48.69399321086361
NUP85	314.0	332.16784156539023
NUP88	346.0	364.9270983456038
NUP93	390.0	389.8201101602306
NUP98	808.0	806.0689207351359
NUPR1	39.0	48.572029540705984
NUPR2	56.0	60.42140249144402
NUS1	135.0	144.5318572323361
NUSAP1	195.0	162.59417370876
NUTF2	51.0	59.33207603969345
NUTM1	494.0	556.8566436657629
NUTM2A	13.0	224.08163666178717
NUTM2B	18.0	352.1423406324791
NUTM2D	24.0	286.89299671256435
NUTM2E	14.0	220.88424529197144
NUTM2F	202.0	431.73704021839717
NUTM2G	205.0	364.33148489563064
NVL	354.0	363.44655726832497
NWD1	773.0	846.9798288951556
NWD2	705.0	866.2181203089583
NXF1	288.0	291.42729819519576
NXF3	132.0	152.27627393253027
NXN	281.0	339.6661481754756
NXNL1	135.0	125.07849614267585
NXNL2	109.0	114.91828206100342
NXPE1	229.0	246.1825798655755
NXPE2	235.0	235.91485563554696
NXPE3	272.0	257.9655483607736
NXPE4	253.0	248.55499968035053
NXPH1	144.0	180.64096651635944
NXPH2	154.0	127.74090867128348
NXPH3	101.0	164.0544533745178
NXPH4	219.0	202.7688138752906
NXT1	53.0	72.06743598653487
NXT2	22.0	35.47900943678739
NYAP1	572.0	574.8348017878521
NYAP2	394.0	468.2408166544244
NYNRIN	1027.0	1193.6990726525526
NYX	258.0	186.08242078702662
OAF	175.0	189.64269908191073
OARD1	70.0	60.31781138194023
OAS1	169.0	204.89387175005567
OAS2	327.0	349.1407365271019
OAS3	552.0	617.439010512905
OASL	252.0	268.2331352511129
OAT	182.0	206.14050168070264
OAZ1	191.0	160.34032789025858
OAZ2	94.0	80.20455108110438
OAZ3	96.0	113.97620444320208
OBI1	302.0	294.35783080193835
OBP2A	86.0	115.19578127666401
OBP2B	73.0	114.84210876196846
OBSCN	5187.0	6840.61044122643
OBSL1	1200.0	1437.2103658303229
OC90	271.0	238.5341962787655
OCA2	432.0	488.33518951513946
OCEL1	172.0	154.5005956878864
OCIAD1	110.0	83.62963655428251
OCIAD2	67.0	56.63248865404939
OCLN	117.0	187.37111139953498
OCM	48.0	62.738393033223794
OCM2	40.0	47.86714977732036
OCRL	240.0	236.28828259489637
OCSTAMP	345.0	347.3162670206017
ODAD1	345.0	478.3329021604014
ODAD2	404.0	449.1937808905435
ODAD3	327.0	346.62131514062935
ODAD4	246.0	252.51015007940632
ODAM	127.0	99.50455213083931
ODAPH	75.0	59.28052895776614
ODC1	218.0	235.73158633106377
ODF1	118.0	128.60886187141944
ODF2	352.0	428.6780640803774
ODF2L	241.0	187.02942244844874
ODF3	148.0	167.77208471311013
ODF3B	183.0	231.74954399806515
ODF3L1	136.0	160.78159365075595
ODF3L2	199.0	220.42623096373177
ODF4	127.0	128.78671316688965
ODR4	178.0	146.68855453166034
OFD1	256.0	265.1769215002029
OGA	408.0	373.9648230469537
OGDH	488.0	584.7742368703103
OGDHL	528.0	616.0726301993594
OGFOD1	221.0	228.03180572234604
OGFOD2	240.0	252.35403710781947
OGFOD3	200.0	225.4386364912589
OGFR	370.0	551.711794696093
OGFRL1	211.0	199.05678278147457
OGG1	189.0	198.5770124934155
OGN	126.0	117.47857559147212
OGT	257.0	298.4255304687393
OIP5	143.0	131.6922819735854
OIT3	244.0	272.5025157888119
OLA1	127.0	136.42851595344578
OLAH	120.0	103.89459997723563
OLFM1	240.0	361.58905428605016
OLFM2	268.0	360.7532680758904
OLFM3	222.0	202.5599514288814
OLFM4	255.0	241.93296517085236
OLFML1	186.0	201.42612568580924
OLFML2A	372.0	426.723001087489
OLFML2B	388.0	455.3556195909896
OLFML3	184.0	221.551072810743
OLIG1	215.0	227.1772425812273
OLIG2	250.0	278.1905222308895
OLIG3	192.0	216.9069983004276
OLR1	117.0	122.07698609463401
OMA1	173.0	193.0732171703466
OMD	155.0	166.38912519411488
OMG	179.0	189.33075374170974
OMP	81.0	126.22009265284233
ONECUT1	285.0	337.2620510931739
ONECUT2	334.0	430.8738659216645
ONECUT3	344.0	381.5119357972242
OOEP	89.0	81.80795001470054
OOSP1	50.0	40.34884614255355
OOSP2	75.0	59.56674479750424
OOSP3	23.0	21.560575863221516
OOSP4A	37.0	20.894980863585342
OOSP4B	28.0	17.469210266430288
OPA1	400.0	398.4824607496563
OPA3	105.0	130.13778968757543
OPALIN	62.0	57.65407791662583
OPCML	176.0	188.58083270154117
OPHN1	226.0	226.5705812921035
OPLAH	875.0	1133.5187690021785
OPN1LW	86.0	96.50114791559567
OPN1MW	13.0	51.58412861854742
OPN1SW	190.0	195.5864182355662
OPN3	216.0	242.7544575796794
OPN4	263.0	285.81646872284927
OPN5	178.0	174.7859875289573
OPRD1	256.0	247.62276695033904
OPRK1	205.0	218.79733656044564
OPRL1	223.0	395.6922684943478
OPRM1	196.0	213.69905745029843
OPRPN	126.0	110.26591409933947
OPTC	169.0	200.97885962337216
OPTN	256.0	265.5287509024788
OR10A2	145.0	151.86451249434862
OR10A3	145.0	157.68616821634274
OR10A4	161.0	163.36204060316183
OR10A5	149.0	160.88570835365016
OR10A6	169.0	147.03055867514735
OR10A7	151.0	137.30696569721684
OR10AC1	131.0	52.555118713807566
OR10AD1	115.0	130.67699291199415
OR10AG1	148.0	122.20121223950962
OR10C1	183.0	193.14247582309605
OR10D3	100.0	108.36013909527742
OR10G2	147.0	161.22684160390187
OR10G3	142.0	161.51673840717433
OR10G4	130.0	162.27601414550625
OR10G6	67.0	38.40411377277108
OR10G7	165.0	177.5650317055689
OR10G8	173.0	178.03378769388186
OR10G9	149.0	172.14578085035333
OR10H1	168.0	188.50227695406147
OR10H2	204.0	206.4134286919594
OR10H3	149.0	142.52193160257394
OR10H4	160.0	165.97190550037308
OR10H5	159.0	197.81002606042244
OR10J1	202.0	146.14156083898334
OR10J3	159.0	148.2607960552652
OR10J4	94.0	27.144285113838734
OR10J5	171.0	139.7365357842892
OR10K1	186.0	153.03499858761424
OR10K2	169.0	141.9423684017296
OR10P1	181.0	191.92349064779842
OR10Q1	211.0	184.1732754860059
OR10R2	170.0	148.43844600222445
OR10S1	167.0	177.15291942114226
OR10T2	162.0	142.20624638603445
OR10V1	139.0	149.06316346703446
OR10W1	152.0	150.93864107756198
OR10X1	179.0	140.13092574920225
OR10Z1	187.0	150.47142171411798
OR11A1	158.0	165.1594205238849
OR11G2	153.0	146.39588057147117
OR11H1	13.0	68.06621449370463
OR11H12	40.0	78.20248461541415
OR11H2	35.0	85.91232315478747
OR11H4	162.0	149.68087472641452
OR11H6	136.0	151.5209768161702
OR11H7	130.0	95.41870406096308
OR11L1	164.0	185.26141171961922
OR12D1	124.0	97.46134893895983
OR12D2	146.0	145.87751538097103
OR12D3	142.0	149.52575526269658
OR13A1	238.0	181.14656754720414
OR13C2	110.0	128.64695786188346
OR13C3	140.0	147.56815856656937
OR13C4	138.0	145.41285104169015
OR13C5	124.0	125.13511569218073
OR13C7	101.0	84.43861096368514
OR13C8	149.0	146.67676874383864
OR13C9	133.0	131.74823725394472
OR13D1	125.0	138.1819026727576
OR13F1	142.0	155.7551364056615
OR13G1	128.0	150.7708412748071
OR13H1	89.0	93.56669971381255
OR13J1	175.0	210.90417552161813
OR14A16	136.0	147.1651480754109
OR14A2	114.0	111.61663949960986
OR14C36	142.0	165.031613325593
OR14I1	118.0	137.6270413240828
OR14J1	140.0	154.2857055463418
OR14K1	104.0	136.431219628959
OR1A1	145.0	164.75743144321095
OR1A2	131.0	146.8473998019319
OR1B1	168.0	168.98085929483565
OR1C1	153.0	171.24927012219138
OR1D2	157.0	176.21790593557955
OR1D5	56.0	138.9069868020163
OR1E1	125.0	162.91201263162282
OR1E2	135.0	166.5814770752182
OR1F1	184.0	174.26149944994097
OR1G1	145.0	166.4843933434451
OR1I1	171.0	201.90071056832218
OR1J1	165.0	177.46152838513999
OR1J2	142.0	140.96831482145225
OR1J4	154.0	163.6736659775752
OR1K1	168.0	216.41484120502346
OR1L1	132.0	148.98547656437708
OR1L3	137.0	156.41121715633335
OR1L4	123.0	144.79745248807484
OR1L6	121.0	154.5888758342132
OR1L8	148.0	157.1996532992026
OR1M1	157.0	197.89276330435604
OR1N1	130.0	159.03225179447347
OR1N2	152.0	167.62498705005603
OR1P1	85.0	35.97075622474009
OR1Q1	151.0	151.26973456964973
OR1R1P	103.0	58.94996460196452
OR1S1	156.0	135.6693486791891
OR1S2	157.0	136.1355576460879
OR2A1	2.0	89.86146708123538
OR2A12	153.0	173.35368897313546
OR2A14	160.0	172.46890271048935
OR2A2	163.0	168.8807011549379
OR2A25	162.0	159.96921660759887
OR2A4	71.0	141.91538183824147
OR2A42	5.0	58.83093550153308
OR2A5	160.0	173.1462579008154
OR2A7	10.0	91.46650564517387
OR2AE1	159.0	158.51881684962774
OR2AG1	157.0	172.53895837495608
OR2AG2	167.0	175.97459311480029
OR2AJ1	105.0	105.45413725927061
OR2AK2	139.0	159.785470115114
OR2AP1	174.0	120.8945110245453
OR2AT4	145.0	153.74336024180667
OR2B11	198.0	257.96449734301393
OR2B2	137.0	160.3116417660579
OR2B3	123.0	138.98639719269988
OR2B6	130.0	147.4764713829207
OR2C1	209.0	195.17670626150107
OR2C3	178.0	192.48034114796513
OR2D2	164.0	165.77217582170567
OR2D3	154.0	158.30501444237763
OR2F1	146.0	179.70816739165244
OR2F2	161.0	171.3839001567714
OR2G2	176.0	172.4281239704911
OR2G3	154.0	157.16043329879778
OR2G6	183.0	173.04681495903213
OR2H1	155.0	167.78006437594019
OR2H2	146.0	162.39219545027586
OR2I1P	83.0	50.84118811518596
OR2J1	143.0	148.1054759026473
OR2J2	125.0	145.5397165032868
OR2J3	142.0	146.0373964287522
OR2K2	152.0	158.7002590218154
OR2L13	152.0	153.35552770172197
OR2L2	156.0	139.23542112329852
OR2L3	131.0	143.69872660533522
OR2L5	169.0	153.84055965889203
OR2L8	123.0	143.23813000603138
OR2M2	168.0	174.2464051181702
OR2M3	151.0	163.36267286366325
OR2M4	152.0	157.97932294467319
OR2M5	164.0	152.64303286050546
OR2M7	129.0	139.6461693882781
OR2S2	153.0	170.1760465235669
OR2T1	186.0	166.04551950245133
OR2T10	125.0	164.47437423073714
OR2T11	163.0	179.9184936673085
OR2T12	127.0	157.37708975526738
OR2T2	50.0	111.4524328353171
OR2T27	51.0	108.64420709573996
OR2T29	3.0	41.45072174632822
OR2T3	66.0	127.9414961884525
OR2T33	103.0	137.4577379906402
OR2T34	73.0	140.87719185919593
OR2T35	18.0	106.32903814341752
OR2T4	149.0	163.84004889807886
OR2T5	3.0	55.21547149344004
OR2T6	174.0	162.84327475724413
OR2T7	69.0	98.70020380394025
OR2T8	56.0	121.64656363338699
OR2V1	144.0	171.46086080745604
OR2V2	161.0	176.10058691485216
OR2W1	133.0	143.88124868875565
OR2W3	196.0	211.1278717067674
OR2Y1	163.0	185.15909582626125
OR2Z1	188.0	171.63644510924317
OR3A1	145.0	194.21236430420444
OR3A2	126.0	190.8163104698788
OR3A3	103.0	179.4519954517028
OR4A15	240.0	130.5714132530087
OR4A16	210.0	127.30315732607974
OR4A47	180.0	125.04448146109539
OR4A5	245.0	133.27934725073857
OR4A8	129.0	30.126099553903718
OR4B1	196.0	136.83341312041313
OR4C11	146.0	124.0663314172995
OR4C12	138.0	123.47235111682119
OR4C13	178.0	125.69692005341906
OR4C15	216.0	131.60422833104928
OR4C16	233.0	130.1150800813299
OR4C3	186.0	129.17382351493453
OR4C45	121.0	184.6941441353018
OR4C46	224.0	127.71260009474983
OR4C5	134.0	90.02613302590503
OR4C6	193.0	140.36279291452462
OR4D1	141.0	150.10591322175716
OR4D10	188.0	145.2692412239022
OR4D11	165.0	144.83013250184823
OR4D2	151.0	158.8294230149918
OR4D5	165.0	166.6151651523386
OR4D6	167.0	153.97152494872128
OR4D9	146.0	148.48950977048312
OR4E1	73.0	27.250218971995572
OR4E2	159.0	157.29436543532228
OR4F15	151.0	146.31640566749095
OR4F17	1.0	81.28719180905894
OR4F21	4.0	62.5904027193153
OR4F4	3.0	90.09404709912785
OR4F5	18.0	94.07867589451324
OR4F6	150.0	145.17911572325798
OR4K1	181.0	139.37109695214588
OR4K13	160.0	145.36187376698544
OR4K14	153.0	160.71402030415805
OR4K15	144.0	154.08440082765966
OR4K17	157.0	138.81014229815307
OR4K2	178.0	142.87502849515118
OR4K3	73.0	27.407475980454134
OR4K5	187.0	148.22856670365547
OR4L1	156.0	139.2315211729893
OR4M1	121.0	127.9250324826877
OR4M2	1.0	12.434521465514122
OR4M2B	21.0	106.86939684537782
OR4N2	141.0	132.25215407964416
OR4N4	7.0	56.29701170391194
OR4N4C	8.0	74.67466531319018
OR4N5	155.0	149.3011245871255
OR4P4	129.0	125.52966192275596
OR4Q2	131.0	109.80587863213289
OR4Q3	158.0	126.55848001624081
OR4S1	197.0	148.1114058722862
OR4S2	133.0	127.25866176453606
OR4X1	183.0	139.03820332575808
OR4X2	205.0	136.61869505331276
OR51A2	55.0	150.10007326306757
OR51A4	96.0	131.343848977479
OR51A7	143.0	145.6562403444236
OR51B2	158.0	147.98353411419913
OR51B4	147.0	158.48422222976308
OR51B5	186.0	158.0374662280554
OR51B6	154.0	146.27583246910697
OR51C1P	90.0	54.28287832620281
OR51D1	187.0	183.92548982617882
OR51E1	168.0	177.99682096289283
OR51E2	180.0	187.17869228153756
OR51F1	142.0	152.32156444109523
OR51F2	172.0	160.65800183126512
OR51G1	163.0	180.2742268540602
OR51G2	178.0	174.44256487266702
OR51I1	183.0	155.74954016660445
OR51I2	179.0	158.407259358892
OR51L1	156.0	158.88830090723096
OR51M1	199.0	167.8529191031321
OR51Q1	187.0	171.0845671462148
OR51S1	180.0	183.00482568371334
OR51T1	188.0	174.2573285082082
OR51V1	189.0	154.5443553284682
OR52A1	151.0	146.58654137651013
OR52A5	140.0	147.04371074799838
OR52B2	169.0	170.06134185271452
OR52B4	182.0	154.21982101057603
OR52B6	169.0	175.79990915759788
OR52D1	175.0	161.10879081210192
OR52E1	67.0	31.399394026908432
OR52E2	130.0	143.35197465572463
OR52E4	169.0	149.62777543783415
OR52E5	84.0	38.16146693135169
OR52E6	173.0	149.56310131489846
OR52E8	167.0	145.87163360686003
OR52H1	148.0	149.41524352503566
OR52I1	148.0	170.22165695937935
OR52I2	147.0	164.85640961445105
OR52J3	159.0	158.5020612388582
OR52K1	203.0	168.58107675504806
OR52K2	199.0	166.13092383401852
OR52L1	166.0	185.10995210224831
OR52M1	234.0	176.08147168347938
OR52N1	142.0	163.0524568866208
OR52N2	129.0	134.2576933691832
OR52N4	143.0	159.64883763706317
OR52N5	116.0	144.86913621933218
OR52R1	159.0	167.1367961750263
OR52W1	158.0	190.04039755876204
OR56A1	174.0	177.40889334584267
OR56A3	175.0	165.73784904760623
OR56A4	167.0	176.70351014831928
OR56A5	156.0	156.82362842184318
OR56B1	158.0	153.71296595037796
OR56B2P	4.0	-0.018719904821393397
OR56B4	142.0	157.53862828229072
OR5A1	170.0	162.61863261088092
OR5A2	155.0	150.43521319334386
OR5AC1	77.0	30.02532904403489
OR5AC2	172.0	137.7575979492058
OR5AK2	176.0	120.04724066716624
OR5AK3P	101.0	36.8068185778751
OR5AL1	63.0	32.72046326733229
OR5AN1	167.0	124.34090065075083
OR5AP2	142.0	134.10126031148565
OR5AR1	156.0	140.56156290908592
OR5AS1	196.0	134.65133260112918
OR5AU1	169.0	173.22321361419716
OR5B12	154.0	129.53916356196856
OR5B17	150.0	127.73299347027962
OR5B2	163.0	135.85580017600137
OR5B21	151.0	146.09319124701906
OR5B3	150.0	127.07811798319271
OR5BS1P	65.0	31.19917901533745
OR5C1	184.0	215.34479252035993
OR5D13	192.0	127.90076644695328
OR5D14	187.0	136.0504607253293
OR5D16	185.0	147.6022793411661
OR5D18	158.0	143.91137779768874
OR5D3P	81.0	26.81215980145592
OR5F1	185.0	145.50670118376223
OR5G3	80.0	27.687000106015017
OR5H1	124.0	119.46721438423569
OR5H14	155.0	111.9245580743222
OR5H15	153.0	114.61014237640036
OR5H2	132.0	121.59190726671979
OR5H6	151.0	116.36973092554865
OR5H8	101.0	81.81951813827884
OR5I1	163.0	138.9021716950467
OR5J2	174.0	135.37589226273414
OR5K1	135.0	119.41383967681332
OR5K2	124.0	124.96215007578806
OR5K3	178.0	128.36671990509726
OR5K4	152.0	130.5045437234758
OR5L1	197.0	139.7825063543998
OR5L2	175.0	145.40212737716317
OR5M1	165.0	134.58679275326622
OR5M10	149.0	136.69522793220744
OR5M11	183.0	146.73019638888928
OR5M3	129.0	115.70457353170927
OR5M8	163.0	137.83772308200008
OR5M9	174.0	137.16018630195396
OR5P2	165.0	155.82480616555623
OR5P3	172.0	150.7440966877529
OR5T1	166.0	138.60534084737375
OR5T2	146.0	133.1035282792881
OR5T3	150.0	130.01881592718905
OR5V1	134.0	149.89064982833304
OR5W2	164.0	136.14070167969606
OR6A2	162.0	170.41535783159873
OR6B1	139.0	164.67698242239337
OR6B2	155.0	256.4158668580334
OR6B3	148.0	242.5947883306764
OR6C1	157.0	129.33174741128684
OR6C2	146.0	130.32861276542565
OR6C3	177.0	130.36208416886072
OR6C4	179.0	130.37346905944844
OR6C6	140.0	128.88196250188665
OR6C65	126.0	125.49538201821596
OR6C68	161.0	126.43564390635716
OR6C70	157.0	127.11502349527456
OR6C74	142.0	129.52565806977552
OR6C75	149.0	125.22336527809391
OR6C76	140.0	132.20473125141035
OR6F1	144.0	166.7630984357507
OR6J1	109.0	118.26810788122532
OR6K2	139.0	143.1661639651891
OR6K3	169.0	141.27954982027484
OR6K6	156.0	139.74873626356978
OR6M1	167.0	160.81007102857512
OR6N1	170.0	154.7811258534825
OR6N2	160.0	136.30007733829586
OR6P1	177.0	142.20687728747154
OR6Q1	144.0	151.43921077245372
OR6S1	182.0	183.24295420220042
OR6T1	179.0	183.18712547714134
OR6V1	137.0	172.22175062610611
OR6X1	160.0	163.89352682079434
OR6Y1	173.0	145.1616793109869
OR7A10	144.0	151.19916064893627
OR7A17	159.0	143.97100992877634
OR7A5	140.0	145.53554424100344
OR7C1	152.0	170.59439572671286
OR7C2	160.0	169.6149605010569
OR7D2	158.0	179.6743314018561
OR7D4	154.0	162.27815054442323
OR7E24	130.0	167.0882834978816
OR7G1	142.0	146.96852809437397
OR7G2	153.0	155.5529977100893
OR7G3	143.0	163.29583150929264
OR8A1	156.0	170.33334654547
OR8B12	152.0	160.51656084571283
OR8B2	98.0	129.78531954670382
OR8B3	102.0	130.10101415164385
OR8B4	139.0	162.11742795244288
OR8B8	150.0	160.35024817804867
OR8D1	143.0	154.02953288587744
OR8D2	156.0	144.8227797236121
OR8D4	141.0	144.75537395599298
OR8G1	129.0	138.44924584257367
OR8G2P	112.0	140.50398203064805
OR8G3P	134.0	147.03379273645436
OR8G5	147.0	158.75340889068738
OR8H1	135.0	124.88905061691567
OR8H2	157.0	129.59650153837907
OR8H3	143.0	126.7890680346511
OR8I2	158.0	142.2922215173312
OR8J1	157.0	125.79591719321584
OR8J2	99.0	52.199293821614404
OR8J3	170.0	137.64989564712425
OR8K1	157.0	134.4569816982313
OR8K3	167.0	134.09195932965835
OR8K5	154.0	130.92436678145884
OR8S1	150.0	157.67553747764774
OR8U1	123.0	105.76227375738793
OR8U3	170.0	143.34736268692487
OR9A1P	85.0	54.35152426180092
OR9A2	142.0	159.524755488476
OR9A4	167.0	153.9991939420994
OR9G1	179.0	117.42217935886625
OR9G4	182.0	143.81659265310108
OR9H1P	67.0	29.709704664019522
OR9I1	165.0	150.5598310290457
OR9K2	133.0	130.8012622483275
OR9Q1	153.0	151.26803150162218
OR9Q2	178.0	153.5676177384136
ORAI1	221.0	228.64550951990998
ORAI2	150.0	185.5362818414643
ORAI3	178.0	195.17138761766847
ORC1	385.0	416.59070257954954
ORC2	201.0	209.42122019223928
ORC3	295.0	244.29560442305805
ORC4	150.0	153.71245582841712
ORC5	218.0	201.50249175626175
ORC6	136.0	116.4907462274312
ORM1	76.0	86.41431620549271
ORM2	94.0	104.99276054026669
ORMDL1	61.0	63.00487739554097
ORMDL2	73.0	75.27928339786288
ORMDL3	99.0	94.64620722762112
OS9	278.0	340.9182410375018
OSBP	369.0	384.18498566531576
OSBP2	525.0	570.1170887728568
OSBPL10	419.0	414.5358722462852
OSBPL11	276.0	294.6783449327355
OSBPL1A	365.0	387.34906241744295
OSBPL2	221.0	291.70111257306485
OSBPL3	416.0	507.31649813341255
OSBPL5	549.0	787.886315175368
OSBPL6	394.0	392.76451441905436
OSBPL7	441.0	505.2878921474503
OSBPL8	330.0	313.9406010099047
OSBPL9	269.0	301.00520441004755
OSCAR	158.0	168.65149747972964
OSCP1	179.0	190.8599419049288
OSER1	127.0	130.73618192148479
OSGEP	139.0	177.45291190035553
OSGEPL1	140.0	158.5345681087839
OSGIN1	368.0	536.0713857183845
OSGIN2	236.0	231.12611173057985
OSM	135.0	164.42545237700998
OSMR	406.0	425.06396317175216
OSR1	166.0	196.42010852452705
OSR2	179.0	198.25970585922914
OST4	23.0	28.70608030974878
OSTC	67.0	70.01227377508823
OSTF1	82.0	81.18988207332764
OSTM1	181.0	153.63275826886317
OSTN	59.0	56.090093566595726
OTC	111.0	100.83768088060202
OTOA	373.0	433.42300160019744
OTOF	1041.0	1375.362985816637
OTOG	1533.0	1785.7640340719743
OTOGL	987.0	829.4303138052705
OTOL1	225.0	220.88252186639613
OTOP1	317.0	347.47222596425553
OTOP2	328.0	399.8189294676739
OTOP3	320.0	388.0932892222386
OTOR	53.0	56.6493068193284
OTOS	49.0	58.61434537908751
OTP	229.0	213.7160126635619
OTUB1	158.0	160.45219013364584
OTUB2	122.0	145.46911819261825
OTUD1	381.0	413.4146613434659
OTUD3	189.0	207.84208269113324
OTUD4	420.0	441.73487763473696
OTUD5	234.0	201.9177200789344
OTUD6A	138.0	119.93396854661975
OTUD6B	114.0	97.73026546630363
OTUD7A	641.0	653.8599654995554
OTUD7B	398.0	415.9820801103718
OTULIN	156.0	191.98453527130278
OTULINL	172.0	163.19972001874004
OTX1	216.0	261.6989912759086
OTX2	134.0	179.37547718675427
OVCA2	201.0	161.444901707426
OVCH1	453.0	465.46734927791783
OVCH2	265.0	251.6762636249382
OVGP1	294.0	303.8733087110592
OVOL1	129.0	186.67900197986015
OVOL2	166.0	174.58149420038393
OVOL3	102.0	113.65008160801698
OXA1L	239.0	222.36879611933432
OXCT1	202.0	225.4688829600492
OXCT2	110.0	364.8096852074158
OXER1	258.0	344.9388082211318
OXGR1	191.0	166.28152700444497
OXLD1	100.0	101.69709485280043
OXNAD1	134.0	177.91157484218067
OXR1	348.0	326.19546450543714
OXSM	178.0	208.19699148509824
OXSR1	226.0	205.82510692751882
OXT	76.0	70.29558901856468
OXTR	278.0	342.6815539139821
P2RX1	199.0	263.2385651807381
P2RX2	289.0	374.17401817524234
P2RX3	185.0	197.59544493890328
P2RX4	200.0	214.2456151570471
P2RX5	226.0	299.0765397482561
P2RX5-TAX1BP3	226.0	302.6532243561503
P2RX6	211.0	220.2927667303735
P2RX7	299.0	303.40973004107695
P2RY1	200.0	226.69669100112287
P2RY10	112.0	98.74303769872986
P2RY11	307.0	365.0047755915454
P2RY12	148.0	159.76130470597283
P2RY13	150.0	159.8204570467498
P2RY14	158.0	151.73835692169698
P2RY2	241.0	260.37873084907295
P2RY4	121.0	137.84871438271392
P2RY6	184.0	210.466406092844
P2RY8	276.0	257.96743156988236
P3H1	366.0	426.3807275227058
P3H2	367.0	381.05784506501305
P3H3	425.0	517.325929947073
P3H4	256.0	282.58699957605654
P3R3URF	42.0	41.62886059423918
P3R3URF-PIK3R3	192.0	210.44450406678874
P4HA1	201.0	189.83648914718145
P4HA2	243.0	268.51121166053025
P4HA3	263.0	243.0982233509062
P4HB	296.0	356.7277856529643
P4HTM	272.0	331.24742140039984
PA2G4	143.0	164.33535820771948
PAAF1	178.0	161.79052493783703
PABIR1	163.0	177.23478441792832
PABIR2	67.0	76.52838535134919
PABIR3	69.0	65.39605395024242
PABPC1	227.0	316.9289994520572
PABPC1L	348.0	330.8615967917311
PABPC1L2A	7.0	13.70065067283664
PABPC1L2B	12.0	25.701740311117018
PABPC3	221.0	279.67869703559245
PABPC4	345.0	331.53025713657394
PABPC4L	169.0	151.68858898133357
PABPC5	124.0	125.11449442072136
PABPN1	176.0	186.7705530935202
PABPN1L	182.0	181.09165417068834
PACC1	127.0	181.2275897750103
PACRG	116.0	132.629779328044
PACRGL	128.0	102.14299755594354
PACS1	453.0	523.4692138679055
PACS2	589.0	703.2152028578839
PACSIN1	210.0	242.24002230046392
PACSIN2	255.0	304.23705797802484
PACSIN3	218.0	249.1874434575661
PADI1	371.0	392.54348434643885
PADI2	338.0	389.2775297371435
PADI3	361.0	405.64280101760323
PADI4	361.0	393.45257610387296
PADI6	397.0	382.74029573243087
PAEP	103.0	105.14388032334891
PAF1	256.0	273.8253340759528
PAFAH1B1	152.0	175.09137442071204
PAFAH1B2	104.0	100.01100249225011
PAFAH1B3	144.0	132.14219787934246
PAFAH2	184.0	185.90931944912202
PAG1	214.0	215.04287712758122
PAGE1	42.0	36.328924592732434
PAGE2	22.0	26.204365821712237
PAGE2B	29.0	26.357924081099707
PAGE3	24.0	22.934720586438072
PAGE4	26.0	23.284231720029016
PAGE5	30.0	25.371812868517505
PAGR1	161.0	174.19078953774303
PAH	195.0	203.051963215382
PAICS	141.0	132.01691026665836
PAIP1	187.0	199.51346545777207
PAIP2	47.0	44.1193340311207
PAIP2B	43.0	47.42045046457946
PAK1	223.0	219.93436893704273
PAK1IP1	154.0	161.02283435729814
PAK2	204.0	195.3173051266848
PAK3	146.0	124.78013825534163
PAK4	376.0	478.4637388813659
PAK5	371.0	386.36675561900154
PAK6	404.0	450.4392326495143
PALB2	489.0	490.9704018250914
PALD1	464.0	505.8429502515081
PALLD	465.0	531.1036077869103
PALM	286.0	350.9788792426537
PALM2AKAP2	468.0	545.9586284331901
PALM3	328.0	381.2707712953347
PALMD	242.0	213.20881118609583
PALS1	276.0	250.05044773533152
PALS2	236.0	272.98897726908245
PAM	389.0	357.61300856095687
PAM16	72.0	80.10650071643923
PAMR1	336.0	360.62852308611326
PAN2	462.0	541.0098550255403
PAN3	433.0	450.2065621480994
PANK1	242.0	229.57658108368378
PANK2	281.0	264.5691059433702
PANK3	140.0	158.25008745947565
PANK4	524.0	679.1409835866971
PANX1	230.0	228.89023847455738
PANX2	539.0	627.0474142131463
PANX3	194.0	225.84975659790086
PAOX	311.0	395.91243432840946
PAPLN	734.0	762.5188305406673
PAPOLA	293.0	292.846518157084
PAPOLB	360.0	390.65682800057715
PAPOLG	310.0	293.36258305251255
PAPPA	875.0	929.0384560286557
PAPPA2	809.0	912.9550864907551
PAPSS1	261.0	256.64473603799814
PAPSS2	289.0	284.052126856944
PAQR3	140.0	150.30384878305233
PAQR4	193.0	248.06884669304515
PAQR5	131.0	167.15943911153968
PAQR6	190.0	215.39002267142226
PAQR7	189.0	240.7519096478411
PAQR8	204.0	203.00368682401455
PAQR9	266.0	324.83857455195755
PARD3	576.0	622.9607748497577
PARD3B	583.0	666.181671777222
PARD6A	214.0	254.8475309608662
PARD6B	169.0	182.85228641865388
PARD6G	287.0	313.8777310635979
PARG	330.0	352.34299427443705
PARK7	98.0	92.1450692512823
PARL	172.0	161.85559103688476
PARM1	179.0	164.56252997576408
PARN	261.0	231.11428416553227
PARP1	492.0	540.4109104249375
PARP10	576.0	768.1615520564482
PARP11	137.0	137.90224870450777
PARP12	403.0	413.0343619047152
PARP14	720.0	768.0405888929241
PARP15	309.0	297.9061076556499
PARP16	162.0	171.99555593436273
PARP2	226.0	244.5580610600764
PARP3	252.0	319.1195209313653
PARP4	654.0	724.9481704415771
PARP6	272.0	270.5476669224134
PARP8	391.0	365.95079286064623
PARP9	309.0	327.74558014430323
PARPBP	244.0	222.5419688840584
PARS2	240.0	275.2566480681703
PARVA	185.0	179.77566239439244
PARVB	196.0	241.56028134444165
PARVG	170.0	207.5666704885901
PASD1	236.0	219.63446482133466
PASK	686.0	887.4854798448308
PATE1	52.0	52.03332938097263
PATE2	44.0	52.18682427895623
PATE3	38.0	43.40653426527256
PATE4	47.0	41.6836957095167
PATJ	769.0	803.9467307519416
PATL1	332.0	303.2998011072791
PATL2	265.0	246.8628424770119
PATZ1	426.0	455.0478698644011
PAWR	226.0	193.34916417854672
PAX1	397.0	381.6697960993355
PAX2	221.0	263.3971342571456
PAX3	280.0	295.4375054199352
PAX4	174.0	185.00876403765133
PAX5	228.0	236.6315474259097
PAX6	208.0	226.5547921374861
PAX7	310.0	344.9717434511059
PAX8	284.0	253.1931546963232
PAX9	217.0	262.38869883079354
PAXBP1	393.0	416.35290611942713
PAXIP1	442.0	478.84392786381534
PAXX	126.0	154.54290462677872
PBDC1	64.0	56.48457439970964
PBK	129.0	114.15835815886408
PBLD	114.0	121.53181416134177
PBOV1	46.0	57.195267585262556
PBRM1	655.0	662.6051850577305
PBX1	204.0	218.72574819012576
PBX2	160.0	235.72838654283913
PBX3	210.0	227.22537943766423
PBX4	199.0	203.0037489581068
PBXIP1	330.0	405.5754266984018
PC	662.0	806.8802273698416
PCARE	705.0	764.038217169697
PCBD1	53.0	50.69885986496615
PCBD2	58.0	62.697777721548434
PCBP1	284.0	249.74154999137767
PCBP2	179.0	165.69102265514695
PCBP3	162.0	245.83234940848703
PCBP4	203.0	261.9283139947374
PCCA	294.0	310.1666746792623
PCCB	276.0	252.37021407095418
PCDH1	647.0	823.3233134273758
PCDH10	619.0	769.0203933211226
PCDH11X	279.0	382.9109166359585
PCDH11Y	9.0	77.88868850035718
PCDH12	567.0	740.6070650667168
PCDH15	806.0	710.9083737484153
PCDH17	701.0	842.7591615613296
PCDH18	565.0	520.0299017153566
PCDH19	481.0	427.64370328545755
PCDH20	495.0	452.9037092551022
PCDH7	664.0	823.565147141681
PCDH8	775.0	760.133232776454
PCDH9	562.0	557.2993330491541
PCDHA1	610.0	644.93851218544
PCDHA10	602.0	637.231312905996
PCDHA11	633.0	657.3384747131728
PCDHA12	569.0	652.5252347055291
PCDHA13	587.0	670.3482478777825
PCDHA2	634.0	682.1191244622473
PCDHA3	640.0	660.4403695578503
PCDHA4	590.0	649.7268146055188
PCDHA5	627.0	662.2942324098776
PCDHA6	652.0	656.9932972241508
PCDHA7	553.0	627.8301145270001
PCDHA8	618.0	635.5982905096776
PCDHA9	557.0	659.9996363770871
PCDHAC1	468.0	569.9251305272271
PCDHAC2	569.0	594.2100102062731
PCDHB1	392.0	412.3467656072819
PCDHB10	448.0	480.9917299391335
PCDHB11	522.0	496.04966817627263
PCDHB12	560.0	515.9420786571217
PCDHB13	515.0	497.77009838136405
PCDHB14	511.0	498.0917765472288
PCDHB15	492.0	529.1151090430726
PCDHB16	444.0	415.79013139044145
PCDHB2	395.0	554.9160578542798
PCDHB3	479.0	551.9003436409248
PCDHB4	482.0	506.84014969889665
PCDHB5	569.0	562.255149808581
PCDHB6	506.0	514.406149235289
PCDHB7	542.0	520.0326885682816
PCDHB8	385.0	409.790060241349
PCDHB9	501.0	463.49436030022173
PCDHGA1	498.0	594.798816697997
PCDHGA10	511.0	587.9452621051277
PCDHGA11	533.0	598.1119913723701
PCDHGA12	520.0	733.6431668323463
PCDHGA2	560.0	617.0398486032567
PCDHGA3	530.0	610.8023380291606
PCDHGA4	511.0	574.1929704806371
PCDHGA5	563.0	616.9975006447654
PCDHGA6	594.0	609.0024872756334
PCDHGA7	516.0	579.6415129240243
PCDHGA8	531.0	614.2562926542084
PCDHGA9	459.0	533.2841132488611
PCDHGB1	561.0	571.9914552392158
PCDHGB2	516.0	567.8685046197288
PCDHGB3	581.0	587.1248184444662
PCDHGB4	456.0	596.3691301689646
PCDHGB5	474.0	601.999714160113
PCDHGB6	466.0	581.3460977031984
PCDHGB7	464.0	609.1433554551963
PCDHGC3	487.0	627.5105023656562
PCDHGC4	434.0	544.3107140807908
PCDHGC5	434.0	624.8398936024928
PCED1A	236.0	288.90258919597505
PCED1B	251.0	285.87146326906947
PCF11	663.0	619.1290350786926
PCGF1	119.0	133.98358487865033
PCGF2	198.0	195.42037470321355
PCGF3	153.0	150.18749013133143
PCGF5	95.0	97.55361281785508
PCGF6	152.0	147.47477110829362
PCID2	187.0	201.1035204634275
PCIF1	397.0	418.9438505940972
PCK1	332.0	381.67137612011066
PCK2	305.0	355.0223834279962
PCLAF	33.0	44.18336028521502
PCLO	2357.0	2101.9337400168743
PCM1	1085.0	762.9086850334365
PCMT1	98.0	95.99116794561195
PCMTD1	117.0	130.25588494728618
PCMTD2	161.0	189.71941039263166
PCNA	121.0	133.43690269448058
PCNP	67.0	69.46202523907769
PCNT	1845.0	2227.6794372322065
PCNX1	1024.0	1022.9314230724563
PCNX2	1006.0	1160.2785556697686
PCNX3	1337.0	1386.7343298946344
PCNX4	541.0	569.5893828683455
PCOLCE	254.0	277.6835250814294
PCOLCE2	169.0	187.1627135661028
PCP2	85.0	94.72238095738811
PCP4	21.0	25.230737709103586
PCP4L1	31.0	26.241269646189366
PCSK1	348.0	333.17377556896406
PCSK1N	143.0	92.65434998094291
PCSK2	307.0	344.1314601941118
PCSK4	561.0	618.222464324478
PCSK5	825.0	847.498969921649
PCSK6	508.0	579.835885142872
PCSK7	296.0	408.67148248880795
PCSK9	387.0	452.72580730573964
PCTP	108.0	99.41337251051245
PCYOX1	220.0	226.33096908927675
PCYOX1L	266.0	319.30495592537403
PCYT1A	172.0	185.06625867134875
PCYT1B	131.0	109.18282830516075
PCYT2	240.0	283.6149048712243
PDAP1	77.0	86.91180202673557
PDC	97.0	92.33148345071596
PDCD1	168.0	257.77089156062885
PDCD10	70.0	76.050518968635
PDCD11	893.0	967.2456998264681
PDCD1LG2	116.0	165.69072730760035
PDCD2	205.0	190.76068703963873
PDCD2L	194.0	170.04397072251436
PDCD4	186.0	184.84159541698804
PDCD5	45.0	44.10543532752212
PDCD6	92.0	123.23368089044585
PDCD6-AHRR	37.0	39.629370264427855
PDCD6IP	354.0	369.1055651950418
PDCD7	299.0	336.7253834045025
PDCL	118.0	146.54359251382573
PDCL2	68.0	73.09407348301526
PDCL3	81.0	96.04534600211413
PDE10A	388.0	405.8579987071585
PDE11A	381.0	412.7891159041271
PDE12	283.0	378.51051301697976
PDE1A	232.0	210.84852386663178
PDE1B	230.0	266.61509940951106
PDE1C	325.0	326.1561088357696
PDE2A	491.0	490.6426126590758
PDE3A	663.0	685.7152790114919
PDE3B	595.0	592.6356373380222
PDE4A	463.0	558.2895868883072
PDE4B	320.0	323.2419992193426
PDE4C	377.0	417.7439534277929
PDE4D	384.0	375.3240467735234
PDE4DIP	404.0	656.9734474141795
PDE5A	328.0	332.43484791487697
PDE6A	394.0	413.8947114644278
PDE6B	490.0	665.0550765492503
PDE6C	375.0	359.50909208181633
PDE6D	59.0	68.99992812140545
PDE6G	41.0	60.536296951678764
PDE6H	36.0	34.00195418036361
PDE7A	203.0	187.11666976866437
PDE7B	197.0	195.53096234300463
PDE8A	355.0	377.41246570924693
PDE8B	424.0	412.07394931735143
PDE9A	272.0	343.4578676132507
PDF	254.0	218.14386238098865
PDGFA	133.0	154.6518306952376
PDGFB	144.0	173.40610313472936
PDGFC	159.0	147.50797585209253
PDGFD	173.0	166.0736785535702
PDGFRA	463.0	501.26298944661687
PDGFRB	586.0	678.608726534039
PDGFRL	251.0	238.67992944043257
PDHA1	123.0	117.12854734548652
PDHA2	188.0	185.12264696233117
PDHB	154.0	183.19291413268502
PDHX	226.0	222.37597207963748
PDIA2	429.0	480.25040719417603
PDIA3	192.0	198.66346421335368
PDIA4	341.0	380.2581930918235
PDIA5	250.0	265.53570241830795
PDIA6	192.0	198.65544665946248
PDIK1L	130.0	146.90987842606887
PDILT	282.0	285.55770246084495
PDK1	221.0	203.51548214550286
PDK2	232.0	238.58876345146444
PDK3	122.0	106.45718881285063
PDK4	170.0	160.71590965136284
PDLIM1	152.0	157.71273974620743
PDLIM2	398.0	438.8342677933833
PDLIM3	174.0	207.83544976096212
PDLIM4	176.0	214.49190226300232
PDLIM5	253.0	247.4757187398922
PDLIM7	300.0	331.58934340039326
PDP1	251.0	251.76518841328667
PDP2	275.0	295.37237607204054
PDPK1	118.0	170.31447853877427
PDPN	77.0	81.27594080545626
PDPR	259.0	303.036714599914
PDRG1	65.0	56.45287181349197
PDS5A	553.0	485.50582248540866
PDS5B	566.0	507.61741639185027
PDSS1	175.0	195.91019931792442
PDSS2	157.0	187.84119610070218
PDX1	232.0	239.65843851484328
PDXDC1	260.0	319.8907300738835
PDXK	172.0	216.35699459023309
PDXP	233.0	212.53334542522657
PDYN	132.0	152.8805870243629
PDZD11	32.0	38.7434857340391
PDZD2	1375.0	1669.2320217901386
PDZD3	259.0	312.3297517521905
PDZD4	349.0	304.2553558632007
PDZD7	594.0	620.3912047130995
PDZD8	592.0	664.2961409118279
PDZD9	120.0	110.14120884606004
PDZK1	98.0	175.9791770980641
PDZK1IP1	70.0	62.359173306954126
PDZRN3	759.0	719.4851975781725
PDZRN4	551.0	521.828690959413
PEA15	60.0	69.90293790845014
PEAK1	719.0	812.8150922187588
PEAK3	347.0	361.53502721291693
PEAR1	565.0	585.873789071383
PEBP1	106.0	103.54936275621071
PEBP4	112.0	112.53521474022439
PECAM1	159.0	118.4014737322758
PECR	148.0	137.8264367560217
PEDS1	152.0	161.82415758975463
PEDS1-UBE2V1	183.0	196.569437902457
PEF1	130.0	148.99829856426283
PEG10	311.0	363.5326198245739
PEG3	707.0	811.6985811120743
PELI1	178.0	177.7556793725137
PELI2	245.0	254.58920646461866
PELI3	262.0	301.4852443177708
PELO	196.0	220.80346664466052
PELP1	668.0	668.6930200804502
PEMT	137.0	159.36215333109402
PENK	135.0	142.1841302629786
PEPD	267.0	313.49054104344407
PER1	801.0	902.938229432409
PER2	684.0	793.8374843488264
PER3	618.0	644.9399793872739
PERCC1	95.0	61.194411938669504
PERM1	565.0	788.4806808405514
PERP	101.0	118.27289589277515
PES1	282.0	335.9772527774268
PET100	28.0	37.94819585877207
PET117	43.0	34.852151668673756
PEX1	485.0	491.0533077481109
PEX10	206.0	321.615209610063
PEX11A	101.0	115.09787535966528
PEX11B	128.0	129.32600427797743
PEX11G	141.0	146.24341220135074
PEX12	148.0	147.3126827334472
PEX13	177.0	171.33204126302707
PEX14	210.0	274.32380802190227
PEX16	185.0	208.5215085065769
PEX19	141.0	135.37229501264744
PEX2	141.0	124.65149535190332
PEX26	176.0	189.993808936901
PEX3	135.0	171.78685745148604
PEX5	300.0	379.26514313557783
PEX5L	270.0	288.4695803298853
PEX6	519.0	574.0815526882506
PEX7	141.0	143.83429851583975
PF4	55.0	57.44959565872397
PF4V1	68.0	61.685691178240816
PFAS	679.0	845.8264920051278
PFDN1	58.0	38.32406350502161
PFDN2	76.0	77.13696229632463
PFDN4	48.0	42.278358666083165
PFDN5	84.0	73.88466567237698
PFDN6	51.0	64.84345071604959
PFKFB1	119.0	134.4403075993392
PFKFB2	222.0	243.44904128843365
PFKFB3	315.0	402.22068629292846
PFKFB4	204.0	268.4288022920075
PFKL	494.0	642.1601381519464
PFKM	336.0	364.6819360082962
PFKP	573.0	555.0806185044069
PFN1	78.0	96.17409808653757
PFN2	79.0	68.18020122973685
PFN3	112.0	118.05411003604544
PFN4	54.0	59.95064748741814
PGA3	14.0	84.90361600254045
PGA4	13.0	17.865123824947144
PGA5	94.0	104.73224380869621
PGAM1	109.0	123.33859735276489
PGAM2	133.0	184.1944232115945
PGAM4	55.0	88.35080204786078
PGAM5	201.0	218.15881518414977
PGAP1	362.0	334.6952028019986
PGAP2	161.0	198.2570506966059
PGAP3	191.0	175.68122566765211
PGAP4	205.0	251.53746389316683
PGAP6	575.0	725.9361158721144
PGBD1	292.0	352.72335206751785
PGBD2	318.0	316.6198185833173
PGBD4	253.0	274.60636765242594
PGBD5	316.0	409.9688644067124
PGC	192.0	222.23522730370615
PGD	230.0	257.8450468154146
PGF	105.0	100.8688405806098
PGGHG	496.0	633.2838612789471
PGGT1B	170.0	145.85496292570866
PGK1	125.0	114.5711789756064
PGK2	210.0	189.86255654442962
PGLS	179.0	152.50130765199754
PGLYRP1	89.0	125.57403828765692
PGLYRP2	289.0	321.79048267768655
PGLYRP3	204.0	183.7438938627696
PGLYRP4	202.0	194.31433825627306
PGM1	287.0	313.5608597107897
PGM2	273.0	256.4191734484225
PGM2L1	225.0	251.12954557863802
PGM3	191.0	208.35216704914612
PGM5	214.0	272.46597376600135
PGP	308.0	338.89013483557943
PGPEP1	122.0	112.4490697506677
PGPEP1L	103.0	100.61247111513332
PGR	579.0	621.233070981876
PGRMC1	73.0	74.29295370805218
PGRMC2	157.0	140.58527607524283
PGS1	330.0	360.9490944521194
PHACTR1	312.0	321.37016220430473
PHACTR2	292.0	365.6759913111417
PHACTR3	323.0	350.4287205648212
PHACTR4	255.0	312.6961882749215
PHAF1	167.0	184.26847965412446
PHAX	175.0	160.18475821769172
PHB	141.0	146.18203014980375
PHB2	156.0	182.20071588832917
PHC1	302.0	442.91205996804075
PHC2	438.0	510.16431707249836
PHC3	456.0	438.69785148891435
PHETA1	155.0	204.59028118190415
PHETA2	133.0	185.7613896558849
PHEX	208.0	201.74070019253082
PHF1	274.0	321.38007120342513
PHF10	204.0	193.09809853150782
PHF11	127.0	122.36304987934173
PHF12	480.0	565.5377672010445
PHF13	195.0	194.48169148309987
PHF14	409.0	346.4532295566187
PHF19	273.0	329.1587415724037
PHF2	570.0	669.9617066085732
PHF20	434.0	433.931684814394
PHF20L1	380.0	417.18576474272237
PHF21A	297.0	305.23216920623827
PHF21B	341.0	340.2988213160825
PHF23	242.0	239.62512955443808
PHF24	185.0	235.72582772918997
PHF3	842.0	789.268978564884
PHF5A	52.0	46.9117009010413
PHF6	89.0	93.99128954831622
PHF7	156.0	150.21042396135562
PHF8	311.0	312.1573022062207
PHGDH	271.0	302.8331861323168
PHGR1	32.0	48.5128350108873
PHIP	756.0	663.0571020396253
PHKA1	316.0	326.5766419200725
PHKA2	455.0	414.05766838238503
PHKB	436.0	426.9336784121568
PHKG1	204.0	244.49696693245
PHKG2	220.0	237.85026647779284
PHLDA1	271.0	291.43213125764913
PHLDA2	111.0	190.34134565313482
PHLDA3	104.0	109.65649147524695
PHLDB1	679.0	838.3954923834758
PHLDB2	547.0	543.7335197953615
PHLDB3	380.0	333.2849864330294
PHLPP1	1042.0	1109.9264697518558
PHLPP2	681.0	640.9064989846355
PHOSPHO1	159.0	161.14984586016163
PHOSPHO2	85.0	90.4461057157726
PHOX2A	219.0	201.21612832907044
PHOX2B	206.0	206.41336213329552
PHPT1	102.0	103.37336424045299
PHRF1	1178.0	1401.9931095327288
PHTF1	289.0	276.5369657653063
PHTF2	311.0	262.19232219102076
PHYH	166.0	151.1557050951451
PHYHD1	139.0	150.85579388157942
PHYHIP	206.0	247.4232410907844
PHYHIPL	153.0	159.45936563087727
PHYKPL	264.0	288.84633787889237
PI15	118.0	110.92019404540208
PI16	275.0	280.9502348223937
PI3	58.0	58.635874227235774
PI4K2A	235.0	252.76236141688952
PI4K2B	211.0	231.74787540216
PI4KA	1041.0	1052.9749185646938
PI4KB	381.0	414.79205143111585
PIANP	149.0	173.20589253192648
PIAS1	303.0	331.54812327853654
PIAS2	261.0	253.8045789657774
PIAS3	341.0	315.56532191380654
PIAS4	364.0	460.3056662904829
PIBF1	301.0	262.3110406817295
PICALM	288.0	227.1288737975989
PICK1	217.0	254.7290029588329
PID1	130.0	136.63384440537402
PIDD1	655.0	779.805930913112
PIEZO1	2427.0	2392.273364296185
PIEZO2	1251.0	1647.8002944414504
PIF1	364.0	377.7130148303294
PIFO	74.0	79.60679940238388
PIGA	126.0	138.7214497285213
PIGB	219.0	199.2076074469209
PIGBOS1	11.0	4.483208890460353
PIGC	132.0	146.2080896001882
PIGF	93.0	94.38061971533081
PIGG	532.0	626.521060053898
PIGH	72.0	76.09828216003426
PIGK	151.0	138.3861685398624
PIGL	131.0	119.30349896208953
PIGM	216.0	247.39307236620976
PIGN	392.0	309.6833484436379
PIGO	570.0	612.6363892590008
PIGP	57.0	53.05141423423907
PIGQ	416.0	517.1638193223971
PIGR	413.0	454.38863366243936
PIGS	269.0	307.8510407475808
PIGT	362.0	359.75331216837424
PIGU	220.0	193.22712658781165
PIGV	232.0	258.65722368844257
PIGW	225.0	221.28606782400226
PIGX	127.0	129.9707166812077
PIGY	33.0	30.083040424979117
PIGZ	409.0	451.82470759376406
PIH1D1	155.0	176.65554694847893
PIH1D2	116.0	120.89162078358328
PIK3AP1	398.0	417.1303715185004
PIK3C2A	653.0	637.0436043708086
PIK3C2B	779.0	915.6644469796462
PIK3C2G	573.0	545.7334022961935
PIK3C3	374.0	330.53088940089526
PIK3CA	358.0	416.1166973221065
PIK3CB	428.0	407.4803326172667
PIK3CD	596.0	834.3610693866689
PIK3CG	552.0	711.7036737477206
PIK3IP1	159.0	123.87033860042526
PIK3R1	282.0	312.97156959610055
PIK3R2	473.0	475.35619256759486
PIK3R3	165.0	185.7437944536867
PIK3R4	557.0	550.7048292354942
PIK3R5	443.0	629.3088466465667
PIK3R6	416.0	437.8646624192893
PIKFYVE	892.0	908.632791745841
PILRA	146.0	158.2602777933516
PILRB	133.0	124.59440442911338
PIM1	199.0	234.08298296921438
PIM2	117.0	105.91893506167456
PIM3	341.0	366.1224708542851
PIMREG	112.0	149.61444501005272
PIN1	86.0	94.88935603235177
PIN4	18.0	28.236258194535537
PINK1	354.0	371.6444982362228
PINLYP	93.0	98.32383482692708
PINX1	197.0	167.7936684438334
PINX1	339.0	303.33955960409844
PIP	60.0	65.24831322967489
PIP4K2A	192.0	207.40112171524174
PIP4K2B	204.0	222.9308951421671
PIP4K2C	201.0	216.23757903387002
PIP4P1	132.0	152.62774878006462
PIP4P2	110.0	111.1325001643207
PIP5K1A	228.0	240.1954955454216
PIP5K1B	214.0	212.60224081213389
PIP5K1C	498.0	568.2691842390857
PIP5KL1	256.0	215.04836501177405
PIPOX	165.0	195.05739255686422
PIR	80.0	69.1186783190307
PIRT	78.0	78.30287913436834
PISD	259.0	262.3229006913551
PITHD1	118.0	113.72191260561826
PITPNA	120.0	138.24030440292788
PITPNB	112.0	103.76317903608069
PITPNC1	141.0	144.11675879048877
PITPNM1	738.0	846.4843626095617
PITPNM2	740.0	1046.5231070677517
PITPNM3	578.0	703.3372832694936
PITRM1	591.0	574.5577747089153
PITX1	213.0	253.95228736145378
PITX2	171.0	232.76882515877966
PITX3	194.0	242.29679531198389
PIWIL1	375.0	410.240114833182
PIWIL2	489.0	434.34374858081463
PIWIL3	373.0	363.7192447012543
PIWIL4	342.0	362.3525100868834
PJA1	174.0	197.56090371041
PJA2	308.0	263.9077941277618
PJVK	141.0	146.23159483495706
PKD1	3615.0	4555.767570109279
PKD1L1	1344.0	1420.3654488027203
PKD1L2	728.0	557.3188358334355
PKD1L3	996.0	776.3380034309895
PKD2	464.0	460.19544867567055
PKD2L1	390.0	409.0400391261721
PKD2L2	223.0	213.60510557243836
PKDCC	353.0	431.5124545949152
PKDREJ	1031.0	1535.961645921174
PKHD1	1777.0	1822.422360703395
PKHD1L1	1781.0	1661.4567617317496
PKIA	21.0	29.452297700612814
PKIB	38.0	35.545950582723265
PKIG	39.0	47.49627996439706
PKLR	328.0	365.7135184817969
PKM	239.0	277.3159906982277
PKMYT1	331.0	351.2077750681118
PKN1	621.0	624.2859218064362
PKN2	390.0	353.08120466076275
PKN3	467.0	574.5107205717588
PKNOX1	219.0	235.35601271230587
PKNOX2	257.0	283.8478988249806
PKP1	404.0	448.0579757074168
PKP2	409.0	437.66321132918677
PKP3	638.0	848.2802575679416
PKP4	563.0	590.8747954681435
PLA1A	224.0	205.32279532593805
PLA2G10	19.0	28.641115690611134
PLA2G12A	77.0	94.21226903509714
PLA2G12B	81.0	93.9094586295094
PLA2G15	223.0	265.06702720848875
PLA2G1B	81.0	75.39808300874448
PLA2G2A	69.0	77.69277009328349
PLA2G2C	79.0	82.12480576656354
PLA2G2D	83.0	76.43291148927479
PLA2G2E	72.0	90.90817618675081
PLA2G2F	119.0	120.69749173240713
PLA2G3	293.0	292.1626719152831
PLA2G4A	302.0	284.1843968430655
PLA2G4B	518.0	503.12832454139675
PLA2G4C	254.0	271.32436202081897
PLA2G4D	438.0	477.67676030825413
PLA2G4E	469.0	452.0641536034358
PLA2G4F	468.0	514.4517943861435
PLA2G5	71.0	76.23665816674865
PLA2G6	417.0	483.11485761910916
PLA2G7	193.0	162.80864887654928
PLA2R1	586.0	574.3992121127044
PLAA	392.0	332.201386057221
PLAAT1	73.0	83.73441666910995
PLAAT2	79.0	86.43276161833283
PLAAT3	76.0	81.44843512042193
PLAAT4	77.0	79.64116534337292
PLAAT5	125.0	128.60221508110556
PLAC1	68.0	65.15695938330181
PLAC8	54.0	47.48997833810712
PLAC8L1	78.0	80.16047896313795
PLAC9	62.0	55.2624977172602
PLAG1	229.0	230.7924001170823
PLAGL1	240.0	323.4397490332301
PLAGL2	234.0	263.5793126499659
PLAT	307.0	307.7180886369304
PLAU	199.0	224.31520745600417
PLAUR	148.0	172.00004458767404
PLB1	757.0	763.6446359438853
PLBD1	262.0	257.82699583972095
PLBD2	314.0	357.8016816913344
PLCB1	517.0	533.024933813609
PLCB2	603.0	638.878025771693
PLCB3	717.0	826.0502124097353
PLCB4	496.0	470.2477421697489
PLCD1	348.0	493.3285828288812
PLCD3	478.0	468.6468471943908
PLCD4	294.0	364.3901579645929
PLCE1	945.0	1029.6732683976763
PLCG1	658.0	907.0995412961734
PLCG2	827.0	846.8007122590869
PLCH1	719.0	767.1797759923937
PLCH2	974.0	1244.111461298182
PLCL1	490.0	509.2040649669535
PLCL2	495.0	502.5287597273115
PLCXD1	246.0	215.7908956397687
PLCXD2	140.0	152.38228436807017
PLCXD3	174.0	143.00831058976638
PLCZ1	248.0	237.24449417401797
PLD1	431.0	449.2683588506197
PLD2	494.0	574.7189754022636
PLD3	264.0	285.5840977355347
PLD4	264.0	340.0340027921855
PLD5	243.0	288.3214380124427
PLD5P1	43.0	35.80279912463358
PLD6	152.0	146.36982030334548
PLEC	3621.0	6261.61005650619
PLEK	152.0	151.54258180351573
PLEK2	162.0	175.8149309920738
PLEKHA1	163.0	179.74214123513053
PLEKHA2	193.0	214.48107554751726
PLEKHA3	97.0	118.86412416404033
PLEKHA4	449.0	462.1214989743998
PLEKHA5	535.0	512.4759393110039
PLEKHA6	489.0	628.9959760373619
PLEKHA7	648.0	760.5010097859309
PLEKHA8	211.0	211.51321656647326
PLEKHB1	138.0	139.4654921469378
PLEKHB2	119.0	109.30948838398821
PLEKHD1	236.0	265.1184957341132
PLEKHF1	182.0	193.97305661361526
PLEKHF2	90.0	107.3216960519812
PLEKHG1	640.0	737.2603727594711
PLEKHG2	728.0	803.4489921203265
PLEKHG3	614.0	945.3250705644509
PLEKHG4	577.0	777.2191161873359
PLEKHG4B	825.0	984.9756771501525
PLEKHG5	592.0	724.0823525078044
PLEKHG6	466.0	515.3550429570279
PLEKHG7	301.0	319.48569140333905
PLEKHH1	619.0	678.3627346065787
PLEKHH2	686.0	746.16139934159
PLEKHH3	467.0	531.9648673898103
PLEKHJ1	113.0	103.34139630238377
PLEKHM1	424.0	608.8096536485417
PLEKHM2	562.0	662.2913905001759
PLEKHM3	352.0	376.27776607138657
PLEKHN1	454.0	524.4813267963133
PLEKHO1	225.0	249.8459421204474
PLEKHO2	247.0	266.0803634966262
PLEKHS1	153.0	148.0209531505453
PLET1	93.0	99.70358636618053
PLG	337.0	464.5374250170339
PLGLB1	3.0	6.308957912991678
PLGLB2	1.0	8.418773764339669
PLGRKT	72.0	61.89910269649138
PLIN1	340.0	328.14021804677725
PLIN2	205.0	253.04565891122334
PLIN3	261.0	295.7562004926037
PLIN4	826.0	882.9488045527117
PLIN5	309.0	346.9449592587238
PLK1	298.0	359.078068512732
PLK2	332.0	308.45057198064904
PLK3	366.0	421.2460430377688
PLK4	389.0	352.1774499931785
PLK5	225.0	272.81931669016717
PLLP	111.0	126.21035154621667
PLN	21.0	20.746572661513127
PLOD1	417.0	444.6109174358294
PLOD2	314.0	272.6229416875538
PLOD3	454.0	452.39123128465513
PLP1	86.0	86.69941766984594
PLP2	50.0	52.535199727350474
PLPBP	124.0	132.25594889165137
PLPP1	146.0	123.16550660109067
PLPP2	162.0	208.1942019192873
PLPP3	152.0	167.5709026341761
PLPP4	127.0	148.4084661332543
PLPP5	143.0	123.46268614431014
PLPP6	226.0	270.81593882694165
PLPP7	174.0	204.75173040177157
PLPPR1	151.0	155.34228488550266
PLPPR2	260.0	325.8024840552922
PLPPR3	671.0	680.9637486197639
PLPPR4	326.0	327.2968212705112
PLPPR5	163.0	162.74935741687273
PLRG1	197.0	197.26529432773904
PLS1	217.0	242.90367554132163
PLS3	167.0	150.09667699492857
PLSCR1	116.0	120.50453543296467
PLSCR2	88.0	83.12221050048129
PLSCR3	166.0	187.50363768498215
PLSCR4	122.0	133.18874744383677
PLSCR5	148.0	104.91662466652383
PLTP	263.0	274.76620849836877
PLVAP	241.0	267.0718401744266
PLXDC1	212.0	253.12309491038624
PLXDC2	243.0	239.02582758767517
PLXNA1	1137.0	1570.8523379469877
PLXNA2	997.0	1203.2272325654872
PLXNA3	925.0	759.9175937626495
PLXNA4	1082.0	1171.5079630590117
PLXNB1	1167.0	1410.94608648766
PLXNB2	1239.0	2067.770739368834
PLXNB3	954.0	748.3188033392051
PLXNC1	790.0	813.5924297951269
PLXND1	1180.0	1314.3879921303376
PM20D1	239.0	253.1756486642887
PM20D2	250.0	201.02663121272099
PMAIP1	29.0	23.873285112334035
PMCH	73.0	62.12867836638748
PMEL	299.0	310.41875328531484
PMEPA1	204.0	219.1559261364174
PMF1	105.0	109.89401934159505
PMF1-BGLAP	107.0	112.6355674249619
PMFBP1	490.0	480.7856165406969
PMIS2	34.0	14.47341663180991
PML	500.0	579.0077672339908
PMM1	134.0	158.64016274697343
PMM2	153.0	138.86724728332175
PMP2	55.0	50.607601970462284
PMP22	95.0	90.80142876908606
PMPCA	338.0	379.6385188023696
PMPCB	191.0	195.82952827443086
PMS1	335.0	361.8424292973285
PMS2	332.0	454.18318720854165
PMVK	108.0	99.25394947866964
PNCK	136.0	120.5611028025857
PNISR	305.0	292.12274172082425
PNKD	197.0	222.6812714945209
PNKP	412.0	390.34869046445027
PNLDC1	280.0	290.861503023894
PNLIP	209.0	209.40904565852765
PNLIPRP1	232.0	232.4088191086943
PNLIPRP2	216.0	223.1250884012478
PNLIPRP3	192.0	189.40658475652927
PNMA1	189.0	191.0363840972527
PNMA2	175.0	238.4303340909933
PNMA3	134.0	156.95070685890892
PNMA5	138.0	136.17877328466216
PNMA6A	2.0	69.38630536772324
PNMA6E	127.0	66.45443135330315
PNMA6F	101.0	47.68939269366769
PNMA8A	224.0	221.9189364146227
PNMA8B	386.0	529.1900414261845
PNMA8C	51.0	24.757295690357846
PNMT	167.0	175.52158952180534
PNN	366.0	280.2330245938671
PNO1	115.0	117.02717506094925
PNOC	98.0	95.69309088091829
PNP	116.0	136.66561937307938
PNPLA1	293.0	324.94461423301004
PNPLA2	392.0	406.8627631797252
PNPLA3	272.0	280.8966328033497
PNPLA4	88.0	88.20923281952666
PNPLA5	243.0	269.8353362283227
PNPLA6	825.0	969.8045300166941
PNPLA7	809.0	1022.114215726475
PNPLA8	301.0	301.23858021081253
PNPO	115.0	112.58489115818679
PNPT1	357.0	384.41283350637065
PNRC1	202.0	194.70392500857199
PNRC2	44.0	51.67694326456554
POC1A	177.0	220.65325386634282
POC1B	180.0	186.76920143519501
POC1B-GALNT4	259.0	269.41492815541886
POC5	236.0	204.68578996059858
PODN	396.0	523.4781470704017
PODNL1	406.0	438.0768445849511
PODXL	301.0	319.60525857762747
PODXL2	311.0	309.7116335203457
POF1B	188.0	140.56784942858806
POFUT1	206.0	197.07030541662095
POFUT2	267.0	333.2165722687615
POGK	271.0	359.88889305012077
POGLUT1	158.0	150.37776682324645
POGLUT2	200.0	228.7366203486457
POGLUT3	218.0	233.48096290386957
POGZ	693.0	663.6141077246976
POLA1	408.0	349.19371310617845
POLA2	287.0	281.44359520398456
POLB	138.0	120.71879167550176
POLD1	714.0	864.4257669570695
POLD2	233.0	302.5848327561048
POLD3	172.0	179.40263217108256
POLD4	62.0	60.11526302413736
POLDIP2	183.0	153.13402405373932
POLDIP3	223.0	218.46363964680802
POLE	1214.0	1475.9313663353842
POLE2	212.0	158.81289872525298
POLE3	83.0	75.38158251668068
POLE4	83.0	68.60664978668987
POLG	701.0	718.2868278923638
POLG2	226.0	225.53030097898608
POLH	292.0	300.7841743473803
POLI	322.0	270.04957699628505
POLK	349.0	293.9225952870638
POLL	290.0	318.56593738383833
POLM	273.0	284.48570270195034
POLN	386.0	441.8450373215422
POLQ	1025.0	999.8355069497076
POLR1A	799.0	916.3902762867084
POLR1B	485.0	497.29148208040175
POLR1C	163.0	176.16654181633768
POLR1D	54.0	62.14215537340793
POLR1E	166.0	191.99577779412445
POLR1F	162.0	163.45991592403
POLR1G	248.0	292.3339134184615
POLR1H	43.0	69.04150104778677
POLR2A	1184.0	1739.8328239935643
POLR2B	442.0	432.1878337355149
POLR2C	133.0	143.2886747807735
POLR2D	52.0	59.163373123391864
POLR2E	174.0	174.2492972565247
POLR2F	57.0	66.81699107314056
POLR2G	79.0	78.14868806550837
POLR2H	76.0	78.00295494293711
POLR2I	72.0	86.43771297255661
POLR2J	31.0	50.85889552274237
POLR2J2	4.0	13.982957766372492
POLR2J3	2.0	47.27882926898441
POLR2J3	0.0	18.402351330447605
POLR2K	19.0	14.807233254321694
POLR2L	59.0	52.31356740873513
POLR2M	150.0	154.77859430342158
POLR3A	615.0	648.4084220766675
POLR3B	461.0	486.1903192621343
POLR3C	263.0	217.0312619527083
POLR3D	217.0	227.87648432319253
POLR3E	396.0	439.57796870797773
POLR3F	114.0	108.43334624716877
POLR3G	79.0	74.7393461294131
POLR3GL	95.0	90.01393917192775
POLR3H	129.0	122.16671810786244
POLR3K	56.0	61.801713377154925
POLRMT	1020.0	1097.9363133637223
POM121	518.0	738.7586466055152
POM121C	287.0	471.9308912842554
POM121L12	251.0	218.6423810795115
POM121L2	459.0	546.5368493009994
POMC	179.0	211.66277644883363
POMGNT1	298.0	352.74451561344597
POMGNT2	340.0	461.4421073601509
POMK	173.0	183.83019788460763
POMP	53.0	53.80540336233831
POMT1	371.0	449.20153907240086
POMT2	378.0	376.2034056157695
POMZP3	57.0	66.94188785948656
PON1	148.0	152.0030418455544
PON2	149.0	148.39410541032763
PON3	155.0	156.398321311024
POP1	436.0	466.82343316100844
POP4	110.0	119.30086148350263
POP5	91.0	89.09923076143384
POP7	85.0	85.37488236517693
POPDC2	185.0	193.87146380430386
POPDC3	118.0	120.55259052528265
POR	414.0	464.03111602972757
PORCN	148.0	169.44379266942147
POSTN	355.0	331.2354981807214
POT1	259.0	249.31914469401153
POTEA	307.0	209.54280903859868
POTEB2	0.0	16.40313879083099
POTEB3	9.0	109.7127633929951
POTEC	156.0	211.17691073529375
POTED	16.0	115.94454010453487
POTEE	213.0	306.999129261705
POTEF	196.0	338.23837463872513
POTEG	7.0	99.51065625723902
POTEH	42.0	152.55336737928252
POTEI	97.0	211.89117278643116
POTEJ	119.0	281.93170942202147
POTEM	8.0	68.27328349856833
POU1F1	120.0	110.80176696449504
POU2AF1	175.0	176.37657397931062
POU2F1	368.0	371.84634887302803
POU2F2	306.0	374.98381143828436
POU2F3	190.0	241.86842228277573
POU3F1	354.0	460.6248150735468
POU3F2	332.0	345.3649846764308
POU3F3	418.0	442.0775852640154
POU3F4	158.0	140.00168742228266
POU4F1	280.0	263.336047327324
POU4F2	324.0	352.74710047111853
POU4F3	220.0	263.80085531214337
POU5F1	147.0	215.30979013738255
POU5F1B	220.0	183.9497546302435
POU5F2	191.0	183.88703659003417
POU6F1	248.0	220.43691477562777
POU6F2	347.0	388.4261066438333
PP2D1	260.0	270.16860166086667
PPA1	101.0	101.92768692396271
PPA2	131.0	127.99208281932323
PPAN	315.0	363.594375492528
PPAN-P2RY11	587.0	687.409589714767
PPARA	242.0	323.0222332998286
PPARD	210.0	262.72911842116105
PPARG	223.0	234.0578270551814
PPARGC1A	363.0	397.3022066620406
PPARGC1B	548.0	639.797005450292
PPAT	194.0	221.90189543640116
PPBP	64.0	58.167441163548695
PPCDC	88.0	113.2782236385813
PPCS	190.0	204.06828221480268
PPDPF	86.0	100.89293289015379
PPDPFL	24.0	32.04325603314146
PPEF1	165.0	179.64141123264687
PPEF2	346.0	326.57553558254006
PPFIA1	549.0	545.5784410829378
PPFIA2	568.0	463.55730600519985
PPFIA3	645.0	758.6742625433448
PPFIA4	628.0	694.6852032915172
PPFIBP1	378.0	420.2786348317861
PPFIBP2	414.0	451.34885073724183
PPHLN1	147.0	141.12274455505403
PPIA	67.0	69.20455954855494
PPIAL4A	53.0	54.47770854738105
PPIAL4C	6.0	69.47837298259232
PPIAL4G	42.0	63.096963955509736
PPIAL4H	43.0	66.1431901281138
PPIB	129.0	148.39666055327868
PPIC	107.0	104.69697748809816
PPID	163.0	151.43511421838363
PPIE	142.0	148.2380336191994
PPIF	113.0	125.1313109193446
PPIG	308.0	271.60549306975014
PPIH	63.0	80.41256102058799
PPIL1	72.0	77.92880978835164
PPIL2	245.0	283.0719147672578
PPIL3	71.0	62.494396586284786
PPIL4	193.0	177.47724958392035
PPIL6	123.0	122.52692558184438
PPIP5K1	146.0	228.62760532782121
PPIP5K2	480.0	454.5610031161683
PPL	1220.0	1691.0362749272006
PPM1A	153.0	190.88999601177036
PPM1B	217.0	246.05870507576725
PPM1D	278.0	285.3416129869762
PPM1E	352.0	388.8816432992762
PPM1F	241.0	271.8234391634581
PPM1G	245.0	275.8342886546898
PPM1H	305.0	263.69312116478847
PPM1J	267.0	288.76197564704364
PPM1K	159.0	166.75277932733198
PPM1L	184.0	213.1975527512665
PPM1M	224.0	263.1641038754597
PPM1N	275.0	270.9546758380131
PPME1	122.0	141.48990897998186
PPOX	224.0	253.34715976424113
PPP1CA	200.0	214.7867619670428
PPP1CB	136.0	140.57333361834776
PPP1CC	158.0	140.37634277777602
PPP1R10	430.0	500.46834741151537
PPP1R11	56.0	68.08652286183536
PPP1R12A	427.0	379.0986524125543
PPP1R12B	356.0	449.93064746769494
PPP1R12C	480.0	536.6412343768039
PPP1R13B	542.0	660.0953843204878
PPP1R13L	603.0	557.7470782380248
PPP1R14A	93.0	71.41817133727558
PPP1R14B	76.0	97.51030855144151
PPP1R14C	91.0	124.54854477876454
PPP1R14D	67.0	64.26465188872022
PPP1R15A	327.0	387.5307785854839
PPP1R15B	345.0	377.21350119737485
PPP1R16A	413.0	434.97582448723995
PPP1R16B	266.0	321.1807825506672
PPP1R17	63.0	68.10149960688365
PPP1R18	310.0	381.4779046452942
PPP1R1A	84.0	74.07966787054707
PPP1R1B	102.0	103.54588996058256
PPP1R1C	35.0	36.1121724202895
PPP1R2	76.0	92.10262151349598
PPP1R21	381.0	399.22871809884987
PPP1R26	729.0	1078.9818561908842
PPP1R27	98.0	105.38703567931486
PPP1R2B	105.0	98.23261022130794
PPP1R2C	58.0	50.14519239594721
PPP1R32	207.0	239.59013396908452
PPP1R35	198.0	162.5095704545255
PPP1R36	153.0	156.999835922489
PPP1R37	448.0	566.7203918763765
PPP1R3A	485.0	458.7005732933413
PPP1R3B	169.0	202.37258189600857
PPP1R3C	123.0	151.29658119335286
PPP1R3D	223.0	281.47246339397185
PPP1R3E	208.0	225.08712238033385
PPP1R3F	363.0	315.39940083711906
PPP1R3G	267.0	316.57687213889267
PPP1R42	103.0	90.82026005472952
PPP1R7	181.0	212.49785566224904
PPP1R8	170.0	177.29611895367267
PPP1R9A	500.0	559.7874647120179
PPP1R9B	509.0	595.1292196529748
PPP2CA	152.0	133.54016093666985
PPP2CB	129.0	130.74246557489025
PPP2R1A	337.0	349.86729796905837
PPP2R1B	256.0	276.50412700730567
PPP2R2A	169.0	216.20363866894672
PPP2R2B	215.0	224.19313698956498
PPP2R2C	257.0	347.2523614941936
PPP2R2D	184.0	227.13483279448656
PPP2R3A	483.0	468.7956625480811
PPP2R3B	466.0	356.22899865899836
PPP2R3C	180.0	168.35648714750022
PPP2R5A	198.0	184.02767461932353
PPP2R5B	286.0	272.2499192247513
PPP2R5C	210.0	243.70221303957953
PPP2R5D	277.0	321.96093759735624
PPP2R5E	183.0	194.96767271119973
PPP3CA	232.0	209.99004917782395
PPP3CB	208.0	207.39224116400874
PPP3CC	206.0	220.5327921053755
PPP3R1	56.0	62.78032534198876
PPP3R2	91.0	94.0033598268652
PPP4C	187.0	191.24406135718323
PPP4R1	409.0	424.1347234055946
PPP4R2	151.0	144.4153329498421
PPP4R3A	377.0	350.97256960350336
PPP4R3B	407.0	426.01324979341786
PPP4R3C	150.0	155.76814100975824
PPP4R4	348.0	365.7836505245734
PPP5C	246.0	298.99742076758935
PPP6C	129.0	133.69992900845563
PPP6R1	549.0	608.5321396986916
PPP6R2	525.0	657.1011609935467
PPP6R3	369.0	360.35080718678967
PPRC1	872.0	920.3845491987603
PPT1	148.0	152.46988741383726
PPT2	135.0	185.2465195868519
PPT2-EGFL8	129.0	175.9819392730186
PPTC7	163.0	167.75134952196044
PPWD1	232.0	256.22570789801495
PPY	58.0	56.19012006895062
PQBP1	83.0	95.96730806986909
PRAC1	32.0	26.010862532152082
PRAC2	43.0	69.64128221655912
PRADC1	71.0	98.86939773403256
PRAF2	61.0	72.21142329236102
PRAG1	1052.0	1275.1666699573043
PRAM1	401.0	484.19333392372965
PRAME	274.0	263.9693066836405
PRAMEF1	200.0	229.59890125543203
PRAMEF10	46.0	129.36103806206643
PRAMEF11	205.0	210.76521819059658
PRAMEF12	286.0	289.08860518583197
PRAMEF13	24.0	129.99467462678814
PRAMEF14	194.0	208.04943012404755
PRAMEF15	122.0	161.6670483771093
PRAMEF17	246.0	237.23797153643125
PRAMEF18	85.0	105.86085615108455
PRAMEF19	179.0	219.22691340744822
PRAMEF2	240.0	237.92859763227392
PRAMEF20	256.0	244.23093907711265
PRAMEF25	0.0	26.669072535340913
PRAMEF26	4.0	35.58328195877482
PRAMEF27	61.0	168.19600005716998
PRAMEF33	28.0	118.38838497330242
PRAMEF4	156.0	174.9782804112774
PRAMEF5	23.0	86.2188250293686
PRAMEF6	8.0	92.09995016996442
PRAMEF7	6.0	100.32424955846581
PRAMEF8	4.0	109.17585085314292
PRAMEF9	40.0	110.59408385806555
PRAP1	81.0	109.77330482425506
PRB1	91.0	93.03957547427363
PRB2	146.0	166.00770315033694
PRB3	92.0	153.03745992022505
PRB4	103.0	116.48055064089232
PRC1	275.0	335.03891176413214
PRCC	278.0	251.69527099855995
PRCD	31.0	35.28594283095205
PRCP	240.0	196.94848525415028
PRDM1	396.0	443.3613723877669
PRDM10	582.0	640.9699570144758
PRDM11	599.0	796.6880416484679
PRDM12	231.0	291.493932034766
PRDM13	531.0	535.0852611612403
PRDM14	264.0	274.99634543121147
PRDM15	615.0	783.8232375788413
PRDM16	799.0	1300.628663108563
PRDM2	871.0	898.9709755612749
PRDM4	339.0	355.77274486075424
PRDM5	267.0	264.73776724828815
PRDM6	407.0	416.1465460861932
PRDM7	192.0	234.41609614034664
PRDM8	473.0	497.5967890234008
PRDM9	312.0	387.4462890724871
PRDX1	89.0	84.45487084299805
PRDX2	118.0	123.78139833339188
PRDX3	124.0	123.31067873484955
PRDX4	99.0	88.31678536855583
PRDX5	111.0	123.68014248322292
PRDX6	85.0	109.95795445845594
PREB	224.0	248.50081952681356
PRELID1	79.0	122.46285224640613
PRELID2	76.0	68.45145644425178
PRELID3A	87.0	98.50994732963868
PRELID3B	62.0	79.77015200010239
PRELP	233.0	247.73370805299123
PREP	337.0	336.87228335151843
PREPL	315.0	336.26268879544136
PREX1	843.0	996.6108136401796
PREX2	672.0	616.4915265984782
PRF1	314.0	411.6873338064404
PRG2	104.0	96.36599549750852
PRG3	111.0	96.58028245521164
PRG4	576.0	613.4745243035275
PRH1	45.0	83.4399508908449
PRH2	45.0	70.17037263606203
PRICKLE1	357.0	390.2007185838467
PRICKLE2	456.0	464.3569225182035
PRICKLE3	211.0	212.5259652046303
PRICKLE4	208.0	246.15872501507056
PRIM1	158.0	129.47308077978337
PRIM2	143.0	158.90001953292415
PRIMA1	98.0	77.7521884694078
PRIMPOL	197.0	232.19822194514816
PRKAA1	226.0	240.5014798233418
PRKAA2	214.0	231.23752047948096
PRKAB1	141.0	161.72298116553668
PRKAB2	136.0	124.99482155897721
PRKACA	160.0	198.09806583544685
PRKACB	147.0	141.85928755886445
PRKACG	202.0	228.15731219825454
PRKAG1	130.0	151.37076896590628
PRKAG2	293.0	334.2565572578275
PRKAG3	243.0	291.872094118186
PRKAR1A	188.0	177.4118017467823
PRKAR1B	259.0	281.6007064875371
PRKAR2A	178.0	190.79972795189104
PRKAR2B	196.0	177.72767737014362
PRKCA	329.0	359.1657551953262
PRKCB	335.0	351.68212158755324
PRKCD	317.0	402.09436934433285
PRKCE	388.0	502.9635186396371
PRKCG	383.0	458.33749368214865
PRKCH	322.0	351.30978491408933
PRKCI	216.0	223.4137397095103
PRKCQ	307.0	356.5710528142209
PRKCSH	325.0	340.87886307642566
PRKCZ	342.0	441.3358057633943
PRKD1	425.0	439.45746239516984
PRKD2	509.0	558.8375110774201
PRKD3	392.0	361.16680101399845
PRKDC	1895.0	1743.0225506031863
PRKG1	303.0	317.15320935797365
PRKG2	330.0	319.7673183454451
PRKN	250.0	267.96730421147885
PRKRA	139.0	132.31522932001425
PRKRIP1	90.0	88.87764087341355
PRKX	134.0	132.00035960306255
PRL	118.0	121.34875068203839
PRLH	65.0	59.55875937585192
PRLHR	261.0	315.92926384749467
PRLR	269.0	296.24874966941195
PRM1	29.0	31.68888478360812
PRM2	64.0	87.28875752216169
PRM3	72.0	69.14877982593212
PRMT1	227.0	274.43372389307893
PRMT2	219.0	262.2658662974746
PRMT3	213.0	221.6523642886851
PRMT5	276.0	307.56470109463294
PRMT6	265.0	299.14610738288656
PRMT7	397.0	394.3023301604443
PRMT8	189.0	273.0384437917713
PRMT9	333.0	356.8039492218623
PRND	94.0	129.04505936719784
PRNP	121.0	151.7207007409258
PROB1	660.0	962.0097148537184
PROC	218.0	359.0026812858488
PROCA1	182.0	207.13658893260794
PROCR	137.0	138.098093068494
PRODH	8.0	31.49558485666034
PRODH2	249.0	275.44374047585353
PROK1	57.0	56.29722914866697
PROK2	59.0	58.357733131323414
PROKR1	193.0	229.76728658949997
PROKR2	212.0	255.0239500109447
PROM1	393.0	393.9843292550941
PROM2	470.0	520.8379479380731
PROP1	112.0	135.20666998454408
PRORP	231.0	244.29576515351633
PROS1	245.0	262.6953722019422
PROSER1	490.0	460.0540584130999
PROSER2	367.0	372.5520492409476
PROSER3	266.0	240.75687605429036
PROX1	350.0	393.4691723018689
PROX2	260.0	270.9714582122663
PROZ	195.0	247.2782315216947
PRPF18	152.0	156.31668408359806
PRPF19	226.0	248.79950836663207
PRPF3	270.0	277.4901372671244
PRPF31	287.0	344.74009858773604
PRPF38A	124.0	138.81947024385505
PRPF38B	246.0	250.6311067666933
PRPF39	261.0	218.74927946297242
PRPF4	225.0	242.35348611833888
PRPF40A	448.0	372.45462290951775
PRPF40B	443.0	468.8163274051234
PRPF4B	401.0	436.39726157840215
PRPF6	481.0	633.3554025693038
PRPF8	1325.0	1345.7931231123412
PRPH	279.0	372.3145376638219
PRPH2	165.0	198.07752248907175
PRPS1	70.0	94.87475812788283
PRPS1L1	153.0	148.40265658500073
PRPS2	111.0	116.33696349829118
PRPSAP1	212.0	194.91582542806532
PRPSAP2	149.0	155.58785773394712
PRR11	128.0	147.98410838201983
PRR12	1567.0	1631.0482073084956
PRR13	53.0	66.89544461895355
PRR14	303.0	365.22264249724645
PRR14L	883.0	888.3243103685895
PRR15	82.0	78.69621062001072
PRR15L	57.0	53.925208646275465
PRR16	151.0	151.54672191815084
PRR18	228.0	262.0013100824228
PRR19	190.0	203.91390392953537
PRR22	319.0	355.30028717007974
PRR23A	161.0	177.89691589042678
PRR23B	157.0	208.8870010371943
PRR23C	172.0	204.86794455919855
PRR27	100.0	100.12457695021872
PRR29	108.0	119.27342809864717
PRR3	87.0	93.47064943212335
PRR30	229.0	286.74160391215366
PRR32	107.0	92.51927186258521
PRR33	226.0	253.4631723443883
PRR35	425.0	512.5924735622115
PRR36	775.0	1088.9654169166088
PRR4	64.0	61.1262457119317
PRR5	286.0	344.5642836982024
PRR5-ARHGAP8	461.0	387.9461255860526
PRR5L	188.0	208.71077284025557
PRR7	221.0	222.08089934514328
PRR9	48.0	51.451165718830566
PRRC1	175.0	192.8824165181121
PRRC2A	1194.0	1316.958053465493
PRRC2B	1228.0	1497.1137434356006
PRRC2C	1296.0	1203.6510518520158
PRRG1	66.0	59.90059016823412
PRRG2	104.0	99.81761947532166
PRRG3	125.0	85.81073536995706
PRRG4	94.0	101.41391221641227
PRRT1	176.0	235.36956768619788
PRRT1B	105.0	42.070540588359776
PRRT2	195.0	212.53874409344655
PRRT3	641.0	739.0474361333252
PRRT4	606.0	728.7338992230718
PRRX1	160.0	154.79595445050705
PRRX2	177.0	167.25538869916272
PRSS1	126.0	114.55255504744693
PRSS12	454.0	448.19079942360315
PRSS16	273.0	331.5200665691035
PRSS2	107.0	89.7516137491703
PRSS21	186.0	189.90995340373215
PRSS22	217.0	208.88771877448545
PRSS23	176.0	210.14096723859492
PRSS27	178.0	206.28663176423348
PRSS3	91.0	114.37998579157932
PRSS33	192.0	203.01893599655986
PRSS35	199.0	183.29480399110727
PRSS36	500.0	501.45347541390265
PRSS37	109.0	112.39229391123793
PRSS38	175.0	201.44307128460974
PRSS41	195.0	185.03372238563804
PRSS45P	121.0	133.53793304190495
PRSS48	150.0	146.52512544224675
PRSS50	224.0	261.91549388104363
PRSS51	95.0	37.629612350154
PRSS53	273.0	332.1765714832536
PRSS54	177.0	202.22564146635077
PRSS55	262.0	243.8159545378222
PRSS56	409.0	544.2524444057262
PRSS57	203.0	196.3767899127751
PRSS58	119.0	111.15233077412128
PRSS8	183.0	214.8713913432158
PRTFDC1	93.0	102.34650899168915
PRTG	554.0	475.95340970973825
PRTN3	173.0	169.41356492132556
PRUNE1	203.0	210.72093794631516
PRUNE2	1293.0	1357.8080632112728
PRX	772.0	994.8322076551492
PRXL2A	98.0	98.31810533143852
PRXL2B	115.0	142.52968993351865
PRXL2C	98.0	105.55268109344733
PSAP	273.0	280.9411999627073
PSAPL1	351.0	391.12116559719624
PSAT1	147.0	168.5942329331833
PSCA	61.0	76.57973910036861
PSD	532.0	690.9037940729222
PSD2	412.0	501.4433100734069
PSD3	557.0	603.5695829143453
PSD4	533.0	550.0318465939422
PSEN1	208.0	206.92218092367315
PSEN2	255.0	293.21834522974996
PSENEN	42.0	50.82929186443164
PSG1	256.0	193.63689711539374
PSG11	206.0	156.52942083912112
PSG2	261.0	160.9886947001296
PSG3	263.0	202.19726127132864
PSG4	248.0	187.32058449311754
PSG5	221.0	160.39682270329737
PSG6	292.0	204.85618508586745
PSG7	298.0	207.67166197554903
PSG8	280.0	204.54495323157636
PSG9	263.0	200.08599150030182
PSIP1	222.0	245.70105877280204
PSKH1	213.0	289.3928481989634
PSKH2	188.0	190.1602876909024
PSMA1	101.0	104.81466665534396
PSMA2	97.0	99.77991969774979
PSMA3	110.0	93.65972644081889
PSMA4	93.0	100.18430172093043
PSMA5	88.0	91.63325192775918
PSMA6	88.0	95.32171145414452
PSMA7	155.0	153.588516923798
PSMA8	104.0	91.21461653806278
PSMB1	119.0	133.26378073173126
PSMB10	157.0	194.2094576935103
PSMB11	163.0	227.91005861847796
PSMB2	87.0	98.04167959367003
PSMB3	85.0	103.19827129443804
PSMB4	144.0	142.3786652722716
PSMB5	133.0	144.01254621823645
PSMB6	126.0	123.1504231967713
PSMB7	122.0	134.9206307904464
PSMB8	131.0	152.71633194899246
PSMB9	91.0	112.24299646293267
PSMC1	155.0	189.30421197156414
PSMC2	169.0	181.01968366108864
PSMC3	201.0	223.45198231859018
PSMC3IP	87.0	107.25751549580805
PSMC4	202.0	231.79981186641243
PSMC5	206.0	211.32700538405928
PSMC6	137.0	144.40403600633348
PSMD1	374.0	412.48240787569716
PSMD10	66.0	67.27367212084701
PSMD11	191.0	196.19013493180663
PSMD12	173.0	183.21118622670323
PSMD13	193.0	198.58789568751334
PSMD14	114.0	107.41399727192228
PSMD2	418.0	482.189499723053
PSMD3	265.0	275.53159830265247
PSMD4	143.0	156.58456346128293
PSMD5	211.0	231.13654696396625
PSMD6	184.0	171.21215478545002
PSMD7	186.0	159.8629494558399
PSMD8	208.0	162.28123780020132
PSMD9	110.0	114.16778661625217
PSME1	106.0	117.04321487817226
PSME2	82.0	109.13983623046633
PSME3	108.0	108.65428768242396
PSME3IP1	93.0	112.41095265003369
PSME4	851.0	766.6951305147078
PSMF1	134.0	163.14511535752126
PSMG1	127.0	131.04712502287043
PSMG2	120.0	112.7568703731621
PSMG3	81.0	87.21968297937092
PSMG4	95.0	94.92041511815803
PSORS1C1	63.0	77.57424450655144
PSORS1C2	76.0	66.78055736813998
PSPC1	193.0	244.44380431316904
PSPH	68.0	95.0716338243277
PSPN	115.0	127.38744925405533
PSRC1	191.0	214.76925590122346
PSTK	181.0	173.88332357688157
PSTPIP1	266.0	231.1470787095692
PSTPIP2	125.0	126.39791147692088
PTAFR	156.0	210.59006705177808
PTAR1	169.0	154.47173642642147
PTBP1	490.0	556.1370707824583
PTBP2	215.0	205.7340286441778
PTBP3	185.0	218.83572115050805
PTCD1	413.0	433.16883114781353
PTCD2	183.0	163.53468235709857
PTCD3	296.0	270.31344692446356
PTCH1	833.0	929.4208971134819
PTCH2	615.0	788.4259202751547
PTCHD1	305.0	294.03243096961467
PTCHD3	480.0	470.5981214785824
PTCHD4	478.0	443.28727093827763
PTCRA	153.0	159.04118401979335
PTDSS1	188.0	216.17703259220946
PTDSS2	297.0	459.3075960550746
PTEN	129.0	148.43701936285996
PTER	172.0	167.44516106871265
PTF1A	259.0	284.6521867477785
PTGDR	267.0	253.41084961247034
PTGDR2	276.0	262.2476483698378
PTGDS	102.0	149.3962388434833
PTGER1	339.0	319.8404606995705
PTGER2	219.0	248.82004899864017
PTGER3	241.0	294.4319309212334
PTGER4	275.0	366.655032835994
PTGES	94.0	93.3830998165559
PTGES2	221.0	263.56923802947847
PTGES3	49.0	45.013085972581095
PTGES3L	59.0	62.56309856319723
PTGES3L-AARSD1	235.0	246.24095361522237
PTGFR	165.0	154.73629632587657
PTGFRN	519.0	626.9940137566207
PTGIR	274.0	260.66628858973235
PTGIS	260.0	285.83728572728023
PTGR1	134.0	142.77705568032658
PTGR2	106.0	126.38909176323698
PTGS1	298.0	344.27064663558525
PTGS2	271.0	259.4484278826648
PTH	51.0	48.55894514378847
PTH1R	329.0	381.45631407289613
PTH2	67.0	93.62883711931173
PTH2R	256.0	248.1974958729036
PTHLH	90.0	90.79306371088849
PTK2	432.0	471.209047713396
PTK2B	519.0	578.7553857956835
PTK6	287.0	402.5898313512045
PTK7	546.0	621.38365622809
PTMA	58.0	50.17845691958401
PTMS	53.0	55.6365621498731
PTN	78.0	65.91507166841603
PTOV1	335.0	325.851060480792
PTP4A1	78.0	63.886142256821515
PTP4A2	68.0	66.4057483310165
PTP4A3	95.0	137.56438315750833
PTPA	172.0	179.7020822251636
PTPDC1	349.0	375.6618921650302
PTPMT1	132.0	111.77748621521215
PTPN1	178.0	226.23118172915855
PTPN11	221.0	261.7864490908532
PTPN12	327.0	288.00398844071094
PTPN13	986.0	924.794960231929
PTPN14	630.0	686.1080739370076
PTPN18	255.0	282.46718008943674
PTPN2	153.0	164.30367689772763
PTPN20	32.0	78.88674319590642
PTPN21	717.0	701.5905401576507
PTPN22	323.0	287.72896230098996
PTPN23	957.0	1162.871961968293
PTPN3	398.0	448.1301304992636
PTPN4	333.0	332.6761511699801
PTPN5	267.0	327.82078663184177
PTPN6	301.0	420.8846784530451
PTPN7	185.0	210.2110453471255
PTPN9	274.0	277.607740099898
PTPRA	323.0	410.0523488589355
PTPRB	970.0	977.105443749794
PTPRC	525.0	538.7726394079251
PTPRCAP	136.0	158.86058729030702
PTPRD	1128.0	1119.4247003941819
PTPRE	345.0	423.0644571999431
PTPRF	1088.0	1390.958857131518
PTPRG	675.0	844.0495934596785
PTPRH	556.0	676.1685223311102
PTPRJ	610.0	657.9588909301578
PTPRK	637.0	635.1470747375826
PTPRM	668.0	735.7160160972118
PTPRN	496.0	616.6654825420121
PTPRN2	641.0	738.2120166306086
PTPRO	565.0	551.2701488787656
PTPRQ	908.0	830.3813516922322
PTPRR	299.0	274.697917040555
PTPRS	1404.0	1454.772921379074
PTPRT	783.0	785.3493329138694
PTPRU	793.0	915.872982371378
PTPRZ1	945.0	1014.2939218037939
PTRH1	139.0	145.87293881856914
PTRH2	73.0	78.48041214446998
PTRHD1	86.0	101.87361316667014
PTS	65.0	61.001160251533406
PTTG1	79.0	93.08453958284396
PTTG1IP	89.0	114.99389027717196
PTTG2	90.0	86.15986384639298
PTX3	218.0	204.1671964503406
PTX4	317.0	447.4911622288886
PUDP	99.0	80.22420163727242
PUF60	353.0	425.5437958193586
PUM1	509.0	585.1441683168956
PUM2	460.0	465.82983909900184
PUM3	321.0	270.8533478580378
PURA	254.0	288.3275966833696
PURB	246.0	221.3023375593636
PURG	180.0	204.29642327949935
PUS1	282.0	312.25181078413556
PUS10	219.0	199.86798881523794
PUS3	183.0	219.31321060921138
PUS7	286.0	269.3192735307201
PUS7L	277.0	263.5382059623878
PUSL1	290.0	254.02437967146665
PVALB	57.0	56.13710505007169
PVALEF	53.0	33.13390473640254
PVR	224.0	245.4828838786726
PVRIG	190.0	209.20462567930375
PWP1	222.0	215.48328020864764
PWP2	29.0	86.55042512193116
PWWP2A	396.0	404.7506966022142
PWWP2B	474.0	616.9730631905186
PWWP3A	443.0	509.2013346542413
PWWP3B	203.0	186.9537140266318
PXDC1	162.0	152.9957007365266
PXDN	911.0	1115.369784684663
PXDNL	757.0	731.820940630908
PXK	253.0	313.3802895515991
PXMP2	113.0	126.79567285122071
PXMP4	127.0	121.92799113269716
PXN	562.0	732.6236791506107
PXT1	43.0	50.52606689999101
PXYLP1	221.0	263.95721132318965
PYCARD	121.0	134.48265226104468
PYCR1	175.0	250.29984914803123
PYCR2	172.0	197.83377463961193
PYCR3	194.0	217.38300513147007
PYDC1	37.0	81.49925073294743
PYDC2	51.0	47.34745000711181
PYGB	488.0	568.5501025208142
PYGL	373.0	400.65444365055475
PYGM	436.0	499.2640096680041
PYGO1	186.0	179.20243131065882
PYGO2	236.0	247.13811555119312
PYHIN1	205.0	211.16397082125758
PYM1	100.0	96.92144842227917
PYROXD1	170.0	193.58785161409756
PYROXD2	287.0	332.98382717210296
PYURF	56.0	74.52606701167888
PYY	66.0	70.16574242480088
PZP	624.0	699.4320752370297
QARS1	395.0	405.12739877464685
QDPR	124.0	133.2051990054074
QKI	204.0	178.2581774794238
QPCT	168.0	181.2011156422452
QPCTL	223.0	224.96375151043702
QPRT	178.0	209.96342272380326
QRFP	91.0	102.05473491541258
QRFPR	197.0	206.32508044338965
QRICH1	367.0	380.77321177331845
QRICH2	894.0	1145.9661155921453
QRSL1	228.0	215.4726566377911
QSER1	653.0	721.9099079515038
QSOX1	392.0	461.58446381805265
QSOX2	383.0	492.6770366092899
QTRT1	226.0	258.00825394720437
QTRT2	182.0	182.6148301545479
R3HCC1	237.0	267.6004570377779
R3HCC1L	322.0	320.9654342650316
R3HDM1	435.0	446.9469584845664
R3HDM2	391.0	407.5804322295853
R3HDM4	196.0	209.257199391052
R3HDML	133.0	134.4871881722514
RAB10	89.0	94.28132704735799
RAB11A	85.0	86.49961244261908
RAB11B	138.0	174.1917744610945
RAB11FIP1	670.0	721.0091970115569
RAB11FIP2	228.0	237.32098225835463
RAB11FIP3	437.0	524.5028997693676
RAB11FIP4	360.0	374.02663227522254
RAB11FIP5	729.0	937.9924856290158
RAB12	144.0	167.1024215031639
RAB13	82.0	93.69726825190256
RAB14	85.0	85.35891025171077
RAB15	100.0	138.80422221280728
RAB17	110.0	140.34025307320252
RAB18	93.0	87.60830461528998
RAB19	126.0	118.51847694995904
RAB1A	84.0	78.56010334824755
RAB1B	99.0	109.09807159084502
RAB20	126.0	169.18251007116282
RAB21	91.0	82.13059918672239
RAB22A	89.0	89.01565003965823
RAB23	93.0	91.51803965558291
RAB24	106.0	130.88982730469777
RAB25	102.0	114.5146529939737
RAB26	192.0	198.1445641024981
RAB27A	85.0	89.56178110783036
RAB27B	105.0	90.66313074411883
RAB28	100.0	93.81388060652536
RAB29	88.0	105.38319362269252
RAB2A	79.0	78.3545714663462
RAB2B	93.0	93.8972281371094
RAB30	77.0	88.25666330885443
RAB31	87.0	81.3783052421831
RAB32	115.0	131.57836187442473
RAB33A	70.0	87.62101595094109
RAB33B	117.0	121.68386306703616
RAB34	135.0	133.59770817432315
RAB35	99.0	135.57120189978468
RAB36	133.0	143.34789610067085
RAB37	128.0	137.0977519403833
RAB38	101.0	110.84001919276018
RAB39A	99.0	113.59663500354942
RAB39B	63.0	70.87501565322886
RAB3A	119.0	133.79517588101587
RAB3B	99.0	107.46559095856813
RAB3C	91.0	96.61494061482274
RAB3D	103.0	128.05743327104435
RAB3GAP1	367.0	382.8319305103745
RAB3GAP2	554.0	596.1002046252223
RAB3IL1	193.0	214.9922985065537
RAB3IP	207.0	182.85786169908474
RAB40A	65.0	97.08821393352805
RAB40AL	65.0	95.55477897532204
RAB40B	167.0	213.63437088050722
RAB40C	201.0	263.59287204094653
RAB41	73.0	66.7484781456968
RAB42	82.0	150.5840708892804
RAB43	103.0	140.39577117336572
RAB44	427.0	674.542008163669
RAB4A	102.0	102.94549965287449
RAB4B	108.0	126.8159821107733
RAB4B-EGLN2	108.0	126.8159821107733
RAB5A	98.0	90.83939086817247
RAB5B	93.0	100.79006614376252
RAB5C	100.0	104.40793026389163
RAB5IF	67.0	60.83736002889188
RAB6A	73.0	80.48601570305483
RAB6B	105.0	128.3651482335672
RAB6C	78.0	104.14903346824994
RAB6D	68.0	123.58669123601177
RAB7A	100.0	96.79628527246898
RAB7B	49.0	23.671239161479452
RAB8A	108.0	111.1890260626507
RAB8B	103.0	108.8814495688238
RAB9A	39.0	57.01007736156526
RAB9B	63.0	59.773085700383184
RABAC1	139.0	121.006346721267
RABEP1	347.0	369.2607788550555
RABEP2	351.0	368.27505360712854
RABEPK	172.0	174.20352943534772
RABGAP1	451.0	455.0950629470892
RABGAP1L	431.0	411.0373878311302
RABGEF1	185.0	197.97697636259073
RABGGTA	310.0	335.057934404164
RABGGTB	128.0	134.60292870503187
RABIF	70.0	70.50472280685807
RABL2A	64.0	91.72224994746537
RABL2B	70.0	113.49808049229156
RABL3	97.0	96.19716621909258
RABL6	477.0	545.6419221652022
RAC1	88.0	121.52597598397065
RAC2	114.0	124.62974063089453
RAC3	146.0	180.49848590998164
RACGAP1	231.0	252.62525753691196
RACK1	181.0	182.7662200287825
RAD1	109.0	112.4449719602256
RAD17	261.0	239.05244115898404
RAD18	225.0	203.1569594965481
RAD21	248.0	251.75379818678678
RAD21L1	177.0	213.69706538411467
RAD23A	217.0	234.05476106787708
RAD23B	184.0	204.19250097516593
RAD50	525.0	496.7847098351452
RAD51	136.0	145.11082278983434
RAD51AP1	114.0	133.5698892779532
RAD51AP2	474.0	463.2908144865367
RAD51B	154.0	142.01496790724684
RAD51C	172.0	162.13114832886492
RAD51D	141.0	166.02469154490606
RAD52	184.0	217.62559511315604
RAD54B	328.0	341.114845261934
RAD54L	304.0	372.80601821216305
RAD54L2	644.0	742.7745719841812
RAD9A	252.0	236.57484705657436
RAD9B	160.0	146.33728280390267
RADIL	803.0	1063.996694535337
RADX	272.0	233.80798461086508
RAE1	164.0	172.261880476964
RAET1E	113.0	128.62530063623666
RAET1G	167.0	177.32412765594364
RAET1L	70.0	118.82442109235338
RAF1	298.0	317.5176341563114
RAG1	461.0	512.6130358696103
RAG2	199.0	220.62627821209205
RAI1	1231.0	1651.566116802141
RAI14	371.0	433.90675095092087
RAI2	191.0	188.28466299194355
RALA	77.0	83.50495746685674
RALB	93.0	95.33040759231652
RALBP1	252.0	306.9810120236412
RALGAPA1	817.0	976.1338263268594
RALGAPA2	847.0	807.8273257835249
RALGAPB	629.0	612.7253987783919
RALGDS	529.0	597.9152610025118
RALGPS1	228.0	289.3920945328798
RALGPS2	243.0	223.04779937686575
RALY	177.0	173.01070677955443
RALYL	120.0	109.58513545483055
RAMAC	27.0	47.19808551324951
RAMACL	39.0	54.89105495016427
RAMP1	92.0	120.45848950943315
RAMP2	86.0	90.7066397380111
RAMP3	106.0	107.32022819262835
RAN	132.0	107.28116302419824
RANBP1	129.0	169.1408500427089
RANBP10	310.0	349.2057313908849
RANBP17	430.0	461.9475085454121
RANBP2	1167.0	1221.9871306305474
RANBP3	315.0	386.4498685723016
RANBP3L	164.0	166.2133573869133
RANBP6	514.0	482.15653132479645
RANBP9	393.0	420.81985961410135
RANGAP1	329.0	341.37416972767954
RANGRF	97.0	114.94783630872148
RAP1A	73.0	71.7181787622365
RAP1B	75.0	68.62763633724602
RAP1GAP	375.0	393.9932566154717
RAP1GAP2	373.0	442.9103823403589
RAP1GDS1	229.0	226.55456617439359
RAP2A	110.0	138.461739026261
RAP2B	118.0	152.92533856775339
RAP2C	60.0	53.25080903066561
RAPGEF1	629.0	831.6204957167819
RAPGEF2	712.0	723.8442758800544
RAPGEF3	436.0	540.0691642143323
RAPGEF4	419.0	450.1547969767293
RAPGEF5	391.0	372.79870923187815
RAPGEF6	692.0	650.0272283145964
RAPGEFL1	342.0	284.5451741542844
RAPH1	608.0	590.0883113036866
RAPSN	244.0	230.72405065149644
RARA	257.0	288.71973435117934
RARB	215.0	211.52548245277077
RARG	238.0	251.14239268334956
RARRES1	153.0	170.47257671669246
RARRES2	82.0	95.45473531667804
RARS1	273.0	269.97584618947246
RARS2	239.0	218.57723294006905
RASA1	477.0	430.3648514064856
RASA2	353.0	326.29824591858744
RASA3	500.0	661.6692804545715
RASA4	11.0	111.79951874212465
RASA4B	3.0	100.84740531970621
RASAL1	405.0	448.0851374774712
RASAL2	561.0	599.7698739485575
RASAL3	579.0	608.224294581022
RASD1	170.0	252.06150271456787
RASD2	155.0	173.6794624189592
RASEF	331.0	342.3982620338832
RASGEF1A	245.0	283.7846283723059
RASGEF1B	175.0	188.4191930357194
RASGEF1C	243.0	301.05372748893933
RASGRF1	614.0	780.3416599372943
RASGRF2	504.0	580.7439103391466
RASGRP1	325.0	344.7003637779518
RASGRP2	350.0	359.03455010140954
RASGRP3	309.0	307.7611900405992
RASGRP4	356.0	353.41176821226605
RASIP1	617.0	684.663951777847
RASL10A	159.0	132.4271047093719
RASL10B	110.0	144.2515663640763
RASL11A	146.0	143.99011746899566
RASL11B	143.0	138.93763049420932
RASL12	159.0	147.67899406924852
RASSF1	191.0	191.98743133641568
RASSF10	364.0	428.4636570726984
RASSF2	158.0	174.46678835105988
RASSF3	110.0	110.70516126252087
RASSF4	179.0	186.5537915210749
RASSF5	246.0	257.5987119453029
RASSF6	162.0	109.77950007475866
RASSF7	298.0	298.62743553666695
RASSF8	127.0	181.07938290919108
RASSF9	183.0	179.5304681410601
RAVER1	469.0	508.9729632676548
RAVER2	311.0	308.5805804838768
RAX	276.0	306.0734411271465
RAX2	133.0	158.9009918895737
RB1	365.0	353.59204382993
RB1CC1	666.0	591.31931549834
RBAK	343.0	399.8302524914138
RBAK-RBAKDN	142.0	168.39270354615192
RBBP4	151.0	174.93279397587938
RBBP5	209.0	231.9275300532249
RBBP6	789.0	762.3064987480864
RBBP7	140.0	120.24063659785355
RBBP8	332.0	343.20002392835204
RBBP8NL	412.0	484.82207385704146
RBBP9	74.0	86.80226227102112
RBCK1	306.0	324.51608848143917
RBFA	181.0	243.81475793043109
RBFOX1	326.0	284.8928019842599
RBFOX2	183.0	188.81005869906423
RBFOX3	214.0	272.4875812940874
RBIS	35.0	29.783827244025964
RBKS	125.0	145.05901727416602
RBL1	405.0	413.6634966717086
RBL2	454.0	447.0312927505541
RBM10	326.0	343.4191483315771
RBM11	120.0	110.52470738312958
RBM12	420.0	432.67357025807195
RBM12B	477.0	471.24775725660834
RBM14	411.0	463.1150707400537
RBM14-RBM4	232.0	263.3927233163518
RBM15	606.0	571.1407215019459
RBM15B	631.0	657.6567892274805
RBM17	167.0	192.56859777569423
RBM18	74.0	83.17764444078618
RBM19	475.0	545.4314445537916
RBM20	589.0	699.7909917866486
RBM22	152.0	186.10389663243012
RBM23	197.0	206.4296464246957
RBM24	151.0	143.69341906200566
RBM25	390.0	323.49870930459963
RBM26	400.0	381.8183170358084
RBM27	481.0	435.72270207082727
RBM28	306.0	349.0013996103055
RBM3	58.0	46.24533965347683
RBM33	637.0	654.1212263781321
RBM34	194.0	196.35266037470157
RBM38	165.0	215.23348245348444
RBM39	185.0	193.35813243425403
RBM4	220.0	245.7599463348247
RBM41	120.0	117.06729719450676
RBM42	272.0	274.4055502013112
RBM43	138.0	141.1301372088487
RBM44	365.0	410.15452531799497
RBM45	193.0	214.2066434125657
RBM46	205.0	213.9106423780791
RBM47	375.0	435.5907536779738
RBM48	151.0	155.5933487622221
RBM4B	167.0	169.12253635916184
RBM5	337.0	368.9146525478611
RBM6	439.0	482.1974690718685
RBM7	106.0	116.68486893856753
RBM8A	66.0	77.94165524504858
RBMS1	172.0	170.0766615971975
RBMS2	151.0	165.60147417206477
RBMS3	188.0	188.82575320162263
RBMX	102.0	95.87301457549647
RBMX2	77.0	98.01364376841539
RBMXL1	141.0	156.39465524331877
RBMXL2	313.0	367.4769250166771
RBMXL3	448.0	438.64749494112874
RBMY1E	0.0	14.810612174834453
RBMY1F	0.0	2.63375884493258
RBP1	94.0	108.30383339900706
RBP2	48.0	61.2552779135292
RBP3	828.0	925.7514355177009
RBP4	114.0	126.63125776077614
RBP5	64.0	77.89456764793474
RBP7	54.0	62.22800453894675
RBPJ	198.0	211.0087090388274
RBPJL	303.0	342.62177314807917
RBPMS	96.0	94.34290123746176
RBPMS2	127.0	119.61780166824063
RBSN	322.0	440.68292568969133
RBX1	48.0	52.804039339385795
RC3H1	462.0	485.3887301293373
RC3H2	517.0	519.7917494796912
RCAN1	136.0	150.78770694473357
RCAN2	109.0	117.6477446299997
RCAN3	114.0	109.69422336614487
RCBTB1	222.0	240.0957295237866
RCBTB2	220.0	251.97384577514458
RCC1	213.0	224.86105203062468
RCC1L	281.0	245.5772840675783
RCC2	325.0	337.58240746638967
RCCD1	263.0	253.48590363619803
RCE1	261.0	212.34512614409834
RCHY1	79.0	101.84645529233103
RCL1	228.0	250.41235755256747
RCN1	125.0	161.38467286904176
RCN2	140.0	139.833540051989
RCN3	187.0	184.90362508158827
RCOR1	279.0	258.26546766890783
RCOR2	286.0	327.3022281769422
RCOR3	215.0	261.084963272843
RCSD1	220.0	225.61276638515523
RCVRN	105.0	137.86818814390605
RD3	116.0	127.76088574329896
RD3L	87.0	81.59644609051165
RDH10	189.0	159.61454648162297
RDH11	154.0	154.24016672179604
RDH12	198.0	164.66892987714283
RDH13	229.0	218.83110789290623
RDH14	215.0	208.27326874828012
RDH16	154.0	167.6095298531896
RDH5	170.0	198.14155206190688
RDH8	175.0	178.80691461961774
RDM1	124.0	124.1168240039976
RDX	229.0	221.07302589346023
REC114	134.0	115.96082764087899
REC8	268.0	325.1969448458005
RECK	414.0	426.2216052702629
RECQL	248.0	253.055008390762
RECQL4	996.0	981.368387971588
RECQL5	552.0	602.8486222527526
REELD1	131.0	102.62438490683597
REEP1	116.0	148.89420540967816
REEP2	128.0	161.84288158949056
REEP3	104.0	89.24244153972326
REEP4	157.0	175.16996638985995
REEP5	103.0	115.1163387184666
REEP6	121.0	154.37761175604237
REG1A	90.0	70.82620257316863
REG1B	82.0	75.35106425665175
REG3A	93.0	86.99656458396046
REG3G	89.0	81.17681951508291
REG4	71.0	68.20402894410658
REL	239.0	244.09011767067162
RELA	315.0	308.836412267971
RELB	409.0	353.90816379879044
RELCH	478.0	528.3348473852157
RELL1	146.0	148.73990935874158
RELL2	156.0	177.67691718384347
RELN	1524.0	1731.5301883183186
RELT	241.0	282.5448457840029
REM1	159.0	173.5487255277981
REM2	187.0	209.13691037660604
REN	196.0	233.4805201824207
RENBP	170.0	163.31774048087914
REP15	100.0	98.82217783560247
REPIN1	410.0	486.3235621478046
REPS1	324.0	353.05534423769603
REPS2	238.0	206.60407604440346
RER1	110.0	130.96858909659
RERE	1007.0	1155.1403245092192
RERG	81.0	92.04828974023498
RERGL	76.0	83.31458006841504
RESF1	762.0	700.7621706033135
RESP18	117.0	119.12891122677357
REST	504.0	455.22364769455453
RET	597.0	749.2420037341064
RETN	62.0	70.89498216957294
RETNLB	57.0	54.5688009425799
RETREG1	217.0	243.26618071703786
RETREG2	339.0	342.5187195141222
RETREG3	240.0	237.03197387528013
RETSAT	277.0	331.070899779789
REV1	524.0	486.73381457842805
REV3L	1238.0	1243.418500933979
REX1BD	146.0	107.00707681200993
REXO1	908.0	1278.8370631410442
REXO2	105.0	104.44831233242846
REXO4	184.0	239.83839482392275
REXO5	311.0	334.303884452869
RFC1	429.0	464.960262389053
RFC2	177.0	166.2419714193628
RFC3	149.0	143.67450384436773
RFC4	164.0	158.43923832105835
RFC5	155.0	164.24868070628852
RFESD	59.0	78.46395868184217
RFFL	154.0	161.8072475322429
RFK	59.0	60.43096704512892
RFLNA	143.0	190.22049535236408
RFLNB	102.0	136.00437473502328
RFNG	276.0	300.1246119759267
RFPL1	145.0	147.1597244825883
RFPL2	189.0	180.5517080502586
RFPL3	145.0	156.29335497304558
RFPL4A	43.0	102.1623554670673
RFPL4AL1	25.0	88.95798944632006
RFPL4B	118.0	131.00668662305586
RFT1	262.0	266.60486788871475
RFTN1	261.0	395.13614056571004
RFTN2	203.0	213.7361998323774
RFWD3	433.0	356.4317065462628
RFX1	628.0	672.8814104778583
RFX2	397.0	501.6742149586503
RFX3	383.0	433.0944308906688
RFX4	321.0	354.27495111540446
RFX5	231.0	316.34983098225825
RFX6	383.0	405.9587649161158
RFX7	624.0	644.2662056504624
RFX8	192.0	202.17698762827246
RFXANK	154.0	163.8705705611926
RFXAP	161.0	162.69348520780028
RGCC	81.0	72.75926260851223
RGL1	329.0	360.4681814806683
RGL2	369.0	486.2617002002591
RGL3	408.0	381.2960033823703
RGL4	255.0	268.71140302358054
RGMA	308.0	393.7723521261644
RGMB	225.0	247.17500673781905
RGN	85.0	89.35734262749129
RGP1	212.0	221.09858615493778
RGPD1	25.0	182.28866485967905
RGPD2	22.0	184.26831484736766
RGPD3	319.0	493.96586191965207
RGPD4	301.0	474.8262234774127
RGPD5	0.0	5.5054222032123
RGPD6	0.0	1.9357080821218187
RGPD8	65.0	335.37710570954783
RGR	180.0	158.14272908286796
RGS1	81.0	84.7420849391174
RGS10	77.0	97.75186344088677
RGS11	298.0	343.6603175450417
RGS12	827.0	1117.0368100767298
RGS13	60.0	56.00694439881801
RGS14	296.0	402.3468544465112
RGS16	88.0	113.77710608490112
RGS17	71.0	78.37298806281302
RGS18	89.0	78.1229687859449
RGS19	130.0	200.05904115607015
RGS2	97.0	84.45568510515639
RGS20	208.0	209.66376389773663
RGS21	56.0	55.550944619255674
RGS22	458.0	464.8378973779547
RGS3	598.0	701.7020929530476
RGS4	94.0	87.59139952024732
RGS5	57.0	74.83289489728301
RGS6	206.0	212.3365134069382
RGS7	208.0	222.80523811688326
RGS7BP	115.0	128.68037714787266
RGS8	80.0	88.6291242642742
RGS9	353.0	356.5591171159559
RGS9BP	200.0	204.18754284525315
RGSL1	424.0	446.72726925338003
RHAG	182.0	177.93359470525473
RHBDD1	151.0	148.00164654017786
RHBDD2	225.0	216.86451124575498
RHBDD3	249.0	217.59231182493534
RHBDF1	512.0	649.955282311891
RHBDF2	442.0	598.7578483630924
RHBDL1	268.0	351.21257854934777
RHBDL2	123.0	124.04232465295618
RHBDL3	208.0	244.5738548506441
RHBG	237.0	273.93596198337417
RHCE	156.0	232.33858831342826
RHCG	250.0	286.485195390522
RHD	131.0	316.03168245516247
RHEB	69.0	69.21721183391627
RHEBL1	85.0	83.07068227193174
RHEX	87.0	81.98405555918472
RHNO1	95.0	113.35323437673978
RHO	211.0	226.52967539848484
RHOA	98.0	91.54122641108002
RHOB	168.0	187.220757565231
RHOBTB1	319.0	342.5528111380114
RHOBTB2	390.0	499.1118349564796
RHOBTB3	273.0	282.6828041009467
RHOC	106.0	106.48926723578131
RHOD	124.0	113.47019109779538
RHOF	135.0	158.86491067972636
RHOG	129.0	141.4996585817149
RHOH	117.0	121.07189867025384
RHOJ	102.0	102.49094451103944
RHOQ	97.0	116.14731461102029
RHOT1	227.0	241.4894540597289
RHOT2	512.0	574.5195776687394
RHOU	161.0	182.06348834357433
RHOV	136.0	147.03051021662026
RHOXF1	72.0	65.87129140511823
RHOXF2	15.0	50.96953024945715
RHOXF2B	10.0	63.06343946583113
RHPN1	444.0	546.6271051424902
RHPN2	285.0	338.97376797761416
RIBC1	89.0	113.27184187004738
RIBC2	171.0	189.43031246467334
RIC1	790.0	788.7254822100684
RIC3	184.0	175.59404101844973
RIC8A	288.0	377.44866193459427
RIC8B	216.0	252.780172674993
RICTOR	717.0	688.9005422025589
RIDA	48.0	55.50055169974995
RIF1	1087.0	925.3003483796255
RIIAD1	50.0	40.62147872258937
RILP	272.0	282.68332396822314
RILPL1	205.0	237.2113983697287
RILPL2	123.0	133.93661376815544
RIMBP2	766.0	1199.1734924470577
RIMBP3	10.0	664.8990622645856
RIMBP3B	0.0	102.69834212708581
RIMKLA	176.0	215.95512153522753
RIMKLB	172.0	195.68026163765475
RIMS1	793.0	737.0013723414354
RIMS2	606.0	571.9572883275747
RIMS3	161.0	184.52020124808539
RIMS4	130.0	170.59371827060596
RIN1	486.0	536.3308713778373
RIN2	467.0	502.0777132521826
RIN3	576.0	673.4752095865242
RING1	214.0	259.8881864336893
RINL	286.0	358.6910022621288
RINT1	303.0	312.09359782059613
RIOK1	224.0	228.87396095254343
RIOK2	197.0	206.95749192731537
RIOK3	193.0	203.9105348908883
RIOX1	387.0	437.1354604827404
RIOX2	226.0	213.86016956286872
RIPK1	287.0	352.41576266629426
RIPK2	225.0	198.27032718761208
RIPK3	246.0	300.1248685485107
RIPK4	498.0	809.9083511344082
RIPOR1	605.0	781.0822300531855
RIPOR2	445.0	511.8181918677892
RIPOR3	575.0	640.8850601413368
RIPPLY1	54.0	45.16376073587135
RIPPLY2	69.0	61.73468814638064
RIPPLY3	102.0	109.32842862910329
RIT1	81.0	88.28468861150591
RIT2	107.0	89.06659992967846
RITA1	145.0	176.55343177354152
RLBP1	155.0	204.25288897679278
RLF	782.0	816.2293513105709
RLIM	169.0	166.44882912396918
RLN1	105.0	121.16083165943772
RLN2	103.0	115.84722247716506
RLN3	56.0	82.40698410056798
RMC1	320.0	310.9252959666363
RMDN1	148.0	118.21993032991685
RMDN2	180.0	152.12131942152095
RMDN3	247.0	232.00353533822798
RMI1	250.0	239.68718338810942
RMI2	105.0	115.97582875312472
RMND1	183.0	180.98976798025637
RMND5A	156.0	149.63213945953484
RMND5B	220.0	238.891361834469
RNASE1	64.0	90.46216471829902
RNASE10	97.0	101.27063492247454
RNASE11	105.0	93.23731625628434
RNASE12	55.0	63.528885379432566
RNASE13	67.0	79.31122812558638
RNASE2	67.0	73.04749492305383
RNASE3	66.0	79.38825102433441
RNASE4	93.0	82.54266493620815
RNASE6	64.0	67.77165812899277
RNASE7	80.0	87.158249767479
RNASE8	68.0	80.67382554808552
RNASE9	95.0	95.97923379170985
RNASEH1	162.0	153.7636388875466
RNASEH2A	147.0	166.950435303966
RNASEH2B	119.0	121.60203821899938
RNASEH2C	106.0	112.7339278038139
RNASEK	46.0	63.31872179139855
RNASEK-C17orf49	115.0	134.87602120266007
RNASEL	335.0	347.12158647734645
RNASET2	123.0	139.7416455132542
RND1	108.0	117.35556060739741
RND2	97.0	117.30994644646103
RND3	113.0	112.91860049363166
RNF10	364.0	375.3474582981392
RNF103	297.0	287.8917321342903
RNF103-CHMP3	91.0	92.4621243616781
RNF11	68.0	80.74930604806221
RNF111	440.0	450.3392547717997
RNF112	345.0	421.1476642174185
RNF113A	80.0	118.54366015953585
RNF113B	194.0	217.86611794667482
RNF114	115.0	111.74297467914548
RNF115	124.0	116.74620359544727
RNF121	139.0	136.16321349619054
RNF122	65.0	74.92215753477319
RNF123	666.0	815.8573567913577
RNF125	95.0	104.12514593457
RNF126	239.0	295.8050672050266
RNF128	149.0	142.4835014483492
RNF13	144.0	141.25516137364096
RNF130	214.0	239.53858902124722
RNF133	153.0	159.9611061437867
RNF135	238.0	207.90706924101306
RNF138	105.0	86.18156696180795
RNF139	325.0	317.0463770704368
RNF14	194.0	206.24866983576354
RNF141	97.0	99.37928887318807
RNF144A	149.0	168.76640213199877
RNF144B	145.0	179.24634942383003
RNF145	262.0	281.6879347607825
RNF146	150.0	166.2127470059555
RNF148	150.0	148.60190897095856
RNF149	209.0	230.01316648782262
RNF150	255.0	256.189679549452
RNF151	172.0	167.38796139071547
RNF152	113.0	139.86059712884244
RNF157	334.0	391.13417854602955
RNF165	186.0	184.076800762155
RNF166	171.0	199.23339864536229
RNF167	200.0	204.28644702756847
RNF168	264.0	288.5377007358903
RNF169	396.0	354.11273410708714
RNF17	606.0	624.7542696525644
RNF170	91.0	98.57064491624753
RNF175	155.0	140.50190244346672
RNF180	262.0	234.2702862463659
RNF181	62.0	75.56639566999641
RNF182	128.0	142.6234355521383
RNF183	102.0	125.9590739034888
RNF185	79.0	83.99406139898497
RNF186	152.0	194.43984866902883
RNF187	164.0	171.9987893236608
RNF19A	335.0	421.24274770390093
RNF19B	372.0	408.8625629617061
RNF2	133.0	133.93951563206295
RNF20	400.0	437.4852066885826
RNF207	348.0	382.5914959958892
RNF208	211.0	258.56128957440063
RNF212	140.0	163.82366987429518
RNF212B	99.0	116.52712336777809
RNF213	2655.0	3301.869301973493
RNF214	314.0	320.2615892142376
RNF215	218.0	219.3987619448895
RNF216	495.0	544.2975956188187
RNF217	313.0	357.17984691127333
RNF220	270.0	350.8185191408925
RNF222	141.0	150.77847490586507
RNF223	168.0	273.6318179418847
RNF224	116.0	150.6113142572081
RNF225	295.0	363.9001742608542
RNF227	91.0	70.73607702529276
RNF24	45.0	62.464319263177245
RNF25	207.0	250.1775393724412
RNF26	262.0	311.58934384253433
RNF31	582.0	637.817177325765
RNF32	154.0	190.55683805720975
RNF34	155.0	189.86521817093052
RNF38	220.0	219.71440180160843
RNF39	219.0	213.44964473123161
RNF4	83.0	92.13556881388061
RNF40	538.0	595.0555506193109
RNF41	164.0	155.8966547196607
RNF43	347.0	417.6222939611113
RNF44	293.0	346.58133216678937
RNF5	64.0	89.64321585085511
RNF6	255.0	313.6762176538802
RNF7	59.0	60.45257611387476
RNF8	162.0	200.73483274225407
RNFT1	141.0	163.87856265211525
RNFT2	260.0	226.56423001592879
RNGTT	222.0	219.08600311841275
RNH1	319.0	422.3490124527312
RNLS	147.0	154.69602084375927
RNMT	184.0	179.3329820512306
RNPC3	239.0	193.85382279807976
RNPEP	335.0	367.9033464330407
RNPEPL1	525.0	648.5861886632479
RNPS1	147.0	158.20927931301497
RO60	213.0	219.2350893735371
ROBO1	816.0	710.0936974797569
ROBO2	664.0	611.1376163114711
ROBO3	780.0	890.3200164988426
ROBO4	504.0	641.8806622988392
ROCK1	443.0	495.02527865104406
ROCK2	504.0	533.2346127343868
ROGDI	243.0	231.29711042925956
ROM1	200.0	231.88194084881508
ROMO1	43.0	45.551330226186806
ROPN1	76.0	98.5348880964493
ROPN1B	67.0	98.63455247199488
ROPN1L	116.0	131.2517697956833
ROR1	386.0	458.4648804180271
ROR2	586.0	824.1853859835593
RORA	261.0	285.79746952444975
RORB	215.0	201.008213623673
RORC	277.0	283.8881852736397
ROS1	1008.0	941.2431291482947
RP1	876.0	895.8521056777247
RP1L1	1813.0	2080.1839396851137
RP2	75.0	94.45584532899193
RP9	94.0	103.71446653246238
RPA1	279.0	318.23286685922193
RPA2	109.0	117.64379592753909
RPA3	59.0	59.52118405148148
RPA4	88.0	89.1636795076013
RPAIN	101.0	98.95174777530728
RPAP1	704.0	744.4448414319959
RPAP2	225.0	227.13744588156936
RPAP3	255.0	235.82693573839873
RPE	93.0	104.98088416893509
RPE65	220.0	225.35003462232766
RPEL1	91.0	99.76412131191577
RPF1	140.0	143.85675997767612
RPF2	121.0	113.79972709488885
RPGR	197.0	207.35165646892256
RPGRIP1	554.0	556.9586571531036
RPGRIP1L	510.0	492.6158739471972
RPH3A	310.0	342.58142957107214
RPH3AL	189.0	246.38411062948867
RPIA	167.0	159.52401451709463
RPL10	59.0	62.870535769679904
RPL10A	98.0	123.03970695740958
RPL10L	120.0	136.68073568232376
RPL11	96.0	74.36628710791538
RPL12	74.0	74.31244354438151
RPL13	143.0	134.63840755819976
RPL13A	108.0	118.88741212281707
RPL14	75.0	95.28264258130751
RPL15	97.0	124.40176162268091
RPL17	76.0	68.01646815981552
RPL17-C18orf32	108.0	93.2303328161312
RPL18	129.0	128.78917919932638
RPL18A	122.0	109.97377315228712
RPL19	89.0	87.25239259425383
RPL21	52.0	48.663346105764084
RPL22	43.0	57.21018069249295
RPL22L1	48.0	47.39866741464647
RPL23	63.0	65.92199309322024
RPL23A	65.0	75.42887838645758
RPL24	67.0	59.78643059153275
RPL26	55.0	59.78818406626337
RPL26L1	51.0	66.13512366862531
RPL27	77.0	59.45842055177619
RPL27A	69.0	73.56444452434066
RPL28	91.0	89.94404898402769
RPL29	73.0	75.65664699174557
RPL3	224.0	217.77362842919422
RPL30	40.0	49.79876666291915
RPL31	51.0	55.42007142286193
RPL32	61.0	60.84647087930765
RPL34	47.0	42.02497737532744
RPL35	93.0	86.95466536821947
RPL35A	58.0	48.80642799931076
RPL36	74.0	77.8569947231009
RPL36A	25.0	28.900701378729988
RPL36A-HNRNPH2	26.0	31.77748022711948
RPL36AL	44.0	41.65130553801208
RPL37	53.0	45.67181995007972
RPL37A	50.0	46.95230519042913
RPL38	42.0	34.723488370370575
RPL39	8.0	7.450637761609874
RPL39L	16.0	21.86212112109878
RPL3L	292.0	350.34815943773043
RPL4	208.0	178.3303546103569
RPL41	9.0	5.743583599571551
RPL5	109.0	115.07514794960247
RPL6	126.0	126.63869845091862
RPL7	100.0	95.7418846461059
RPL7A	158.0	153.63779541062266
RPL7L1	107.0	99.18097369039822
RPL8	182.0	193.6935156877104
RPL9	82.0	81.80747978103412
RPLP0	137.0	160.859454281294
RPLP1	54.0	49.2516077072162
RPLP2	82.0	66.6209484527674
RPN1	317.0	309.5797190318623
RPN2	308.0	299.925545635973
RPP14	60.0	67.60735582384696
RPP21	93.0	89.17765460211758
RPP25	144.0	149.7156186634452
RPP25L	96.0	91.26300353463421
RPP30	126.0	106.34695649817981
RPP38	151.0	143.55288087345343
RPP40	173.0	175.11296191513097
RPRD1A	138.0	133.25767266786562
RPRD1B	158.0	159.03321169728744
RPRD2	714.0	712.4013687406633
RPRM	70.0	100.51764599747072
RPRML	79.0	104.97801971584808
RPS10	70.0	78.529122089885
RPS10-NUDT3	123.0	138.2646912018316
RPS11	107.0	84.97018035329982
RPS12	67.0	52.12414037156005
RPS13	69.0	67.69925874376548
RPS14	68.0	77.02598314563794
RPS15	103.0	93.85746483368666
RPS15A	55.0	57.73779818031676
RPS16	95.0	78.93556761083059
RPS17	75.0	66.31888673526858
RPS18	64.0	67.98924917619871
RPS19	87.0	82.73989473818256
RPS19BP1	90.0	91.87383160782616
RPS2	181.0	194.10695646719654
RPS20	62.0	46.671023728681206
RPS21	61.0	54.40416892373236
RPS23	66.0	61.021645985553505
RPS24	72.0	50.84773009644391
RPS25	63.0	56.6422282990628
RPS26	59.0	53.29087876325007
RPS27	42.0	28.057120389913223
RPS27A	77.0	77.5697961638438
RPS27AP5	50.0	66.18496527929874
RPS27L	26.0	26.01086964052493
RPS28	41.0	38.66111095159604
RPS29	37.0	29.050703420136525
RPS3	114.0	111.65157950745176
RPS3A	97.0	95.14450855565353
RPS4X	76.0	76.8283955486669
RPS4Y1	23.0	19.05650477110129
RPS4Y2	19.0	19.16891215751896
RPS5	112.0	126.07901299651613
RPS6	152.0	137.0163170904203
RPS6KA1	359.0	430.795538991424
RPS6KA2	414.0	466.3394284580586
RPS6KA3	182.0	169.00633780245406
RPS6KA4	495.0	512.6790335621499
RPS6KA5	334.0	355.8323980324251
RPS6KA6	190.0	155.31296770079908
RPS6KB1	175.0	198.4453176600664
RPS6KB2	293.0	300.16288673174995
RPS6KC1	439.0	452.8422858076977
RPS6KL1	287.0	351.6786035629563
RPS7	80.0	107.0131396355286
RPS8	100.0	104.9462058935862
RPS9	106.0	143.38144445442947
RPSA	103.0	118.80922380185352
RPSAP58	91.0	105.8420542876903
RPTN	293.0	307.03896692566167
RPTOR	732.0	973.5719691539962
RPUSD1	298.0	300.4588214730239
RPUSD2	305.0	292.8180070690302
RPUSD3	202.0	205.8564251940951
RPUSD4	210.0	222.20748382693648
RRAD	180.0	198.80795088874783
RRAGA	184.0	187.66962159698693
RRAGB	101.0	86.30275837755288
RRAGC	190.0	189.5212567164816
RRAGD	155.0	168.17758835710336
RRAS	133.0	154.4623677069458
RRAS2	86.0	78.22202560024806
RRBP1	680.0	819.0347409781189
RREB1	1298.0	1268.685548410171
RRH	124.0	136.6921507671712
RRM1	298.0	330.33106996428563
RRM2	177.0	195.41181506470556
RRM2B	124.0	131.15206704750977
RRN3	284.0	264.7938192705827
RRP1	262.0	305.08800902296645
RRP12	726.0	707.9750490703395
RRP15	107.0	118.26949896673656
RRP1B	351.0	416.9767114721655
RRP36	124.0	128.65319109191307
RRP7A	124.0	167.054578318217
RRP8	274.0	259.679098906316
RRP9	254.0	278.8992337710178
RRS1	198.0	260.6703035569487
RS1	70.0	78.86179211671212
RSAD1	260.0	257.5538531846283
RSAD2	163.0	176.59760113698493
RSBN1	407.0	364.1560019756108
RSBN1L	433.0	401.0311826368778
RSC1A1	250.0	279.31601711865943
RSF1	577.0	570.1602185385008
RSKR	181.0	189.21534778031702
RSL1D1	271.0	266.71298357943874
RSL24D1	61.0	56.82132455907174
RSPH1	134.0	177.57931076409298
RSPH10B	31.0	201.27011495445774
RSPH10B2	40.0	250.78474644273555
RSPH14	177.0	195.51408053776007
RSPH3	173.0	178.38908805193782
RSPH4A	282.0	308.9463576290754
RSPH6A	419.0	490.51528695582624
RSPH9	145.0	165.1779349482532
RSPO1	133.0	159.30653642982617
RSPO2	107.0	101.61901209564263
RSPO3	108.0	115.03959023208834
RSPO4	141.0	128.33307873687068
RSPRY1	226.0	239.42537438670257
RSRC1	143.0	123.15510994277884
RSRC2	202.0	175.13300526001947
RSRP1	167.0	186.16142570309293
RSU1	164.0	149.6075468881877
RTBDN	141.0	133.86504960979227
RTCA	164.0	156.87442945676665
RTCB	247.0	215.37511757181605
RTEL1	958.0	1042.6010769493257
RTEL1-TNFRSF6B	496.0	603.895654266016
RTF1	305.0	308.25954287204553
RTF2	126.0	145.9819197085259
RTKN	295.0	327.5984776150447
RTKN2	236.0	214.04679284309498
RTL1	728.0	990.6612978366784
RTL10	199.0	217.07517425983227
RTL3	181.0	136.18314490868818
RTL4	98.0	90.99591835890782
RTL5	188.0	195.61261366042194
RTL6	160.0	220.66854963206902
RTL8A	47.0	45.7554795552129
RTL8B	31.0	43.10803662877218
RTL8C	37.0	45.297598802363694
RTL9	407.0	415.37489945136605
RTN1	471.0	470.02381166359766
RTN2	312.0	348.8117993069555
RTN3	464.0	424.0523731703072
RTN4	629.0	713.9254470019382
RTN4IP1	167.0	162.06679859414604
RTN4R	290.0	547.4194308484155
RTN4RL1	297.0	510.7427039806003
RTN4RL2	285.0	313.3882403305144
RTP1	148.0	165.1612578251807
RTP2	126.0	128.6440502353401
RTP3	106.0	104.79697388327489
RTP4	112.0	125.88871149216668
RTP5	354.0	451.0308522162346
RTRAF	96.0	89.51759595905628
RTTN	1006.0	1006.5556392843201
RUBCN	480.0	574.7916915441651
RUBCNL	291.0	283.1087052914955
RUFY1	396.0	392.3728768752752
RUFY2	255.0	211.50980030458402
RUFY3	242.0	241.60035123682164
RUFY4	287.0	275.1279846231818
RUNDC1	347.0	321.90449924588165
RUNDC3A	232.0	256.5140572773395
RUNDC3B	193.0	191.30679487236253
RUNX1	271.0	293.7482681221781
RUNX1T1	291.0	289.9245104679805
RUNX2	276.0	331.0404421403094
RUNX3	270.0	361.0666037896578
RUSC1	512.0	577.2118014018237
RUSC2	784.0	908.5317293227216
RUSF1	274.0	256.87977205376103
RUVBL1	217.0	222.36555307187135
RUVBL2	278.0	317.26959555803893
RWDD1	78.0	87.38717481627336
RWDD2A	103.0	122.9927016658674
RWDD2B	126.0	126.95419208746699
RWDD3	113.0	110.38523365263252
RWDD4	45.0	78.9394547562175
RXFP1	277.0	299.8604099431251
RXFP2	329.0	297.8747011919457
RXFP3	351.0	418.873180371756
RXFP4	182.0	256.4599539434789
RXRA	291.0	388.0247296925936
RXRB	236.0	289.655660948795
RXRG	224.0	216.83659153309446
RXYLT1	166.0	184.45535919966926
RYBP	114.0	100.88312837332208
RYK	267.0	260.318462901097
RYR1	2791.0	3049.6761229026115
RYR2	2223.0	2271.9351408984267
RYR3	2416.0	2314.3454189935164
S100A1	49.0	52.42292375931061
S100A10	41.0	36.07365947700342
S100A11	47.0	45.85825578162131
S100A12	50.0	42.633549212346544
S100A13	39.0	47.65927450335695
S100A14	51.0	57.164063548787
S100A16	51.0	60.17295478483666
S100A2	44.0	46.16469074594423
S100A3	43.0	57.00369343151155
S100A4	44.0	51.60837962909267
S100A5	49.0	49.33990759212628
S100A6	48.0	49.858793836684455
S100A7	55.0	46.28789906505014
S100A7A	52.0	47.542091472747046
S100A7L2	50.0	45.36345727912278
S100A8	41.0	49.113818004304804
S100A9	67.0	59.5577541327565
S100B	36.0	45.481118537441
S100G	24.0	20.281969904375245
S100P	48.0	58.08616759484079
S100PBP	178.0	184.91647941935452
S100Z	34.0	40.099685643161976
S1PR1	222.0	224.34001217044514
S1PR2	224.0	386.9134342013217
S1PR3	232.0	263.2976621406351
S1PR4	296.0	660.1363565054166
S1PR5	307.0	375.96025614509824
SAA1	47.0	57.756355810572714
SAA2	49.0	56.63966386305289
SAA2-SAA4	83.0	89.92943904813222
SAA4	60.0	60.195040075868384
SAAL1	191.0	188.66455765823846
SAC3D1	241.0	240.45375650643032
SACM1L	213.0	224.94267988390385
SACS	1985.0	1995.9268681212839
SAE1	155.0	152.63942291156818
SAFB	449.0	482.5359717497145
SAFB2	500.0	524.3042236930264
SAG	189.0	211.85454420971018
SAGE1	240.0	249.94899031606835
SALL1	688.0	796.9651259708539
SALL2	516.0	623.4616597001121
SALL3	1152.0	1264.2272499439546
SALL4	580.0	674.6306180269578
SAMD1	356.0	267.4449246481687
SAMD10	118.0	158.181699800733
SAMD11	658.0	678.9278164799852
SAMD12	86.0	94.27414339473998
SAMD13	46.0	45.75413780550126
SAMD14	241.0	249.18380367896236
SAMD15	255.0	301.62539529082454
SAMD3	220.0	209.73844716620673
SAMD4A	389.0	393.94120782716726
SAMD4B	373.0	388.5887072020883
SAMD5	129.0	124.03405720777212
SAMD7	188.0	193.9576812037438
SAMD8	162.0	165.048243693588
SAMD9	635.0	628.7614695262002
SAMD9L	640.0	624.7239146159307
SAMHD1	260.0	266.27806561193535
SAMM50	191.0	230.7683038197804
SAMSN1	178.0	153.3128026100155
SANBR	279.0	257.5794920057639
SAP130	477.0	548.3394732394288
SAP18	112.0	94.55096365699598
SAP25	180.0	249.99462753317317
SAP30	108.0	124.68068162094684
SAP30BP	169.0	162.7251264506065
SAP30L	91.0	109.82302484966651
SAPCD1	77.0	87.57476815816644
SAPCD2	275.0	319.168026139854
SAR1A	70.0	78.40007029938727
SAR1B	65.0	78.14912929836312
SARAF	175.0	172.69358617441523
SARDH	572.0	646.1003211197726
SARM1	417.0	431.099936852612
SARNP	84.0	75.01762112005345
SARS1	231.0	235.4882609657704
SARS2	306.0	309.2886897013519
SART1	472.0	517.5167695687381
SART3	442.0	494.3770938770963
SASH1	639.0	741.6000500606983
SASH3	138.0	140.48679949235768
SASS6	264.0	228.9032046389762
SAT1	67.0	48.97018691018002
SAT2	77.0	94.2782603324374
SATB1	357.0	409.8994908442512
SATB2	397.0	381.421153808616
SATL1	176.0	179.11095494822882
SAV1	155.0	153.0311816778813
SAXO1	274.0	243.83649651919134
SAXO2	163.0	182.31965315751702
SAYSD1	105.0	115.02682532038223
SBDS	95.0	106.56815705410246
SBF1	1410.0	1672.7823011621738
SBF2	763.0	812.4855387413476
SBK1	308.0	297.21234154069714
SBK2	284.0	270.74183758066476
SBK3	217.0	264.0169290529083
SBNO1	632.0	585.3765397019222
SBNO2	1147.0	1265.8943645985437
SBSN	276.0	313.4792678694981
SBSPON	136.0	134.0601861880209
SC5D	113.0	129.49903499221966
SCAF1	1043.0	1069.4940981587436
SCAF11	557.0	569.4444758705886
SCAF4	551.0	499.0344414032337
SCAF8	575.0	560.0777708950475
SCAI	261.0	251.27445787923156
SCAMP1	135.0	109.51761144497374
SCAMP2	156.0	169.31972694730993
SCAMP3	168.0	173.72864040351078
SCAMP4	152.0	178.97446795753214
SCAMP5	117.0	127.16950235381644
SCAND1	152.0	120.25422160405644
SCAP	740.0	888.9221464682885
SCAPER	605.0	543.4006570688831
SCARA3	356.0	393.08551407933976
SCARA5	333.0	303.2076339341148
SCARB1	249.0	327.522755099978
SCARB2	195.0	213.1824922693938
SCARF1	495.0	612.8413458874388
SCARF2	605.0	615.5612828053623
SCART1	487.0	534.5521319416368
SCCPDH	187.0	193.17895690028394
SCD	150.0	175.90378843212613
SCD5	173.0	201.18773777595538
SCEL	270.0	227.27510100159523
SCFD1	264.0	219.9984616945286
SCFD2	321.0	365.98286661341433
SCG2	288.0	284.54484590622064
SCG3	176.0	176.51995329388276
SCG5	101.0	93.81104799397319
SCGB1A1	44.0	40.22299226500106
SCGB1C1	6.0	26.282089442980258
SCGB1C2	18.0	30.203143789704935
SCGB1D1	46.0	43.70569323306783
SCGB1D2	42.0	43.27552059276731
SCGB1D4	34.0	38.243048988648866
SCGB2A1	37.0	38.07651091351077
SCGB2A2	42.0	42.79917817047118
SCGB2B2	50.0	54.523702415039644
SCGB3A1	67.0	97.6555832092343
SCGB3A2	44.0	45.61131313415087
SCGN	106.0	118.53139288945475
SCHIP1	76.0	97.5875313151724
SCIMP	53.0	67.12940152899635
SCIN	367.0	413.204434694948
SCLT1	257.0	217.8478006829991
SCLY	243.0	280.5375194665497
SCMH1	292.0	325.2972944374908
SCML1	104.0	96.95443081940094
SCML2	181.0	190.42056032858426
SCML4	214.0	235.14298943053464
SCN10A	985.0	976.4955297331373
SCN11A	758.0	782.8133609677285
SCN1A	781.0	836.1454128554719
SCN1B	119.0	129.32770274419732
SCN2A	804.0	830.4907450876037
SCN2B	115.0	138.11572533395957
SCN3A	788.0	825.6542288065605
SCN3B	109.0	124.31367937675635
SCN4A	944.0	1200.1745199518869
SCN4B	127.0	149.20154141032307
SCN5A	1006.0	1249.231527426168
SCN7A	693.0	590.3966219130327
SCN8A	852.0	910.1874523788315
SCN9A	809.0	774.1783336182633
SCNM1	99.0	105.41987281431733
SCNN1A	357.0	453.13406203135094
SCNN1B	349.0	416.03660748348165
SCNN1D	628.0	905.4828107808542
SCNN1G	330.0	340.08885072086423
SCO1	161.0	158.05919165031906
SCO2	195.0	199.7934802886008
SCOC	19.0	26.45283507803426
SCP2	220.0	208.4662799802325
SCP2D1	68.0	72.2941348377026
SCPEP1	204.0	204.24744025073153
SCRG1	46.0	41.942181992044844
SCRIB	1298.0	1466.1895963537213
SCRN1	183.0	200.21221409196366
SCRN2	240.0	256.1662402279642
SCRN3	147.0	153.45937211749882
SCRT1	238.0	340.3874493563835
SCRT2	256.0	268.5289911700473
SCT	96.0	84.64968666191612
SCTR	202.0	204.28533885927678
SCUBE1	545.0	659.7573158219351
SCUBE2	459.0	550.9612368876377
SCUBE3	418.0	545.1600637682596
SCX	193.0	147.17144048330763
SCYGR1	25.0	7.767647436992773
SCYGR10	22.0	7.6872025777847215
SCYGR2	31.0	11.044835475870409
SCYGR3	27.0	8.192236193019488
SCYGR4	35.0	11.37626733611639
SCYGR5	31.0	7.248138600242855
SCYGR6	37.0	10.223554502787264
SCYGR7	36.0	9.647809148249618
SCYGR8	32.0	8.986297186581966
SCYL1	459.0	472.1508838602669
SCYL2	330.0	338.3333120066891
SCYL3	277.0	294.6289383331671
SDAD1	267.0	261.5658611986898
SDC1	204.0	208.68807562130968
SDC2	94.0	92.2682547013073
SDC3	295.0	318.55769684272116
SDC4	107.0	104.55038182952369
SDCBP	103.0	106.41273086843974
SDCBP2	166.0	187.19034335436612
SDCCAG8	281.0	312.6541855548229
SDE2	205.0	214.2470300407096
SDF2	100.0	103.91216575919502
SDF2L1	161.0	149.95732546054936
SDF4	236.0	347.17242967041295
SDHA	326.0	396.1000083627998
SDHAF1	81.0	61.26492800255454
SDHAF2	84.0	69.13080188740614
SDHAF3	72.0	64.75972147805062
SDHAF4	63.0	39.000235783358264
SDHB	118.0	125.10289043201143
SDHC	80.0	76.5150810863612
SDHD	56.0	75.59887438418616
SDK1	1647.0	1691.742663818284
SDK2	1249.0	1349.466139172945
SDR16C5	139.0	129.52441890080553
SDR39U1	147.0	179.29801294043475
SDR42E1	231.0	264.1078425375636
SDR42E2	146.0	108.54972319337344
SDR9C7	167.0	164.00078803024687
SDS	176.0	206.1793090441676
SDSL	196.0	194.4043221522779
SEBOX	98.0	95.00605525142996
SEC11A	83.0	76.76917286444582
SEC11C	83.0	82.91310926043829
SEC13	148.0	189.75357862376313
SEC14L1	391.0	415.42045547751616
SEC14L2	179.0	180.4903715329783
SEC14L3	173.0	200.28308012267289
SEC14L4	206.0	206.58806723355173
SEC14L5	546.0	508.8218304247914
SEC14L6	171.0	189.75691155609925
SEC16A	1393.0	1547.1625968738037
SEC16B	493.0	477.84008708342935
SEC22A	119.0	125.73190522509014
SEC22B	60.0	64.39946884854477
SEC22C	117.0	132.52592778136622
SEC23A	281.0	278.03269970712626
SEC23B	338.0	332.35830890755557
SEC23IP	398.0	439.22655200731856
SEC24A	460.0	439.6798101602843
SEC24B	574.0	539.9775355220888
SEC24C	506.0	527.43857801231
SEC24D	405.0	425.809170779588
SEC31A	475.0	483.1024276626176
SEC31B	508.0	565.7435288934751
SEC61A1	247.0	248.51113206290427
SEC61A2	202.0	281.15729242408514
SEC61B	54.0	44.45558075217058
SEC61G	24.0	21.617638671732806
SEC62	136.0	151.33630761780185
SEC63	273.0	278.71471057695686
SECISBP2	407.0	381.6804729865809
SECISBP2L	451.0	420.8144347479747
SECTM1	137.0	210.51791926330552
SEH1L	169.0	186.98692873082143
SEL1L	373.0	347.5341714369964
SEL1L2	262.0	270.9337255978198
SEL1L3	504.0	532.6155397367042
SELE	285.0	266.08011473518496
SELENBP1	270.0	271.5789497913921
SELENOF	78.0	68.76250353555665
SELENOH	96.0	81.78459147952091
SELENOI	155.0	163.95714699536123
SELENOK	45.0	30.115912382569462
SELENOM	102.0	95.71113646870238
SELENON	326.0	368.6477054083497
SELENOO	543.0	600.617584751111
SELENOP	144.0	147.97823304545054
SELENOS	119.0	94.92076191998845
SELENOT	81.0	81.60911842840463
SELENOV	227.0	296.4437942606748
SELENOW	44.0	48.011464902260904
SELL	161.0	134.98031525695595
SELP	397.0	386.03421178640843
SELPLG	230.0	251.0361360534697
SEM1	30.0	27.784245134809808
SEMA3A	321.0	304.0782436855393
SEMA3B	470.0	483.3564328766154
SEMA3C	310.0	300.4885095212806
SEMA3D	312.0	291.986062496579
SEMA3E	363.0	323.81439085573436
SEMA3F	380.0	498.55700519157085
SEMA3G	416.0	550.3611292750077
SEMA4A	369.0	421.29961457147846
SEMA4B	525.0	550.8631053731124
SEMA4C	428.0	634.6392893311065
SEMA4D	445.0	533.8317450206605
SEMA4F	418.0	433.6079002790496
SEMA4G	409.0	499.8483355506531
SEMA5A	580.0	603.9766391989385
SEMA5B	690.0	686.2579855544976
SEMA6A	612.0	561.3989182426492
SEMA6B	632.0	731.1878991371351
SEMA6C	578.0	619.2633763194674
SEMA6D	499.0	490.6299668868399
SEMA7A	364.0	465.07035587018464
SEMG1	221.0	190.87533980698367
SEMG2	252.0	228.11921238281536
SENP1	256.0	242.51174509169903
SENP2	222.0	245.9212244272535
SENP3	292.0	315.198709405475
SENP3-EIF4A1	263.0	285.0401740480944
SENP5	311.0	330.5390282730823
SENP6	395.0	395.668377395561
SENP7	382.0	378.544499465638
SENP8	94.0	93.39791683501183
SEPHS1	190.0	199.97537124379483
SEPHS2	239.0	231.67420104578073
SEPSECS	216.0	221.09073378948068
SEPTIN1	204.0	214.59051818510804
SEPTIN10	161.0	155.26247927786005
SEPTIN11	174.0	182.89915578042732
SEPTIN12	254.0	235.53149893552154
SEPTIN14	138.0	141.76354062044555
SEPTIN2	175.0	165.5833424054198
SEPTIN3	257.0	240.32230435741442
SEPTIN4	417.0	509.62568337827554
SEPTIN5	208.0	309.6827237935711
SEPTIN6	131.0	142.63141836998417
SEPTIN7	131.0	135.24016657261998
SEPTIN8	228.0	287.7101179571685
SEPTIN9	332.0	451.13953511379583
SERAC1	242.0	271.9620510894756
SERBP1	168.0	194.01564073175075
SERF1B	0.0	13.317590701231012
SERF2	26.0	28.04487731545818
SERGEF	205.0	224.63066180695847
SERHL2	95.0	111.05120853799156
SERINC1	198.0	175.1110249075396
SERINC2	272.0	292.84615711368184
SERINC3	226.0	202.88621485646706
SERINC4	264.0	239.83946877037425
SERINC5	222.0	202.9026313006321
SERP1	36.0	35.952050532918804
SERP2	37.0	28.291009377242133
SERPINA1	218.0	227.01761258909545
SERPINA10	207.0	237.46719145576952
SERPINA11	253.0	224.2961291479724
SERPINA12	220.0	214.84711845193902
SERPINA2	68.0	37.29017538778291
SERPINA3	252.0	237.51144260549592
SERPINA4	242.0	248.43022325865957
SERPINA5	234.0	241.6182505845543
SERPINA6	196.0	226.3862662238317
SERPINA7	140.0	116.62520247751544
SERPINA9	233.0	223.68757574417432
SERPINB1	178.0	203.0338700601476
SERPINB10	190.0	157.8964709798163
SERPINB11	174.0	165.26813310140983
SERPINB12	180.0	189.67153416706373
SERPINB13	191.0	180.52520767695017
SERPINB2	209.0	176.2453098186795
SERPINB3	200.0	169.51815134065964
SERPINB4	191.0	166.0171566721689
SERPINB5	154.0	160.73765218216434
SERPINB6	174.0	214.63079352387717
SERPINB7	163.0	165.05351168242092
SERPINB8	186.0	188.5167629312544
SERPINB9	189.0	233.79967447827332
SERPINC1	210.0	224.67295900568217
SERPIND1	236.0	250.44106152855193
SERPINE1	196.0	223.93781951827543
SERPINE2	192.0	212.85375744111437
SERPINE3	200.0	186.50431303651425
SERPINF1	281.0	261.87730526141434
SERPINF2	283.0	389.6678023954772
SERPING1	225.0	229.80481266099846
SERPINH1	251.0	276.37416879499517
SERPINI1	138.0	160.69433388712596
SERPINI2	135.0	146.09155839705323
SERTAD1	139.0	141.14123357810385
SERTAD2	180.0	225.91367780304373
SERTAD3	101.0	95.326583725952
SERTAD4	150.0	170.22558705117382
SERTM1	52.0	61.65195846766722
SERTM2	9.0	7.3837777960818824
SESN1	197.0	218.21511068507417
SESN2	264.0	284.76195267627816
SESN3	181.0	196.66493299707855
SESTD1	283.0	277.878085868498
SET	114.0	119.89254832656695
SETBP1	818.0	845.9244724036623
SETD1A	1147.0	1225.4803275196148
SETD1B	1370.0	1669.5730977394194
SETD2	1006.0	1086.273239803118
SETD3	286.0	291.96851423309704
SETD4	190.0	217.03987961228057
SETD5	716.0	689.8421669619798
SETD6	307.0	261.4224387423075
SETD7	163.0	174.26271412030135
SETD9	128.0	139.5896543123542
SETDB1	548.0	572.3969135446815
SETDB2	272.0	262.43636006501737
SETMAR	332.0	343.34991365321963
SETSIP	101.0	115.96625712771639
SETX	1210.0	1195.3179782458355
SEZ6	488.0	531.0007152644667
SEZ6L	541.0	610.9490276401588
SEZ6L2	543.0	582.344864624777
SF1	394.0	359.00569807492985
SF3A1	406.0	380.98123412486035
SF3A2	365.0	361.23975737975707
SF3A3	195.0	199.04889777030814
SF3B1	498.0	531.1810471940604
SF3B2	406.0	434.6938576499641
SF3B3	596.0	578.7318238046677
SF3B4	216.0	202.60207480274374
SF3B5	51.0	69.38937522458315
SF3B6	49.0	53.24013662563967
SFI1	630.0	612.2248481562098
SFMBT1	348.0	373.44044061524625
SFMBT2	425.0	506.2646911658165
SFN	130.0	177.0951896067471
SFPQ	506.0	436.92397427539794
SFR1	77.0	97.16523474108607
SFRP1	178.0	211.6118796589196
SFRP2	173.0	207.72215645943044
SFRP4	182.0	217.66332254734962
SFRP5	171.0	231.50182902797638
SFSWAP	504.0	608.9440493717774
SFT2D1	82.0	76.27779875073446
SFT2D2	72.0	72.82126935524437
SFT2D3	239.0	239.51696615076338
SFTA2	40.0	41.38077459191308
SFTA3	106.0	101.94448048811002
SFTPA1	101.0	118.3274594497644
SFTPA2	116.0	117.26966063688873
SFTPB	211.0	221.46661558132075
SFTPC	123.0	131.48679768083866
SFTPD	155.0	183.5946363055557
SFXN1	136.0	160.69013373104258
SFXN2	150.0	163.78820678925868
SFXN3	157.0	181.83098989187198
SFXN4	130.0	149.08709329666107
SFXN5	203.0	207.30582031526376
SGCA	209.0	231.39053415135035
SGCB	147.0	141.3212422034143
SGCD	133.0	127.53215690148457
SGCE	183.0	192.1756780972428
SGCG	145.0	132.38586104748606
SGCZ	206.0	172.47573324528724
SGF29	151.0	185.97540150885627
SGIP1	365.0	376.1784042379004
SGK1	265.0	259.413377140695
SGK2	157.0	181.82854004624858
SGK3	181.0	173.59281187208234
SGMS1	203.0	192.21856098661553
SGMS2	167.0	161.73213980613443
SGO1	191.0	207.6870000471193
SGO2	457.0	489.8181984194732
SGPL1	236.0	234.2365898354546
SGPP1	239.0	229.37220278444755
SGPP2	233.0	257.7926109892905
SGSH	321.0	437.91785222281743
SGSM1	563.0	575.1233084910791
SGSM2	614.0	753.8704363790441
SGSM3	483.0	539.4140116438442
SGTA	174.0	223.51286029017714
SGTB	116.0	114.37117148142876
SH2B1	443.0	533.4137140356424
SH2B2	409.0	356.30404180144615
SH2B3	396.0	436.3792194205075
SH2D1A	42.0	35.1994258733748
SH2D1B	55.0	55.96936350826143
SH2D2A	212.0	206.31669276138834
SH2D3A	377.0	364.4727810268195
SH2D3C	450.0	509.350224627938
SH2D4A	268.0	266.67317182892054
SH2D4B	224.0	225.00094345196842
SH2D5	230.0	299.39878126777324
SH2D6	93.0	124.53983433420683
SH2D7	195.0	233.08555195559958
SH3BGR	55.0	71.78873304713164
SH3BGRL	36.0	29.209419544424026
SH3BGRL2	50.0	43.25666205519508
SH3BGRL3	55.0	71.05089792589274
SH3BP1	404.0	385.2476514593153
SH3BP2	346.0	417.0615312725388
SH3BP4	552.0	780.7781165491461
SH3BP5	255.0	249.35956127456592
SH3BP5L	229.0	270.6036942486535
SH3D19	391.0	497.0607115752516
SH3D21	383.0	491.0348837649932
SH3GL1	282.0	302.44982725774867
SH3GL2	196.0	156.56946656654645
SH3GL3	155.0	148.79963099331928
SH3GLB1	132.0	141.6003673926512
SH3GLB2	227.0	241.23880110546
SH3KBP1	227.0	223.16015605394207
SH3PXD2A	610.0	860.5003620525758
SH3PXD2B	457.0	589.6771222949226
SH3RF1	396.0	466.5061281688862
SH3RF2	391.0	435.40103010817893
SH3RF3	583.0	575.5847951971401
SH3TC1	898.0	1331.3723556773841
SH3TC2	634.0	696.7657545467594
SH3YL1	152.0	162.41444651878845
SHANK1	1436.0	1724.2698505136038
SHANK2	1027.0	1203.7144185147472
SHANK3	1286.0	1372.7051752435627
SHARPIN	274.0	280.4781220294599
SHB	397.0	353.736604809098
SHBG	217.0	232.0172494547387
SHC1	309.0	342.1194745891478
SHC2	375.0	511.5688252662428
SHC3	294.0	332.4846697818966
SHC4	318.0	292.43891904460264
SHCBP1	290.0	311.3772964595094
SHCBP1L	284.0	278.0921665137812
SHD	208.0	218.84838545352738
SHE	310.0	279.6503677986516
SHF	264.0	303.5166136014232
SHFL	148.0	189.92656428008206
SHH	351.0	495.89220492649446
SHISA2	201.0	192.49078373874295
SHISA3	145.0	143.63948647829085
SHISA4	106.0	118.7935549722587
SHISA5	137.0	158.73137873037462
SHISA6	388.0	478.54093607012055
SHISA7	386.0	488.1311152374649
SHISA8	300.0	387.12795792255577
SHISA9	275.0	304.83583029941303
SHISAL1	119.0	142.8929802553076
SHISAL2A	94.0	108.61179683009598
SHISAL2B	72.0	75.65263876695052
SHKBP1	371.0	431.949111720743
SHLD1	92.0	105.36621946973867
SHLD2	285.0	335.4480066342044
SHLD3	103.0	93.79262010586086
SHMT1	232.0	259.5325581412866
SHMT2	254.0	299.9259249217184
SHOC1	489.0	560.5854588898007
SHOC2	218.0	246.52859175008678
SHOX	214.0	179.06117590915193
SHOX2	244.0	238.76203465646947
SHPK	290.0	329.2398398321221
SHPRH	729.0	702.7175040552418
SHQ1	243.0	250.10450484934603
SHROOM1	490.0	580.0432334969827
SHROOM2	655.0	657.5784436508311
SHROOM3	1062.0	1184.4412103342002
SHROOM4	400.0	453.3723041180264
SHTN1	224.0	242.63684968453458
SI	819.0	699.632235784239
SIAE	233.0	267.88644525787913
SIAH1	118.0	122.2670776518023
SIAH2	171.0	220.96538639720552
SIAH3	154.0	172.6864586070532
SIDT1	395.0	380.6708464934191
SIDT2	470.0	511.7176350676531
SIGIRR	298.0	352.01953993801374
SIGLEC1	945.0	1190.38834267097
SIGLEC10	379.0	465.1897119733451
SIGLEC11	278.0	398.3844391930082
SIGLEC12	357.0	377.2542149462513
SIGLEC14	99.0	237.48413718450783
SIGLEC15	207.0	176.07542474477407
SIGLEC16	141.0	235.4767385376954
SIGLEC5	203.0	289.21730775415216
SIGLEC5	203.0	289.21730775415216
SIGLEC6	217.0	271.3354790873875
SIGLEC7	242.0	294.42932553975953
SIGLEC8	262.0	309.6542252668925
SIGLEC9	236.0	300.528141697724
SIGLECL1	89.0	99.13137483740356
SIGMAR1	125.0	135.69807158563358
SIK1	3.0	15.994041045864188
SIK1B	19.0	57.364012011077214
SIK2	412.0	482.1714260640872
SIK3	686.0	744.8418770524528
SIKE1	86.0	96.34089556346606
SIL1	253.0	275.6001443549836
SIM1	417.0	406.81227443519083
SIM2	408.0	450.7681842868156
SIMC1	353.0	415.0116234880611
SIN3A	572.0	574.5087958592975
SIN3B	654.0	852.2998441534559
SINHCAF	70.0	78.96706175354089
SIPA1	681.0	693.9217093535069
SIPA1L1	829.0	863.1222866325269
SIPA1L2	877.0	999.6990356135568
SIPA1L3	1070.0	1193.381827991119
SIRPA	265.0	356.4256854322769
SIRPB1	211.0	225.91750014777057
SIRPB2	150.0	183.31295311832332
SIRPD	106.0	101.39576080253916
SIRPG	215.0	208.26553659935885
SIRT1	378.0	361.34222725080355
SIRT2	161.0	206.875176316893
SIRT3	237.0	245.21355748008733
SIRT4	155.0	170.97989315298818
SIRT5	146.0	172.28063133508022
SIRT6	221.0	252.42204413147604
SIRT7	297.0	334.8033424711171
SIT1	114.0	118.43989877903986
SIVA1	130.0	134.08681255696013
SIX1	177.0	258.76423213066863
SIX2	195.0	246.56262878498026
SIX3	243.0	279.5232127346207
SIX4	413.0	532.1697917843012
SIX5	626.0	619.5834220770764
SIX6	128.0	242.67178724101444
SKA1	88.0	91.11530066890076
SKA2	47.0	41.42213590286583
SKA3	192.0	168.64003941393102
SKAP1	127.0	140.2602832520667
SKAP2	137.0	134.2259759448598
SKI	673.0	729.2473993708148
SKIDA1	579.0	659.5969753409104
SKIL	310.0	281.75281318654413
SKIV2L	529.0	733.1965786095684
SKOR1	642.0	872.7047839369717
SKOR2	717.0	785.0208845462446
SKP1	59.0	56.1015491201743
SKP2	176.0	211.54042533440204
SLA	143.0	148.8883376775641
SLA2	131.0	134.6060818422555
SLAIN1	348.0	383.5850811872824
SLAIN2	317.0	299.0252126280547
SLAMF1	168.0	161.7802320158087
SLAMF6	152.0	150.23071716564482
SLAMF7	171.0	159.45097436361883
SLAMF8	139.0	171.04234983405982
SLAMF9	129.0	131.67948140108263
SLBP	129.0	128.9129285439579
SLC10A1	188.0	165.41720487588816
SLC10A2	205.0	185.51449111480687
SLC10A3	202.0	193.96638475420258
SLC10A4	257.0	265.32469143989476
SLC10A5	181.0	176.38644235579486
SLC10A6	166.0	166.97003519364972
SLC10A7	152.0	143.77543997727858
SLC11A1	305.0	335.43898495842626
SLC11A2	242.0	241.82650622883386
SLC12A1	499.0	426.4050147890234
SLC12A2	619.0	579.1492029404913
SLC12A3	536.0	568.7080946862285
SLC12A4	599.0	730.6723749975183
SLC12A5	589.0	624.5074267180072
SLC12A6	513.0	474.7621635352522
SLC12A7	760.0	1042.151017235142
SLC12A8	365.0	394.33905836448076
SLC12A9	577.0	655.2412568588481
SLC13A1	275.0	253.63271391131948
SLC13A2	341.0	381.2976187882136
SLC13A3	317.0	339.6136158034539
SLC13A4	312.0	338.1243942893882
SLC13A5	307.0	372.61480341430223
SLC14A1	164.0	172.50282298083482
SLC14A2	476.0	470.70352695161307
SLC15A1	322.0	340.59985866717284
SLC15A2	306.0	296.8427114336293
SLC15A3	339.0	343.0416097029172
SLC15A4	370.0	377.3264205989188
SLC15A5	264.0	331.9562821466422
SLC16A1	231.0	220.6122983817045
SLC16A10	213.0	269.22536419084577
SLC16A11	332.0	363.433496868801
SLC16A12	224.0	231.05630199799162
SLC16A13	228.0	306.0658385088504
SLC16A14	248.0	275.77188673335843
SLC16A2	202.0	188.1818204773025
SLC16A3	390.0	543.0798006354806
SLC16A4	189.0	192.69535379970193
SLC16A5	248.0	343.1955269855417
SLC16A6	219.0	259.53767251583116
SLC16A7	201.0	199.4947837801353
SLC16A8	393.0	356.95914908835795
SLC16A9	230.0	216.6090627676122
SLC17A1	179.0	202.8206085477894
SLC17A2	226.0	218.2496944268265
SLC17A3	192.0	214.4938586320461
SLC17A4	225.0	227.88697084861232
SLC17A5	202.0	202.22958032376872
SLC17A6	285.0	279.4258286315849
SLC17A7	353.0	401.54125140572694
SLC17A8	228.0	250.07058785377765
SLC17A9	256.0	341.78004376221276
SLC18A1	320.0	268.0231835048074
SLC18A2	228.0	290.37074410919087
SLC18A3	415.0	469.14229694892515
SLC18B1	217.0	195.2533753710119
SLC19A1	460.0	546.9697257731711
SLC19A2	239.0	239.59247566531994
SLC19A3	212.0	253.4451626641799
SLC1A1	307.0	331.4211691132297
SLC1A2	279.0	282.53202255552435
SLC1A3	239.0	269.0418424495289
SLC1A4	299.0	333.92565094206304
SLC1A5	351.0	338.3885660571021
SLC1A6	317.0	342.787833245263
SLC1A7	323.0	391.55765662037714
SLC20A1	305.0	300.85204261482926
SLC20A2	351.0	379.20983854155634
SLC22A1	329.0	353.1225440298238
SLC22A10	275.0	225.2817029449941
SLC22A11	304.0	358.965105791478
SLC22A12	337.0	379.4444714446747
SLC22A13	282.0	335.5517191714822
SLC22A14	312.0	353.7528782682628
SLC22A15	264.0	260.4722027662439
SLC22A16	291.0	272.1372529054305
SLC22A17	390.0	428.03024918174424
SLC22A18	285.0	421.9780796312915
SLC22A18AS	153.0	188.7843389363471
SLC22A2	303.0	286.69833070983816
SLC22A23	430.0	568.3356890548447
SLC22A24	302.0	220.5966636775488
SLC22A25	283.0	231.77714739223754
SLC22A3	325.0	306.46289099658946
SLC22A31	300.0	327.4739485355702
SLC22A4	241.0	308.1664816395112
SLC22A5	278.0	314.27251795435694
SLC22A6	291.0	314.41514180619384
SLC22A7	276.0	343.63957711149595
SLC22A8	268.0	292.05610994892623
SLC22A9	261.0	233.22707177911118
SLC23A1	271.0	341.2913141306565
SLC23A2	343.0	366.6537987883243
SLC23A3	281.0	332.2591782090047
SLC24A1	455.0	506.1345211511247
SLC24A2	358.0	385.4499895215657
SLC24A3	372.0	363.4345267579408
SLC24A4	323.0	366.4158399065284
SLC24A5	230.0	210.55309626225446
SLC25A1	211.0	229.15941773777928
SLC25A10	181.0	243.78145011846667
SLC25A11	163.0	225.77210841101368
SLC25A12	267.0	289.33223620163676
SLC25A13	259.0	286.8945284617835
SLC25A14	74.0	86.41993929373908
SLC25A15	132.0	142.5845719025799
SLC25A16	146.0	127.81204882047041
SLC25A17	139.0	140.76363296008046
SLC25A18	173.0	161.90766898093963
SLC25A19	169.0	184.2530972272167
SLC25A2	158.0	177.47798102150517
SLC25A20	103.0	136.00137529925223
SLC25A21	131.0	117.35217520419064
SLC25A22	245.0	331.5736067699552
SLC25A23	275.0	294.0387942712839
SLC25A24	202.0	199.6704855026946
SLC25A25	306.0	340.66160363707286
SLC25A26	129.0	109.08630872715702
SLC25A27	144.0	137.3307626662093
SLC25A28	208.0	222.630073700134
SLC25A29	244.0	229.26314264673192
SLC25A3	161.0	176.01755985329672
SLC25A30	124.0	125.4037156166747
SLC25A31	143.0	154.4220732592196
SLC25A32	166.0	156.83051468645058
SLC25A33	136.0	163.54229888177417
SLC25A34	182.0	213.26027035113108
SLC25A35	142.0	174.34275245220132
SLC25A36	141.0	115.68761418977728
SLC25A37	222.0	231.3160403635186
SLC25A38	123.0	157.57327632419322
SLC25A39	218.0	206.05965973369007
SLC25A4	125.0	170.56245267919508
SLC25A40	126.0	112.32004403290834
SLC25A41	190.0	243.0949749134424
SLC25A42	205.0	202.31008033158292
SLC25A43	106.0	109.16073327110607
SLC25A44	140.0	155.32575071244483
SLC25A45	136.0	184.6680737128042
SLC25A46	202.0	200.80231607307456
SLC25A47	204.0	261.1282369656928
SLC25A48	164.0	197.31226048586075
SLC25A5	60.0	91.97583275214856
SLC25A51	105.0	136.69551199737026
SLC25A52	108.0	132.0092570977565
SLC25A53	95.0	101.30288664135462
SLC25A6	223.0	202.0170874435272
SLC26A1	505.0	757.899163298306
SLC26A11	411.0	435.6912679561412
SLC26A2	291.0	319.68708512915714
SLC26A3	349.0	346.9404292242978
SLC26A4	393.0	339.44419305454153
SLC26A5	325.0	326.2298132909642
SLC26A6	414.0	482.19128895667654
SLC26A7	271.0	263.12623340854077
SLC26A8	415.0	447.2260386501758
SLC26A9	437.0	448.3500675442724
SLC27A1	435.0	443.3432722233241
SLC27A2	297.0	314.66578556797907
SLC27A3	455.0	472.6114751165041
SLC27A4	377.0	435.4038687195718
SLC27A5	391.0	446.90903962057587
SLC27A6	287.0	257.8811016452823
SLC28A1	359.0	362.39468316797075
SLC28A2	296.0	286.0325992325695
SLC28A3	267.0	305.62676046913907
SLC29A1	228.0	269.9953116430458
SLC29A2	233.0	274.2314791239431
SLC29A3	258.0	285.66513883600953
SLC29A4	491.0	515.010024046957
SLC2A1	253.0	333.7914952153749
SLC2A10	332.0	371.8391683905669
SLC2A11	261.0	301.68298720374366
SLC2A12	295.0	301.8619343545339
SLC2A13	338.0	314.75744302843134
SLC2A14	190.0	241.7633247167023
SLC2A2	223.0	227.322488334568
SLC2A3	213.0	248.60491109527533
SLC2A4	276.0	361.41030437867187
SLC2A4RG	306.0	384.95432804670094
SLC2A5	269.0	330.2913266035456
SLC2A6	346.0	390.9576468496872
SLC2A7	308.0	348.6114240482639
SLC2A8	299.0	338.6280977622641
SLC2A9	324.0	296.3486744421708
SLC30A1	254.0	341.012722746465
SLC30A10	272.0	296.1488223641544
SLC30A2	195.0	223.23362800747532
SLC30A3	217.0	256.28773822545446
SLC30A4	181.0	202.08628239182084
SLC30A5	299.0	303.4325954584755
SLC30A6	224.0	182.92030631350457
SLC30A7	147.0	160.47180114109128
SLC30A8	164.0	177.07672546301905
SLC30A9	234.0	217.73192284085016
SLC31A1	76.0	78.51055646680437
SLC31A2	56.0	72.51777710878304
SLC32A1	317.0	460.5413484428263
SLC33A1	265.0	241.20347993654406
SLC34A1	368.0	451.59133901470636
SLC34A2	401.0	424.56295722623963
SLC34A3	451.0	588.6130446139639
SLC35A1	146.0	142.3045843031702
SLC35A2	161.0	158.2913975384847
SLC35A3	135.0	112.29964348340658
SLC35A4	189.0	239.47064165253985
SLC35A5	180.0	167.6811346949804
SLC35B1	162.0	154.23146332711076
SLC35B2	277.0	260.9473789405046
SLC35B3	146.0	170.38298344696474
SLC35B4	145.0	160.25505230742672
SLC35C1	226.0	238.56379867842486
SLC35C2	225.0	247.61984604905172
SLC35D1	195.0	169.78779550550226
SLC35D2	150.0	142.4513672863945
SLC35D3	313.0	314.1420463046037
SLC35E1	257.0	281.90938601103636
SLC35E2B	132.0	247.9994700912918
SLC35E3	146.0	158.86218048331966
SLC35E4	219.0	229.83868173289042
SLC35F1	190.0	197.23549966830416
SLC35F2	173.0	183.96367404347595
SLC35F3	275.0	334.8278121621507
SLC35F4	238.0	223.58680289728338
SLC35F5	211.0	183.92631870632437
SLC35F6	174.0	228.3447178418145
SLC35G1	185.0	175.4249755787459
SLC35G2	148.0	159.57157941589426
SLC35G3	208.0	218.62280944123978
SLC35G4	177.0	180.6414693139256
SLC35G5	236.0	300.1251353066304
SLC35G6	156.0	259.3297189926824
SLC36A1	255.0	276.8657257118872
SLC36A2	237.0	252.33504427406513
SLC36A3	211.0	234.10812426509608
SLC36A4	207.0	189.91380402330233
SLC37A1	268.0	345.8159801880744
SLC37A2	257.0	312.24341927624596
SLC37A3	214.0	241.2575367230933
SLC37A4	215.0	227.9039503507703
SLC38A1	196.0	209.77027064552422
SLC38A10	665.0	880.8708558094687
SLC38A11	203.0	182.33902780743637
SLC38A2	217.0	214.72579233216052
SLC38A3	238.0	303.6200901053774
SLC38A4	230.0	226.56287273121205
SLC38A5	157.0	152.35194464315813
SLC38A6	183.0	166.24273693849318
SLC38A7	244.0	232.7831021816503
SLC38A8	447.0	355.1563833651166
SLC38A9	204.0	210.96804666071063
SLC39A1	183.0	211.09514744678086
SLC39A10	321.0	351.30850324735854
SLC39A11	166.0	188.1444050282728
SLC39A12	351.0	308.02330406722194
SLC39A13	212.0	255.92201092116386
SLC39A14	264.0	281.5427320140176
SLC39A2	152.0	166.93281073700115
SLC39A3	250.0	349.68511882261805
SLC39A4	540.0	564.5356630869977
SLC39A5	311.0	340.92173908803136
SLC39A6	318.0	315.5225419486451
SLC39A7	181.0	265.72907126070317
SLC39A8	223.0	202.6428365971351
SLC39A9	119.0	147.46887680835215
SLC3A1	392.0	405.1612944262765
SLC3A2	277.0	299.35452738629925
SLC40A1	247.0	265.21389761370824
SLC41A1	282.0	312.34384446098215
SLC41A2	190.0	225.79596646157543
SLC41A3	256.0	272.293774358036
SLC43A1	259.0	299.40290342389903
SLC43A2	322.0	442.93088499653925
SLC43A3	236.0	257.2624884395501
SLC44A1	263.0	273.3948922401603
SLC44A2	355.0	390.28370034473517
SLC44A3	310.0	298.5577620444422
SLC44A4	325.0	398.5296657945273
SLC44A5	281.0	282.74800736767696
SLC45A1	459.0	690.3142488088222
SLC45A2	306.0	294.7767320999856
SLC45A3	288.0	419.85759899929576
SLC45A4	535.0	859.0162006177958
SLC46A1	240.0	269.74822401464036
SLC46A2	254.0	353.4982089996503
SLC46A3	185.0	196.09838263605863
SLC47A1	285.0	313.7140473187642
SLC47A2	278.0	317.24430224511195
SLC48A1	89.0	96.54164656662246
SLC49A3	413.0	511.2264568034088
SLC49A4	248.0	238.85799224703925
SLC4A1	469.0	561.4238701421918
SLC4A10	474.0	432.0029484316958
SLC4A11	548.0	810.6249817988136
SLC4A1AP	366.0	390.5627738110857
SLC4A2	708.0	946.7630665412752
SLC4A3	693.0	903.2896091272374
SLC4A4	443.0	456.4209039811054
SLC4A5	550.0	607.1399205243614
SLC4A7	542.0	511.73980555736864
SLC4A8	456.0	449.7745424393449
SLC4A9	453.0	475.0616579434758
SLC50A1	96.0	119.97787036420524
SLC51A	181.0	212.05706375699228
SLC51B	61.0	52.25640059506732
SLC52A1	260.0	301.2954050327475
SLC52A2	335.0	376.0873205455001
SLC52A3	301.0	365.6897514590323
SLC5A1	300.0	329.3776046829371
SLC5A10	344.0	416.6780804092607
SLC5A11	319.0	354.58247987968247
SLC5A12	275.0	266.1603809199981
SLC5A2	455.0	475.10680819927154
SLC5A3	349.0	350.99843184224966
SLC5A4	268.0	307.88030907066263
SLC5A5	398.0	401.07388385382046
SLC5A6	343.0	393.7559592868934
SLC5A7	265.0	261.4732128075814
SLC5A8	307.0	287.25139669108364
SLC5A9	340.0	387.09631322271946
SLC66A1	164.0	217.8179781264156
SLC66A2	193.0	238.48389332187293
SLC66A3	108.0	112.1879710755053
SLC6A1	313.0	379.6765013880404
SLC6A11	330.0	389.8579893383011
SLC6A12	304.0	376.77558437884096
SLC6A13	303.0	364.0617658243998
SLC6A14	177.0	158.39981168471826
SLC6A15	347.0	285.80066935744094
SLC6A16	330.0	378.5368141501858
SLC6A17	372.0	439.60617546015425
SLC6A18	382.0	610.9660349966109
SLC6A19	392.0	742.6719424115365
SLC6A2	363.0	376.7654440807086
SLC6A20	347.0	391.91270377511785
SLC6A3	368.0	570.734977673386
SLC6A4	270.0	330.9961122440798
SLC6A5	427.0	443.2735933299574
SLC6A6	312.0	376.39344406083615
SLC6A7	338.0	383.46454505451266
SLC6A8	245.0	206.29363235628492
SLC6A9	310.0	417.8698703552114
SLC7A1	342.0	382.9980401007215
SLC7A10	318.0	360.331735222148
SLC7A11	230.0	220.59409333556786
SLC7A13	232.0	200.5533663467312
SLC7A14	399.0	432.6381804487355
SLC7A2	363.0	423.08968349394365
SLC7A3	193.0	197.16267210864518
SLC7A4	359.0	459.23030074148977
SLC7A5	393.0	533.699944126274
SLC7A6	276.0	279.8947960283055
SLC7A6OS	199.0	178.99038796411773
SLC7A7	234.0	260.0168989637069
SLC7A8	257.0	296.69827821644947
SLC7A9	264.0	283.3627338515217
SLC8A1	475.0	453.17426270999846
SLC8A2	575.0	661.2720542274562
SLC8A3	461.0	463.5148825304602
SLC8B1	336.0	360.5641247988902
SLC9A1	421.0	567.0762581999942
SLC9A2	396.0	406.08977860804373
SLC9A3	581.0	838.7828779585203
SLC9A3R1	221.0	253.7363280817478
SLC9A3R2	246.0	271.5290151522145
SLC9A4	393.0	368.54422985986815
SLC9A5	419.0	498.7252182858781
SLC9A6	191.0	187.66732352699304
SLC9A7	226.0	240.8030515154974
SLC9A8	274.0	306.9067152916362
SLC9A9	320.0	295.51878299270123
SLC9B1	145.0	167.0013669188078
SLC9B2	214.0	215.35134160054656
SLC9C1	440.0	401.56138561973523
SLC9C2	375.0	400.57965024702895
SLCO1A2	260.0	270.7934297025634
SLCO1B1	284.0	268.1836496074871
SLCO1B3	298.0	265.3074122374021
SLCO1B3-SLCO1B7	331.0	283.41499530551283
SLCO1C1	306.0	289.1297526793476
SLCO2A1	308.0	348.5995084302317
SLCO2B1	379.0	390.291670046109
SLCO3A1	473.0	513.3754140843847
SLCO4A1	471.0	630.1380589956673
SLCO4C1	297.0	301.7735089919406
SLCO5A1	438.0	467.8853566117414
SLCO6A1	314.0	285.5080596319359
SLF1	434.0	371.85869083079444
SLF2	480.0	479.99958206512406
SLFN11	389.0	403.4250483859536
SLFN12	257.0	230.65977674717732
SLFN12L	259.0	240.17458664355902
SLFN13	339.0	351.55170187732205
SLFN14	390.0	373.55223633100917
SLFN5	387.0	386.5113837949309
SLFNL1	255.0	306.9757795511286
SLIRP	55.0	47.48526624400719
SLIT1	761.0	967.4730764408287
SLIT2	693.0	730.6889363338746
SLIT3	831.0	902.5411434794834
SLITRK1	389.0	407.4528888808878
SLITRK2	294.0	277.8467366365093
SLITRK3	547.0	508.5635656623868
SLITRK4	237.0	255.428736686025
SLITRK5	637.0	633.5877643617621
SLITRK6	392.0	380.0874650261995
SLK	441.0	475.1541982597835
SLMAP	327.0	325.7125109995498
SLN	19.0	15.347606196020475
SLPI	68.0	58.17035486346704
SLTM	424.0	429.7707523372283
SLU7	197.0	218.76486610890024
SLURP1	59.0	72.41969471481677
SLURP2	58.0	76.9195915457889
SLX4	1061.0	1240.7915470792786
SLX4IP	172.0	184.7463191151275
SLX9	113.0	162.78653222671213
SMAD1	206.0	210.45129399902493
SMAD2	203.0	191.45775489011768
SMAD3	238.0	255.94790235807068
SMAD4	215.0	229.9710194413706
SMAD5	190.0	192.6385874638503
SMAD6	445.0	416.1395883993792
SMAD7	327.0	313.3465792157117
SMAD9	245.0	259.9953770588568
SMAGP	49.0	43.96345777850593
SMAP1	216.0	186.42842520883798
SMAP2	157.0	194.97055095620306
SMARCA1	271.0	256.86264457365303
SMARCA2	935.0	996.6456173260744
SMARCA4	942.0	1147.860771067234
SMARCA5	449.0	404.05814782068876
SMARCAD1	400.0	379.5490445766953
SMARCAL1	422.0	490.0639282841024
SMARCB1	201.0	203.53905816921596
SMARCC1	495.0	458.24468627838013
SMARCC2	590.0	587.1707833809601
SMARCD1	249.0	247.8701294615072
SMARCD2	249.0	300.31896853958915
SMARCD3	253.0	320.1868742810184
SMARCE1	151.0	158.55116402192326
SMC1A	345.0	357.0629507992498
SMC1B	445.0	484.4810622571668
SMC2	463.0	441.6372240033926
SMC3	464.0	448.35503228330805
SMC4	558.0	502.43738909305614
SMC5	421.0	383.90284117731954
SMC6	411.0	413.1164935054904
SMCHD1	766.0	758.4966087932895
SMCO1	90.0	103.00059668384222
SMCO2	117.0	117.83638764449701
SMCO3	96.0	105.77659192964798
SMCO4	36.0	39.51053186099273
SMCP	41.0	45.29878990060844
SMCR8	538.0	522.4516011536807
SMDT1	81.0	77.46037796884326
SMG1	1538.0	1507.9697416812155
SMG5	477.0	491.0934350209519
SMG6	779.0	839.9633969660363
SMG7	492.0	531.8815728245743
SMG8	404.0	447.8693360535091
SMG9	244.0	264.9339320610738
SMIM1	41.0	60.190032335995554
SMIM10	32.0	34.8564394689898
SMIM10L1	49.0	59.09591376284322
SMIM10L2A	29.0	19.29369677267533
SMIM10L2B	28.0	13.718186930747173
SMIM12	51.0	54.74212654701615
SMIM13	55.0	43.72926281224457
SMIM14	30.0	37.16187064110656
SMIM15	30.0	31.32793981741284
SMIM17	50.0	56.09149778635299
SMIM18	37.0	36.536140991244594
SMIM19	46.0	42.83777915909706
SMIM2	34.0	40.45319376582923
SMIM20	44.0	37.46783720822097
SMIM21	43.0	46.41949323520819
SMIM22	67.0	70.54115924518254
SMIM23	78.0	85.24704480806618
SMIM24	71.0	76.74492911480151
SMIM26	32.0	34.70065505899795
SMIM27	19.0	23.710594155825063
SMIM28	41.0	20.59999054965624
SMIM29	50.0	67.80150539735855
SMIM3	29.0	31.083461843294526
SMIM30	19.0	20.25883500467937
SMIM31	13.0	7.639208854361759
SMIM32	53.0	77.35246923862444
SMIM33	32.0	17.305516568265983
SMIM35	28.0	10.944087536017854
SMIM36	29.0	13.237171318873765
SMIM38	16.0	9.980124061589935
SMIM39	31.0	69.61726368914456
SMIM4	30.0	40.99556202471595
SMIM40	18.0	9.055665616419349
SMIM41	22.0	11.927310438493688
SMIM43	24.0	9.941335007142802
SMIM5	46.0	54.27168937883316
SMIM6	25.0	32.66891327703388
SMIM7	36.0	39.26282662927017
SMIM8	45.0	36.56543335667142
SMIM9	19.0	27.636918636293977
SMKR1	38.0	33.48853690447765
SMLR1	55.0	54.689662424588114
SMN1	4.0	5.364116286857978
SMN2	5.0	7.329895557316359
SMNDC1	80.0	90.11044047333519
SMO	434.0	485.9419859308274
SMOC1	193.0	221.31808933659414
SMOC2	247.0	274.8539897333626
SMOX	282.0	396.96676904275046
SMPD1	336.0	438.9468701929168
SMPD2	201.0	239.20128533009958
SMPD3	457.0	642.5652420732517
SMPD4	388.0	477.13854342253705
SMPDL3A	180.0	193.51307749978997
SMPDL3B	235.0	272.8445617075322
SMPX	32.0	25.385371059155823
SMR3A	48.0	58.27052708893627
SMR3B	42.0	33.818796915266745
SMS	103.0	100.62369229585273
SMTN	478.0	571.4589855832143
SMTNL1	234.0	227.31233013181142
SMTNL2	317.0	359.33527921548875
SMU1	188.0	208.41301478488433
SMUG1	133.0	145.31744264403244
SMURF1	396.0	385.23929041331843
SMURF2	288.0	313.1750845026892
SMYD1	269.0	235.8899471178403
SMYD2	208.0	234.6773704467049
SMYD3	211.0	213.83182655838357
SMYD4	407.0	426.55545262504853
SMYD5	198.0	204.34932713333941
SNAI1	163.0	164.83731463021203
SNAI2	134.0	126.91601328281409
SNAI3	202.0	255.0732543492562
SNAP23	60.0	75.52080442900562
SNAP25	61.0	94.11920308146628
SNAP29	119.0	124.57345749335664
SNAP47	194.0	262.05022028121004
SNAP91	404.0	332.0128915870512
SNAPC1	164.0	128.0200089769804
SNAPC2	272.0	263.90872941055335
SNAPC3	235.0	221.24875339567768
SNAPC4	1002.0	1123.3059225884765
SNAPC5	52.0	47.19897850159674
SNAPIN	83.0	73.20137474602451
SNCA	69.0	51.17860960051581
SNCAIP	417.0	440.3370752508387
SNCB	56.0	81.44573225149162
SNCG	66.0	77.95027074190384
SND1	401.0	486.6392131343129
SNED1	762.0	994.6421967372125
SNF8	127.0	120.5689735439573
SNIP1	174.0	214.1990804716711
SNN	67.0	83.91672331986936
SNORC	108.0	81.88371261877703
SNPH	281.0	430.4965818385415
SNRK	376.0	399.36021612401333
SNRNP200	939.0	1081.7902111245855
SNRNP25	63.0	68.59107852807342
SNRNP27	66.0	63.288614620156785
SNRNP35	106.0	132.27517297312704
SNRNP40	142.0	173.82667657219213
SNRNP48	138.0	146.3705560712359
SNRNP70	320.0	265.5265203576516
SNRPA	165.0	153.35893271293463
SNRPA1	111.0	112.6573642598845
SNRPB	122.0	117.12082799841282
SNRPB2	75.0	82.6548686802689
SNRPC	61.0	54.57767127974993
SNRPD1	42.0	43.88822691608958
SNRPD2	63.0	64.6711699405269
SNRPD3	66.0	59.14427572181589
SNRPE	35.0	36.65745809382791
SNRPF	27.0	24.09918296346741
SNRPG	29.0	22.41206973857327
SNRPN	124.0	110.64931896150527
SNTA1	300.0	307.5137478469939
SNTB1	299.0	355.438872438398
SNTB2	290.0	310.4433613952662
SNTG1	254.0	208.11950889266834
SNTG2	278.0	316.4891359682647
SNTN	69.0	60.35799440452766
SNU13	68.0	68.03168056402943
SNUPN	132.0	155.46430458707763
SNURF	29.0	32.52800849208116
SNW1	200.0	213.74487506171735
SNX1	254.0	287.9085050016468
SNX10	62.0	82.86860387842098
SNX11	112.0	110.50009428620483
SNX12	47.0	58.399622063503806
SNX13	414.0	341.91692971716225
SNX14	368.0	333.90890142038444
SNX15	189.0	182.2107798370727
SNX16	134.0	120.01611755056952
SNX17	259.0	280.84701138243605
SNX18	492.0	462.4674543441175
SNX19	520.0	530.5565090230173
SNX2	229.0	189.6861060075641
SNX20	206.0	187.89668351444794
SNX21	218.0	232.21356604996834
SNX22	99.0	131.07879662753493
SNX24	69.0	71.52189506817211
SNX25	421.0	521.8309375276807
SNX27	269.0	276.7970947886904
SNX29	580.0	548.3016552084594
SNX3	91.0	81.13370866071153
SNX30	189.0	212.92563984478028
SNX31	181.0	235.5432160140761
SNX32	262.0	251.44339947506148
SNX33	246.0	337.7293008817083
SNX4	206.0	167.27722091423496
SNX5	168.0	174.6397527769893
SNX6	170.0	154.25438023192655
SNX7	190.0	207.3879087104048
SNX8	324.0	343.16781555823843
SNX9	236.0	262.09500390503973
SOAT1	231.0	226.75278267747953
SOAT2	285.0	272.73438069089985
SOBP	584.0	604.8959033055481
SOCS1	194.0	200.47526316802185
SOCS2	104.0	106.8257281676851
SOCS3	143.0	181.61780183340576
SOCS4	180.0	181.35413529500184
SOCS5	283.0	236.65052726400478
SOCS6	271.0	287.73081855936255
SOCS7	390.0	393.76768594764883
SOD1	86.0	75.59181285099649
SOD2	105.0	113.15598981202834
SOD3	188.0	173.03518772488275
SOGA1	940.0	1028.8881160116464
SOGA3	586.0	663.3927141185017
SOHLH1	289.0	286.8077939016996
SOHLH2	185.0	191.69905480994365
SON	1190.0	1185.7754028148931
SORBS1	586.0	620.4792319609292
SORBS2	476.0	588.6819822313281
SORBS3	394.0	432.91977825424453
SORCS1	637.0	705.9082169692952
SORCS2	789.0	813.1949339413718
SORCS3	653.0	645.4657338317263
SORD	106.0	138.8505735212758
SORL1	1031.0	1166.327723381101
SORT1	396.0	378.4043094459719
SOS1	528.0	534.6518268870996
SOS2	539.0	491.4062450987908
SOST	150.0	131.3873594413874
SOSTDC1	94.0	103.50217879819212
SOWAHA	422.0	426.50576489075024
SOWAHB	496.0	494.33928735428276
SOWAHC	398.0	414.1057570176731
SOWAHD	142.0	102.93464978753522
SOX1	397.0	399.6340970562501
SOX10	285.0	337.6060082575165
SOX11	363.0	417.5551480827162
SOX12	235.0	310.5131680629318
SOX13	309.0	333.9743122134755
SOX14	164.0	193.42396703279326
SOX15	149.0	178.3905875378993
SOX17	357.0	340.2586597685678
SOX18	293.0	358.8622171770733
SOX2	211.0	262.9140945215291
SOX21	237.0	256.9385695834349
SOX3	244.0	183.58971552955956
SOX30	421.0	444.54391959134875
SOX4	465.0	477.46893319348635
SOX5	344.0	349.40212135228717
SOX6	360.0	396.14579596204413
SOX7	327.0	314.9290567684825
SOX8	416.0	518.1746858907121
SOX9	381.0	468.4462251768757
SP1	417.0	355.16575903641564
SP100	331.0	366.5266372761705
SP110	273.0	328.7485326762676
SP140	312.0	361.13065984818985
SP140L	242.0	248.3216235744461
SP2	313.0	347.14837346546136
SP3	402.0	330.6792044473594
SP4	395.0	408.4701816385806
SP5	330.0	334.4379289751779
SP6	238.0	284.44712936909326
SP7	219.0	265.2827740998637
SP8	415.0	477.95216526138637
SP9	360.0	424.55491833791706
SPA17	61.0	59.29089577957325
SPAAR	27.0	36.32235350528905
SPACA1	140.0	122.2596077152525
SPACA3	115.0	116.59594698742818
SPACA4	63.0	79.3566358841679
SPACA5B	4.0	10.311521791381166
SPACA6	101.0	51.21882006860666
SPACA7	84.0	92.55593910383752
SPACA9	111.0	139.4385548001593
SPAG1	336.0	398.94688085897457
SPAG11A	11.0	50.3545853913647
SPAG11B	12.0	31.278865545210472
SPAG16	294.0	266.77670952256835
SPAG17	825.0	826.0584784498919
SPAG4	246.0	243.1951130558465
SPAG5	477.0	530.8702155920873
SPAG6	233.0	240.53552360565143
SPAG7	127.0	125.00540610220246
SPAG8	227.0	262.5712948710775
SPAG9	534.0	566.000972564556
SPAM1	194.0	205.70920457476896
SPANXB1	22.0	23.69504728540315
SPANXC	13.0	18.404470417903724
SPANXD	30.0	24.787217662894186
SPANXN1	27.0	21.132636374855245
SPANXN2	43.0	51.91638149029697
SPANXN3	47.0	41.781434870240034
SPANXN4	45.0	34.48667825260072
SPANXN5	20.0	21.035366013088233
SPARC	155.0	162.8745382925025
SPARCL1	226.0	255.432107903469
SPART	284.0	282.73539151526177
SPAST	305.0	280.040415580333
SPATA1	147.0	121.30440519996297
SPATA12	85.0	90.7490902100731
SPATA13	606.0	802.2841926310198
SPATA16	203.0	227.12546049194137
SPATA17	146.0	148.81199064146372
SPATA18	242.0	259.638834196363
SPATA19	64.0	82.57151304908757
SPATA2	293.0	421.2450080809617
SPATA20	430.0	506.95847134034807
SPATA21	245.0	277.08291828163397
SPATA22	133.0	144.9975735035319
SPATA24	76.0	96.64843624876232
SPATA25	115.0	125.18662141969597
SPATA2L	358.0	351.9759773917313
SPATA3	134.0	93.91444213401739
SPATA31A1	195.0	453.62768350174895
SPATA31A3	50.0	365.22539274675063
SPATA31A5	0.0	17.759128164274067
SPATA31A6	314.0	468.6701675747897
SPATA31A7	18.0	210.30524811416004
SPATA31C2	515.0	558.9256880063859
SPATA31D1	903.0	735.420136986543
SPATA31D3	41.0	91.68704753697993
SPATA31D4	25.0	91.19902150188419
SPATA31E1	771.0	839.9121805343898
SPATA32	168.0	222.5137485682786
SPATA33	96.0	89.90755307539747
SPATA4	126.0	143.36084272671187
SPATA45	40.0	38.9329731176401
SPATA46	117.0	143.80620635545168
SPATA48	172.0	174.2955549244572
SPATA5	372.0	378.15396539278174
SPATA5L1	448.0	422.2925622113028
SPATA6	199.0	205.32596930179915
SPATA6L	198.0	224.3007562179009
SPATA7	230.0	256.46584127717784
SPATA9	102.0	96.63255817603216
SPATC1	361.0	465.1937058458581
SPATC1L	290.0	311.3341628292749
SPATS1	131.0	127.05679439175405
SPATS2	207.0	225.95838108420617
SPATS2L	252.0	267.1006930943217
SPC24	105.0	84.78332331081138
SPC25	91.0	87.71419648061841
SPCS1	47.0	45.89857804742772
SPCS2	67.0	88.00112584459112
SPCS3	87.0	83.11111375448031
SPDEF	205.0	230.2308418520702
SPDL1	269.0	248.92819151108102
SPDYA	115.0	118.84929359038563
SPDYC	133.0	143.57829636323038
SPDYE1	134.0	179.2378070051065
SPDYE10P	0.0	27.504135734905717
SPDYE12P	21.0	58.57080953336113
SPDYE13	0.0	2.3191777644338116
SPDYE16	40.0	127.32493760158647
SPDYE17	13.0	22.319298759262736
SPDYE18	35.0	120.57597468768768
SPDYE2	2.0	39.70095509561685
SPDYE21	58.0	133.94301296900667
SPDYE2B	0.0	40.187271823423075
SPDYE3	91.0	226.46845218579293
SPDYE4	131.0	130.56939032662942
SPDYE5	116.0	174.93763008738114
SPDYE6	2.0	74.70853166478867
SPECC1	513.0	543.3835028257236
SPECC1L	504.0	504.02950368410256
SPECC1L-ADORA2A	412.0	395.72372870382713
SPEF1	126.0	152.65117932383308
SPEF2	715.0	719.2454531456412
SPEG	1964.0	2487.8153953961896
SPEGNB	113.0	237.7700118224145
SPEM1	175.0	190.69821260858433
SPEM2	268.0	367.81359727269614
SPEM3	265.0	144.9421021941469
SPEN	1726.0	2139.2149186534057
SPESP1	138.0	152.72191725367065
SPG11	1144.0	994.1606288676496
SPG21	136.0	125.00782664996407
SPG7	534.0	547.777513608432
SPHK1	274.0	289.11544691842937
SPHK2	462.0	554.1259794183994
SPHKAP	813.0	892.1983832951717
SPI1	169.0	182.33477806139143
SPIB	176.0	162.8863717678649
SPIC	97.0	98.77307317354
SPICE1	308.0	338.13447477161895
SPIDR	431.0	425.96044701871494
SPIN1	101.0	114.88331264678763
SPIN2A	25.0	57.29049307291161
SPIN2B	15.0	61.3307328175336
SPIN3	74.0	78.66047515436746
SPIN4	71.0	83.32913052024455
SPINDOC	228.0	234.26622241831015
SPINK1	37.0	33.576866981274975
SPINK13	31.0	33.57495982798743
SPINK14	34.0	48.30527591195078
SPINK2	76.0	61.800967661667535
SPINK4	37.0	41.16199270191969
SPINK5	374.0	402.95776989014996
SPINK6	21.0	30.756471108720756
SPINK7	38.0	34.70506143876998
SPINK8	32.0	33.67599889581379
SPINK9	30.0	30.304839244989918
SPINT1	283.0	338.4974488475691
SPINT2	139.0	151.16981192203008
SPINT3	30.0	39.94575146810991
SPINT4	36.0	39.97787271541852
SPIRE1	376.0	404.6191858385492
SPIRE2	535.0	575.5833571339203
SPN	201.0	277.1483218599683
SPNS1	295.0	328.89709693024963
SPNS2	440.0	462.8568625641937
SPNS3	309.0	340.2409179338046
SPO11	176.0	159.43552407322187
SPOCD1	578.0	654.4740839031024
SPOCK1	226.0	234.10155330862588
SPOCK2	217.0	228.3257748441619
SPOCK3	196.0	185.80460378898215
SPON1	410.0	399.76379612896693
SPON2	248.0	302.1267751158921
SPOP	166.0	166.51117247344033
SPOPL	164.0	145.0458881571703
SPOUT1	193.0	222.98209234322107
SPP1	146.0	138.85626120888705
SPP2	96.0	99.83706411030954
SPPL2A	188.0	165.95279423662413
SPPL2B	419.0	545.6073160887227
SPPL2C	384.0	471.86467597236856
SPPL3	195.0	187.86536264566502
SPR	177.0	160.0195561227469
SPRED1	155.0	180.0206773333116
SPRED2	225.0	247.82954927687226
SPRED3	302.0	266.98669361354763
SPRING1	93.0	114.32082662997132
SPRN	182.0	165.48568248462135
SPRR1A	40.0	39.70761598432747
SPRR1B	37.0	38.43329410693789
SPRR2A	31.0	31.867918107923316
SPRR2B	27.0	27.69496864380939
SPRR2D	43.0	30.481385734974584
SPRR2E	20.0	25.461237598226635
SPRR2F	39.0	33.99870630990065
SPRR2G	38.0	33.73684785583111
SPRR3	58.0	70.33199897420593
SPRR4	30.0	33.78263953812245
SPRR5	18.0	0.6894163038232524
SPRTN	185.0	231.14957677170088
SPRY1	155.0	152.1833572383016
SPRY2	170.0	166.0508080334335
SPRY3	143.0	143.4887964692422
SPRY4	183.0	237.73116952524293
SPRYD3	198.0	237.38205565507556
SPRYD4	98.0	103.26236315164891
SPRYD7	75.0	79.07420599368069
SPSB1	169.0	225.94439613155262
SPSB2	153.0	183.5511693875337
SPSB3	299.0	323.95549699562144
SPSB4	207.0	185.89776400647156
SPTA1	1195.0	1048.4112401322934
SPTAN1	1153.0	1311.19621925209
SPTB	1231.0	1721.6580946496408
SPTBN1	1336.0	1695.481388613965
SPTBN2	1289.0	1499.5078168240718
SPTBN4	1481.0	1487.4684461368997
SPTBN5	2169.0	2114.591123672091
SPTLC1	197.0	205.99620337755152
SPTLC2	261.0	255.06277855613112
SPTLC3	257.0	255.3874015620471
SPTSSA	42.0	33.462972277014906
SPTSSB	28.0	29.015398622276713
SPTY2D1	287.0	310.59614785150814
SPTY2D1OS	6.0	5.640040993573483
SPX	50.0	55.54088305563996
SPZ1	160.0	154.45706059573527
SQLE	237.0	245.9304049988075
SQOR	220.0	204.01179333439904
SQSTM1	290.0	292.1706983525585
SRA1	104.0	118.48948986699709
SRARP	96.0	103.42640795031777
SRBD1	509.0	514.6079645749207
SRC	302.0	340.30630476867157
SRCAP	1813.0	1832.4732225874568
SRCIN1	736.0	720.7079072018925
SRD5A1	151.0	143.72091574653615
SRD5A2	141.0	147.7954073330536
SRD5A3	161.0	172.99569714122342
SREBF1	657.0	799.1270078348583
SREBF2	593.0	645.9152701050623
SREK1	265.0	261.9978912544638
SREK1IP1	53.0	47.07254611146123
SRF	285.0	354.47749565468763
SRFBP1	203.0	165.16560824214477
SRGAP1	447.0	464.0537247266493
SRGAP2	249.0	378.4108686818083
SRGAP2B	36.0	101.54892307731095
SRGAP2C	44.0	103.71028546236136
SRGAP3	601.0	659.874714805096
SRGN	59.0	68.32693501731495
SRI	75.0	85.34620229123821
SRL	272.0	283.7536336941206
SRM	195.0	221.7668656381791
SRMS	316.0	441.3785158627625
SRP14	67.0	60.78868019634206
SRP19	61.0	67.49980981862021
SRP54	193.0	172.12173425648317
SRP68	261.0	314.4922566557496
SRP72	267.0	266.3921021519612
SRP9	27.0	37.49780794825706
SRPK1	255.0	263.6222451153598
SRPK2	288.0	317.01241116883926
SRPK3	254.0	230.66679468489593
SRPRA	324.0	431.77765769302965
SRPRB	146.0	138.99819938691394
SRPX	184.0	144.51141298574814
SRPX2	125.0	150.46493277730295
SRR	142.0	147.4040588437958
SRRD	162.0	159.38931252527752
SRRM1	443.0	429.6634894915046
SRRM2	2025.0	1948.945879673691
SRRM3	391.0	395.35518265015753
SRRM4	318.0	339.88956012415343
SRRM5	275.0	341.55290774880496
SRRT	525.0	560.468576059663
SRSF1	132.0	146.41084357811752
SRSF10	105.0	113.19581423951777
SRSF11	222.0	222.01265513848094
SRSF12	111.0	102.43929893502981
SRSF2	192.0	201.49499735008487
SRSF3	87.0	74.9498027940965
SRSF4	248.0	258.9970350865956
SRSF5	164.0	118.56572253282471
SRSF6	204.0	179.80049734532398
SRSF7	138.0	120.76980090825666
SRSF8	162.0	208.42574705752685
SRSF9	114.0	124.72235475530448
SRXN1	106.0	92.69934835815945
SRY	13.0	17.941854922808826
SS18	172.0	164.26017931095063
SS18L1	237.0	314.57570313780496
SS18L2	41.0	40.668426480848225
SSB	111.0	142.98192356335872
SSBP1	59.0	58.849605192230484
SSBP2	139.0	125.9818901464899
SSBP3	196.0	200.67582398813275
SSBP4	243.0	259.69525608487737
SSC4D	352.0	321.34582697660574
SSC5D	860.0	1115.427141340298
SSH1	599.0	631.8189319029614
SSH2	628.0	651.9355901602588
SSH3	318.0	403.04566225077883
SSMEM1	96.0	101.69487233139895
SSNA1	89.0	92.77106257131337
SSPN	147.0	139.74184625908867
SSR1	113.0	126.75098891714818
SSR2	83.0	92.4630530589274
SSR3	104.0	84.83576341836553
SSR4	84.0	67.50457915484753
SSRP1	319.0	347.26719497116983
SST	63.0	62.54709908752912
SSTR1	267.0	336.5294178495115
SSTR2	177.0	206.61709050782125
SSTR3	281.0	433.76617882896556
SSTR4	272.0	300.7010121817311
SSTR5	256.0	587.8396226350017
SSU72	116.0	127.21514935409385
SSU72P2	8.0	40.41295505114002
SSU72P3	65.0	55.093670370798016
SSU72P4	1.0	21.14434006830454
SSU72P5	4.0	33.006522043478654
SSU72P7	3.0	30.626775261198702
SSU72P8	57.0	73.8617571683927
SSUH2	212.0	221.20462175338545
SSX1	46.0	50.6969425117962
SSX2IP	239.0	236.09643682166856
SSX3	55.0	52.63822225181859
SSX4	3.0	8.293807890024167
SSX4B	1.0	2.668876448990644
SSX5	70.0	55.87459703274792
SSX7	46.0	49.38394651777883
ST13	132.0	138.88095544098772
ST14	506.0	609.6783043263914
ST18	461.0	451.7388155768007
ST20	27.0	27.972409512421912
ST20-MTHFS	75.0	75.40483866997978
ST3GAL1	191.0	224.2145427336489
ST3GAL2	238.0	242.92684244340472
ST3GAL3	183.0	212.20151447108606
ST3GAL4	135.0	248.7467642938635
ST3GAL5	182.0	195.13084929003995
ST3GAL6	129.0	130.700489697816
ST6GAL1	196.0	207.59875813916727
ST6GAL2	306.0	314.6980876676621
ST6GALNAC1	295.0	338.089800030387
ST6GALNAC2	233.0	237.4613884874023
ST6GALNAC3	129.0	136.00050163683136
ST6GALNAC4	156.0	222.09737517771646
ST6GALNAC5	194.0	197.48762005015826
ST6GALNAC6	185.0	214.13680970247634
ST7	247.0	249.7809821545323
ST7L	221.0	236.5463378349638
ST8SIA1	170.0	209.49262012037997
ST8SIA2	205.0	235.84582418600044
ST8SIA3	172.0	197.7937382264688
ST8SIA4	171.0	148.58581910003176
ST8SIA5	198.0	237.68993655413507
ST8SIA6	183.0	176.64358101568874
STAB1	1475.0	1706.2068006569393
STAB2	1202.0	1231.77342745254
STAC	193.0	193.40473524217919
STAC2	239.0	232.49834400110757
STAC3	144.0	167.48211845789814
STAG1	514.0	475.7471130648532
STAG2	307.0	302.27687882474135
STAG3	519.0	601.9384954858488
STAM	238.0	237.25257009169434
STAM2	198.0	196.62181331286558
STAMBP	211.0	193.63027513547192
STAMBPL1	164.0	166.4317294096101
STAP1	130.0	115.22317260918068
STAP2	231.0	247.802246123542
STAR	134.0	148.05848217999971
STARD10	156.0	175.57404998160072
STARD13	565.0	603.4598735967005
STARD3	229.0	268.6945852213026
STARD3NL	112.0	102.51981553325344
STARD4	88.0	92.32211899441846
STARD5	101.0	105.73035232265116
STARD6	80.0	82.27143632508665
STARD7	199.0	194.03842499627643
STARD8	389.0	380.3774327763849
STARD9	2203.0	2216.0215265808315
STAT1	332.0	426.3097053591195
STAT2	351.0	382.0379364230962
STAT3	331.0	349.5395945668482
STAT4	284.0	367.15718290335946
STAT5A	330.0	442.4044472816675
STAT5B	325.0	404.38115940280676
STAT6	413.0	433.8178136481278
STATH	25.0	22.740884100555192
STAU1	269.0	274.95874461919965
STAU2	232.0	214.25900398756042
STBD1	146.0	175.8037825236794
STC1	113.0	131.6963146998238
STC2	158.0	199.20434626420752
STEAP1	116.0	121.94172732269745
STEAP1B	86.0	102.5925043158755
STEAP2	180.0	196.32145249854224
STEAP3	281.0	334.1593917875442
STEAP4	191.0	190.45022096989328
STEEP1	46.0	59.18753247239576
STH	36.0	59.33157637335726
STIL	481.0	532.5243465744203
STIM1	328.0	403.98999195141414
STIM2	356.0	355.6935550637056
STIMATE	163.0	175.78814676204638
STIMATE-MUSTN1	203.0	217.64153398822157
STING1	200.0	228.344083962412
STIP1	258.0	248.93345254267314
STK10	465.0	561.9754823183853
STK11	330.0	362.8134976829362
STK11IP	557.0	671.0676478292119
STK16	134.0	177.0104781324352
STK17A	191.0	186.00180169190676
STK17B	143.0	135.2097857194244
STK19	104.0	158.43913020992366
STK24	200.0	247.70925920754348
STK25	247.0	322.76905927815426
STK26	100.0	107.58092554763805
STK3	170.0	176.59338520427167
STK31	448.0	402.1063001866912
STK32A	166.0	159.0406238409604
STK32B	238.0	274.96478617226757
STK32C	309.0	392.1376703736586
STK33	215.0	196.90956915646922
STK35	385.0	385.6885814247318
STK36	619.0	684.9025851753722
STK38	175.0	180.09870050030943
STK38L	162.0	172.06873195886587
STK39	246.0	245.18039734771756
STK4	177.0	197.40988227473537
STK40	225.0	283.36389243232134
STKLD1	393.0	421.93998735621904
STMN1	59.0	63.74596435230519
STMN2	83.0	76.91827029373547
STMN3	117.0	109.34798841026613
STMN4	114.0	117.7137819724601
STMND1	114.0	124.95953048101825
STMP1	19.0	19.098891293336628
STN1	148.0	169.9018234823929
STOM	118.0	135.43657706738287
STOML1	219.0	242.61552808115772
STOML2	181.0	208.27210242487504
STOML3	122.0	140.19940812902217
STON1	363.0	371.6244462153608
STON1-GTF2A1L	578.0	573.0417191036588
STON2	404.0	458.35212403800676
STOX1	377.0	382.55267729860793
STOX2	472.0	551.6974667932906
STPG1	150.0	163.72189644101223
STPG2	200.0	163.00187565137585
STPG3	209.0	210.3803049985611
STPG4	141.0	132.35656869972755
STRA6	353.0	396.6513179835022
STRA8	168.0	174.84442790776956
STRADA	197.0	238.20797242747375
STRADB	133.0	171.91600073826717
STRAP	130.0	181.0364374114058
STRBP	284.0	302.63474829496255
STRC	186.0	438.2186072139796
STRIP1	390.0	414.7217223060374
STRIP2	394.0	415.2982526101657
STRIT1	6.0	3.426613397579291
STRN	428.0	369.7386425701685
STRN3	331.0	344.68706451379285
STRN4	466.0	535.6298668704234
STS	199.0	198.86004859136435
STT3A	282.0	323.97844479152025
STT3B	367.0	368.69302375539064
STUB1	246.0	309.2688087426556
STUM	78.0	90.17816601158897
STX10	155.0	145.4845507057531
STX11	193.0	258.17481741314623
STX12	108.0	119.34815972361675
STX16	156.0	174.32656720418709
STX16-NPEPL1	176.0	185.9947575409414
STX17	92.0	117.41653580085938
STX18	158.0	175.12168999754687
STX19	116.0	101.24489488851573
STX1A	135.0	172.09073008967755
STX1B	136.0	163.0244868878652
STX2	123.0	130.14387659895408
STX3	122.0	132.99526843596882
STX4	158.0	164.27351524747965
STX5	184.0	156.39840957213968
STX6	123.0	108.53422319294728
STX7	119.0	98.57769045872716
STX8	115.0	106.10329738672687
STXBP1	255.0	320.73041270361006
STXBP2	367.0	451.4091768957606
STXBP3	229.0	208.42934693350767
STXBP4	201.0	201.35720769481935
STXBP5	492.0	510.5682826163317
STXBP5L	505.0	438.8594757813685
STXBP6	97.0	96.50136341011391
STYK1	188.0	205.69599796022064
STYX	78.0	72.63342287722044
STYXL1	133.0	148.90469625847462
STYXL2	604.0	659.01295137088
SUB1	51.0	46.20703238084592
SUCLA2	172.0	184.4321746909945
SUCLG1	163.0	157.80570032622796
SUCLG2	195.0	197.78214346743388
SUCNR1	162.0	152.60973442312869
SUCO	470.0	486.88559937948247
SUDS3	150.0	137.15397193266062
SUFU	232.0	282.0312634669341
SUGCT	187.0	187.2585362064105
SUGP1	326.0	371.86595870049433
SUGP2	473.0	535.89603070699
SUGT1	123.0	117.3867098838444
SULF1	371.0	381.16726318612336
SULF2	460.0	517.2612349611667
SULT1A1	119.0	141.8559667088954
SULT1A2	138.0	151.5752500662403
SULT1A3	6.0	33.37868848566306
SULT1A4	12.0	21.384947689180606
SULT1B1	147.0	106.65111509846247
SULT1C2	121.0	116.27507020122034
SULT1C3	109.0	87.89278377889372
SULT1C4	111.0	109.79745713574877
SULT1E1	121.0	107.1692344638128
SULT2A1	125.0	119.42350746159222
SULT2B1	186.0	208.53785384187995
SULT4A1	152.0	159.30086995768482
SULT6B1	140.0	126.93402055305472
SUMF1	230.0	193.83395953044104
SUMF2	148.0	153.6781220690298
SUMO1	29.0	33.356918160511604
SUMO2	36.0	36.53442469085064
SUMO3	56.0	65.28174037939661
SUMO4	43.0	45.88552405391566
SUN1	490.0	502.1164103750264
SUN2	367.0	481.0735519243577
SUN3	148.0	147.53809731299282
SUN5	166.0	164.1253107020138
SUOX	220.0	281.67200012357887
SUPT16H	415.0	436.3109874754827
SUPT20H	291.0	306.49268004253344
SUPT20HL1	133.0	147.33647908620426
SUPT20HL2	125.0	109.24403259781661
SUPT3H	124.0	121.00675299639038
SUPT4H1	58.0	60.417006518837375
SUPT5H	546.0	607.0380883115902
SUPT6H	762.0	825.4179803596853
SUPT7L	168.0	197.63594603437278
SUPV3L1	364.0	336.2811800549247
SURF1	188.0	178.08054897908954
SURF2	173.0	153.13921402312863
SURF4	143.0	169.31741436533275
SURF6	248.0	255.33623727495694
SUSD1	346.0	357.7536492371053
SUSD2	483.0	633.2655781449052
SUSD3	137.0	158.06363877567506
SUSD4	257.0	298.7493604925266
SUSD5	308.0	374.2347047092258
SUSD6	147.0	161.99755885046557
SUV39H1	141.0	152.83470834530382
SUV39H2	159.0	164.18115012831257
SUZ12	253.0	290.43499520818597
SV2A	355.0	429.62069069020686
SV2B	314.0	422.1938734594012
SV2C	334.0	335.21001979545116
SVBP	27.0	25.046131769140487
SVEP1	1666.0	1650.321702206129
SVIL	999.0	1188.619255054526
SVIP	35.0	29.5003185974441
SVOP	247.0	248.77814300992904
SVOPL	279.0	266.9759813256858
SWAP70	239.0	244.4127127077846
SWI5	61.0	74.13819262854717
SWSAP1	139.0	164.97811549933255
SWT1	345.0	324.29512633674585
SYAP1	102.0	102.25772444076298
SYBU	319.0	350.5408267276775
SYCE1	163.0	198.32644322231573
SYCE1L	147.0	158.47912714343244
SYCE2	85.0	108.57731296663475
SYCE3	36.0	43.08897962300626
SYCN	97.0	90.26770568785705
SYCP1	384.0	275.19661382775917
SYCP2	570.0	557.0320224677366
SYCP2L	317.0	343.94961083695347
SYCP3	79.0	78.46072581601341
SYDE1	467.0	474.13952743498214
SYDE2	513.0	556.1982478902535
SYF2	114.0	113.4857650989713
SYK	312.0	322.96855137795524
SYMPK	766.0	801.3345854942896
SYN1	275.0	246.67840647879945
SYN2	273.0	243.8393957312219
SYN3	270.0	304.6740524129247
SYNC	201.0	239.9478556213945
SYNCRIP	258.0	238.90670381974456
SYNDIG1	141.0	171.89859361748393
SYNDIG1L	128.0	137.23891797254532
SYNE1	3855.0	4097.844391438844
SYNE2	2923.0	2837.949068830928
SYNE3	547.0	598.7962532657152
SYNE4	221.0	224.46468764817337
SYNGAP1	596.0	871.0503986438049
SYNGR1	141.0	175.66548884782713
SYNGR2	127.0	159.39372367016244
SYNGR3	188.0	207.46781739938706
SYNGR4	121.0	143.5361435083664
SYNJ1	539.0	540.9425665444895
SYNJ2	745.0	896.8628610490748
SYNJ2BP	54.0	65.42547030910164
SYNJ2BP-COX16	72.0	74.2055673669743
SYNM	918.0	998.6343456124724
SYNPO	538.0	705.9628104386034
SYNPO2	602.0	608.6096555332259
SYNPO2L	536.0	535.6016570526558
SYNPR	146.0	138.71539874141794
SYNRG	539.0	548.8690737745392
SYP	143.0	129.19639307289796
SYPL1	102.0	123.40104589318128
SYPL2	144.0	135.2753943887414
SYS1	95.0	88.27129842351583
SYS1-DBNDD2	55.0	46.74135580988774
SYT1	154.0	185.22191147719235
SYT10	233.0	243.12823782663065
SYT11	204.0	220.56402971173958
SYT12	233.0	245.5726336912374
SYT13	241.0	249.54647065684912
SYT14	298.0	409.1686626698736
SYT15	20.0	113.90412979986081
SYT16	314.0	304.148644121232
SYT17	251.0	294.44612602574614
SYT2	181.0	236.92839032714002
SYT3	323.0	415.53008472703783
SYT4	205.0	177.9586004520043
SYT5	231.0	241.3337987209504
SYT6	265.0	262.9227923617441
SYT7	376.0	498.8913990501872
SYT8	255.0	351.34664835445193
SYT9	265.0	274.5278392401536
SYTL1	329.0	376.9512668354411
SYTL2	966.0	899.5016413929594
SYTL3	311.0	316.6708213576134
SYTL4	160.0	194.67672558422262
SYTL5	221.0	189.00390223088525
SYVN1	316.0	318.9826390838148
SZRD1	77.0	94.52207023271045
SZT2	1693.0	2018.4915166197845
TAAR1	153.0	135.59378070318726
TAAR2	150.0	146.22204921671792
TAAR5	203.0	190.1718744474935
TAAR6	192.0	190.06709698384714
TAAR8	157.0	157.1189923958757
TAAR9	162.0	157.94929342758815
TAB1	289.0	326.64765528750564
TAB2	298.0	293.98005110526015
TAB3	185.0	198.20412120733099
TAC1	52.0	68.03364582613547
TAC3	52.0	58.36036912263013
TAC4	62.0	50.60662586374593
TACC1	372.0	391.4041784566048
TACC2	1523.0	1765.018155476021
TACC3	512.0	551.914061810169
TACO1	149.0	155.52352794838993
TACR1	195.0	229.0962204543769
TACR2	222.0	224.1793080701512
TACR3	233.0	234.20090340189353
TACSTD2	220.0	255.88879106836657
TADA1	137.0	153.97576330304602
TADA2A	192.0	171.09080261309552
TADA2B	240.0	310.3497462000565
TADA3	235.0	251.90250492519726
TAF1	437.0	511.425381645071
TAF10	158.0	160.12290136537277
TAF11	85.0	101.67014027497007
TAF11L11	66.0	24.25145404301395
TAF11L12	74.0	24.190130141062056
TAF11L13	65.0	24.172752240013406
TAF11L14	63.0	22.035833302743992
TAF11L2	71.0	26.612311748282195
TAF11L3	0.0	17.796700554445138
TAF11L8	0.0	2.3171243186293617
TAF12	69.0	68.50484463326573
TAF13	49.0	37.77937969938764
TAF15	273.0	254.55900238649437
TAF1A	179.0	171.4450365460543
TAF1B	221.0	233.94787499520413
TAF1C	614.0	784.807548599446
TAF1D	100.0	103.66854172494453
TAF1L	764.0	841.1087623900758
TAF2	475.0	473.96827647658887
TAF3	444.0	488.89295390862037
TAF4	841.0	879.2674819006544
TAF4B	388.0	392.0585081149089
TAF5	388.0	409.6718383972305
TAF5L	291.0	377.0821298624838
TAF6	424.0	393.0050960724156
TAF6L	417.0	369.96819843030187
TAF7	127.0	151.85798332057155
TAF7L	93.0	97.81496757911796
TAF8	175.0	165.69835996997577
TAF9	105.0	119.8867118756815
TAF9B	84.0	69.26279132201111
TAFA1	56.0	56.15949253793305
TAFA2	60.0	51.12401164197999
TAFA3	74.0	79.50722423529058
TAFA4	71.0	68.34770179201277
TAFA5	103.0	107.52593772035677
TAFAZZIN	79.0	98.55603654440469
TAGAP	372.0	427.0825330365628
TAGLN	96.0	113.53602519499188
TAGLN2	77.0	109.5616166898339
TAGLN3	96.0	97.757611364507
TAL1	223.0	232.64514222957965
TAL2	48.0	54.845513377636834
TALDO1	207.0	225.19641340124033
TAMALIN	306.0	256.30732609879425
TAMM41	164.0	170.32960632815457
TANC1	854.0	976.8101702234089
TANC2	931.0	1044.9870764594393
TANGO2	131.0	152.14535783825653
TANGO6	477.0	490.83563679999395
TANK	162.0	174.33271724632664
TAOK1	361.0	379.8630250012163
TAOK2	704.0	879.8915801120344
TAOK3	355.0	395.9142559613179
TAP1	355.0	485.26593578567065
TAP2	306.0	425.3617081891499
TAPBP	226.0	292.78349238006706
TAPBPL	230.0	283.032483380231
TAPT1	278.0	236.06199858940508
TARBP1	787.0	862.5825814105647
TARBP2	183.0	203.68177894379343
TARDBP	184.0	194.70867823762296
TARM1	129.0	149.89105531531285
TARS1	312.0	300.2264377973445
TARS2	359.0	350.37467527305853
TARS3	416.0	381.4075687906519
TAS1R1	437.0	539.9495309391319
TAS1R2	479.0	621.6721209712898
TAS1R3	724.0	991.3948975565247
TAS2R1	141.0	146.3200414498479
TAS2R10	144.0	133.20762775486946
TAS2R13	129.0	130.28470663761848
TAS2R14	131.0	139.58620387646076
TAS2R16	142.0	125.74319219786054
TAS2R19	108.0	118.78782327472865
TAS2R20	136.0	133.12860926234333
TAS2R3	162.0	150.3462899233991
TAS2R30	141.0	128.54207906417065
TAS2R31	118.0	117.53009086540084
TAS2R38	149.0	171.99804022844938
TAS2R39	128.0	161.0091834483167
TAS2R4	130.0	151.42789330330226
TAS2R40	152.0	166.97184871031527
TAS2R41	151.0	177.55442556160259
TAS2R42	138.0	139.88690386562632
TAS2R43	76.0	92.28801582533991
TAS2R46	123.0	118.37922590076309
TAS2R5	120.0	151.13391709853286
TAS2R50	140.0	130.38736303088416
TAS2R60	141.0	161.65953916064032
TAS2R7	159.0	148.83672614589804
TAS2R8	139.0	126.90938555867037
TAS2R9	158.0	142.20481105392628
TASL	85.0	83.0627607337656
TASOR	713.0	693.8133436425718
TASOR2	1103.0	1377.9322554266832
TASP1	179.0	181.76996991446532
TAT	197.0	215.17405951595921
TATDN1	95.0	100.24911656517254
TATDN2	399.0	397.0274717596245
TATDN3	105.0	113.15142168805062
TAX1BP1	340.0	303.7877058673326
TAX1BP3	70.0	78.42930514069597
TBATA	183.0	177.63892066803646
TBC1D1	565.0	602.769838443654
TBC1D10A	278.0	306.51244965370773
TBC1D10B	517.0	554.2691992552707
TBC1D10C	281.0	289.3676103905185
TBC1D12	421.0	384.4486863548017
TBC1D13	182.0	218.89058281067057
TBC1D14	394.0	447.8570763764093
TBC1D15	258.0	237.28227622618135
TBC1D16	493.0	659.2613487492612
TBC1D17	457.0	410.3119158664016
TBC1D19	189.0	195.514861467939
TBC1D2	482.0	549.2781733839871
TBC1D20	205.0	237.67855292423732
TBC1D21	151.0	174.4429992265737
TBC1D22A	302.0	351.72052317808397
TBC1D22B	206.0	237.56740019689005
TBC1D23	289.0	251.77681891804954
TBC1D24	324.0	549.7579542483152
TBC1D25	225.0	257.8152693542061
TBC1D26	101.0	133.93775647881694
TBC1D28	65.0	101.03156887507733
TBC1D2B	480.0	493.6670069341244
TBC1D30	307.0	371.86562026219104
TBC1D31	385.0	419.2765847346568
TBC1D32	498.0	459.8484305874767
TBC1D3B	3.0	101.55415223516486
TBC1D3E	1.0	13.39758041577652
TBC1D3F	22.0	156.78032696635478
TBC1D3G	0.0	40.33706390255012
TBC1D3I	2.0	70.03649664737803
TBC1D3K	0.0	27.105071536328545
TBC1D3L	0.0	59.63763915244838
TBC1D4	630.0	684.0112436197438
TBC1D5	323.0	336.6222573172276
TBC1D7	135.0	140.41528608012536
TBC1D8	566.0	631.4777007822659
TBC1D8B	276.0	273.45892949863503
TBC1D9	610.0	623.3796721995941
TBC1D9B	668.0	863.576075718546
TBCA	32.0	38.24519832660566
TBCB	172.0	134.83530322078323
TBCC	226.0	235.1735710008633
TBCCD1	245.0	256.2471374120615
TBCD	700.0	832.3644977104674
TBCE	235.0	256.2025269367567
TBCE	235.0	256.2025269367567
TBCEL	171.0	195.87166965017244
TBCEL-TECTA	192.0	234.3371659209681
TBCK	369.0	330.205308125978
TBK1	258.0	245.95440129362697
TBKBP1	418.0	392.4639916418652
TBL1X	190.0	209.74261816533217
TBL1XR1	210.0	199.43962975201993
TBL1Y	53.0	37.355552306796675
TBL2	239.0	250.58707676097148
TBL3	578.0	691.6528905898238
TBP	157.0	159.93519169550285
TBPL1	64.0	71.01606850197237
TBPL2	169.0	160.5674637335336
TBR1	417.0	429.15708836609076
TBRG1	171.0	204.83312203854106
TBRG4	366.0	393.4727370256554
TBX1	403.0	356.5058418544811
TBX10	195.0	216.43574444714153
TBX15	295.0	278.08526148007775
TBX18	342.0	306.8870409949762
TBX19	220.0	235.7979435733635
TBX2	522.0	639.7855558625596
TBX20	198.0	235.1301711012839
TBX21	300.0	342.4860099350392
TBX22	173.0	156.17299116946197
TBX3	500.0	487.13186719411806
TBX4	314.0	435.03912541761576
TBX5	302.0	305.2400873023959
TBX6	249.0	269.2560713648181
TBXA2R	280.0	304.78653693730143
TBXAS1	287.0	310.011137569136
TBXT	213.0	306.59557387940026
TC2N	204.0	190.4786492317211
TCAF1	105.0	189.19633788625325
TCAF2	41.0	249.233153130779
TCAF2C	6.0	63.448815508203104
TCAIM	172.0	191.34737798751203
TCAP	97.0	110.84715607688476
TCEA1	104.0	103.96193709089292
TCEA2	165.0	228.73119581580096
TCEA3	162.0	171.60375881076797
TCEAL1	48.0	43.97631619974295
TCEAL2	65.0	58.980455338592314
TCEAL3	41.0	59.27098028123997
TCEAL4	54.0	52.957496073398524
TCEAL5	65.0	60.25010134744668
TCEAL6	41.0	52.87265683386938
TCEAL7	22.0	26.749942995163405
TCEAL8	41.0	31.61464935411952
TCEAL9	26.0	23.061532892244472
TCEANC	78.0	90.34582330803482
TCEANC2	84.0	97.69074724832109
TCERG1	492.0	476.00707456102094
TCERG1L	324.0	402.21942477302804
TCF12	330.0	294.35246150117723
TCF15	144.0	129.99968874939432
TCF19	176.0	203.12703763832363
TCF20	1049.0	1003.9627131991493
TCF21	92.0	143.57402602042453
TCF23	122.0	132.18030472970682
TCF24	110.0	109.46730603335772
TCF25	458.0	496.84893904000984
TCF3	525.0	523.646836353117
TCF4	276.0	323.6099476862082
TCF7	245.0	231.86665312816402
TCF7L1	355.0	386.87584868192306
TCF7L2	413.0	419.4265295667403
TCFL5	319.0	329.3078320987057
TCHH	1087.0	1320.9729591303062
TCHHL1	405.0	371.5100534850067
TCHP	232.0	242.12824382669717
TCIM	66.0	53.9267822385761
TCIRG1	499.0	579.3793564209227
TCL1A	69.0	75.06731944061927
TCL1B	79.0	76.33394110584894
TCN1	183.0	190.3204707940542
TCN2	283.0	217.92829618666406
TCOF1	789.0	822.2938908654203
TCP1	225.0	248.76117270435404
TCP10L	96.0	107.00650707390132
TCP10L2	68.0	131.70343670536766
TCP11	227.0	235.05440685152186
TCP11L1	204.0	237.87366211890898
TCP11L2	192.0	223.86925012873903
TCP11X1	2.0	14.508071730625662
TCP11X2	2.0	64.93921872650992
TCTA	58.0	71.80239422568854
TCTE1	245.0	309.843292014177
TCTN1	273.0	293.2853839065109
TCTN2	301.0	352.3323785712554
TCTN3	258.0	277.101401573614
TDG	115.0	138.70070412110303
TDGF1	69.0	89.46592324437475
TDGF1P3	45.0	54.89766858461281
TDO2	183.0	162.49630175893105
TDP1	256.0	277.44207047068
TDP2	173.0	166.43923424224488
TDRD1	506.0	488.65222987919066
TDRD10	162.0	182.7419830748136
TDRD12	460.0	484.12696323526444
TDRD15	503.0	590.0789385272435
TDRD3	298.0	282.3610547423097
TDRD5	430.0	444.58662996489926
TDRD6	1075.0	1011.1046340170938
TDRD7	424.0	462.8252699081928
TDRD9	619.0	644.2127077618072
TDRKH	219.0	243.58446240904436
TDRP	139.0	117.88507218086914
TEAD1	200.0	210.1007083871826
TEAD2	244.0	280.58441983154825
TEAD3	210.0	254.5474616559523
TEAD4	220.0	290.3277889571742
TEC	249.0	244.98085380064308
TECPR1	642.0	701.773153550569
TECPR2	746.0	843.7633668331302
TECR	168.0	205.16914005084098
TECRL	164.0	135.47848623624105
TECTA	1089.0	1276.5577117776386
TECTB	169.0	168.6445106918637
TEDC1	353.0	386.4155631645703
TEDC2	299.0	312.1792864057527
TEDDM1	126.0	132.0123426402887
TEF	180.0	193.5287716639136
TEFM	155.0	151.64004688953625
TEK	580.0	520.5399314790186
TEKT1	207.0	227.31405264897703
TEKT2	202.0	282.2680138334512
TEKT3	225.0	257.4978367539197
TEKT4	325.0	395.95003386284566
TEKT5	318.0	369.50849017973496
TELO2	584.0	781.1700490735133
TEN1	65.0	75.34422452409703
TEN1-CDK3	65.0	75.34422452409703
TENM1	781.0	832.1914781854832
TENM2	1363.0	1681.560622934116
TENM3	1306.0	1484.0511530328113
TENM4	1412.0	1520.11453201811
TENT2	212.0	180.6334390397137
TENT4A	456.0	553.3998960258359
TENT4B	350.0	366.70929533653026
TENT5A	264.0	263.11412781942516
TENT5B	262.0	395.4591477474502
TENT5C	199.0	228.567598216848
TENT5D	103.0	106.0150867650694
TEP1	1289.0	1445.278685446859
TEPP	115.0	124.1719071529701
TEPSIN	392.0	457.1794419740133
TERB1	252.0	275.72825872305935
TERB2	80.0	77.35452822655778
TERF1	168.0	162.9654425182672
TERF2	296.0	313.83769930068274
TERF2IP	253.0	245.16606419454254
TERT	781.0	1216.0212820072404
TES	162.0	175.75023396622015
TESC	109.0	124.13970959884278
TESK1	341.0	457.41959252190003
TESK2	249.0	294.33759753226605
TESMIN	278.0	249.4482629393279
TESPA1	227.0	229.4903551668548
TET1	907.0	888.5995351869451
TET2	819.0	840.707325901494
TET3	1043.0	1172.1819552681397
TEX10	396.0	385.14411446418325
TEX101	94.0	116.63149370884547
TEX11	264.0	219.20575833058527
TEX12	57.0	44.94136223189538
TEX13A	151.0	135.58666555201438
TEX13B	115.0	104.98055884620518
TEX13C	219.0	215.09560267154734
TEX13D	132.0	157.529000108984
TEX14	626.0	612.3464659611363
TEX15	1338.0	1272.5117612870126
TEX19	77.0	86.9896290501654
TEX2	523.0	575.9939531876475
TEX22	97.0	131.49572989013018
TEX26	136.0	115.88762361398328
TEX261	92.0	108.8343584649613
TEX264	159.0	192.05885502428038
TEX29	83.0	103.39314214661128
TEX30	78.0	91.66610303963105
TEX33	158.0	155.16885536153845
TEX35	87.0	94.25887346830544
TEX36	93.0	91.82589054087086
TEX37	97.0	95.41331433450534
TEX38	110.0	114.8969728500125
TEX43	56.0	53.341954994546754
TEX44	196.0	235.848036771085
TEX45	292.0	298.4435886156418
TEX46	41.0	54.7661623939694
TEX47	98.0	107.72791638163984
TEX48	45.0	50.41136158946135
TEX49	42.0	38.73298379040921
TEX50	61.0	70.83864014101768
TEX51	58.0	51.69386703915791
TEX52	172.0	176.46713424827496
TEX53	13.0	8.021645845665644
TEX54	29.0	19.866546123020473
TEX55	230.0	231.95551979766122
TEX9	186.0	142.02275480202823
TF	332.0	348.59616998533886
TFAM	106.0	88.15830971165033
TFAP2A	249.0	315.71021351454846
TFAP2B	270.0	299.60562059423194
TFAP2C	264.0	296.25832472770367
TFAP2D	256.0	257.84138610877847
TFAP2E	318.0	313.8698852196059
TFAP4	219.0	217.08072011735322
TFB1M	166.0	170.56936084530003
TFB2M	188.0	196.97241898238696
TFCP2	193.0	203.170478823239
TFCP2L1	260.0	268.42880748606933
TFDP1	201.0	289.07357033736787
TFDP2	180.0	189.28712921566722
TFDP3	167.0	138.51285219121573
TFE3	211.0	208.36046567371446
TFEB	244.0	283.07257923740013
TFEC	143.0	137.75871155339118
TFF1	47.0	52.41527194682367
TFF2	61.0	68.90116879335213
TFF3	48.0	51.85445867016278
TFG	187.0	155.7446429452867
TFIP11	405.0	409.2460588438809
TFPI	105.0	119.20973612797397
TFPI2	119.0	124.72751560943934
TFPT	152.0	158.9853815015112
TFR2	454.0	471.88178537651567
TFRC	362.0	356.4941481101414
TG	1401.0	1515.2731706195677
TGDS	115.0	132.66920936586286
TGFA	79.0	92.99406696344258
TGFB1	221.0	217.0787547504211
TGFB1I1	236.0	294.4582568685693
TGFB2	193.0	221.03498288611956
TGFB3	184.0	232.82773096977022
TGFBI	362.0	373.4314906137325
TGFBR1	220.0	219.05952629399792
TGFBR2	282.0	305.49780205387884
TGFBR3	381.0	397.78496146132494
TGFBR3L	245.0	315.2520114997681
TGFBRAP1	415.0	489.30904709804867
TGIF1	122.0	148.7131618736137
TGIF2	131.0	125.04405788183654
TGIF2-RAB5IF	75.0	76.1698041368676
TGIF2LX	69.0	80.36138093094476
TGIF2LY	3.0	15.725568154597234
TGM1	415.0	514.9333288724282
TGM2	374.0	396.18368785795025
TGM3	372.0	450.5004225658588
TGM4	337.0	348.9985304726256
TGM5	346.0	373.458751752089
TGM6	383.0	445.68381702407714
TGM7	354.0	384.85606051456307
TGOLN2	222.0	260.2219735824713
TGS1	345.0	336.17621358635654
TH	330.0	487.78836540662684
THADA	1018.0	929.999164525144
THAP1	85.0	94.3942709938057
THAP10	127.0	141.2031992953558
THAP11	222.0	218.90743052873697
THAP12	264.0	301.2250694539821
THAP2	80.0	86.4481880119871
THAP3	133.0	146.50235139355865
THAP4	345.0	447.9804375396907
THAP5	125.0	149.4489332721408
THAP6	93.0	89.23483788352812
THAP7	208.0	197.85838124315046
THAP8	169.0	159.61136149483198
THAP9	335.0	362.1305551694079
THBD	449.0	437.23006791041865
THBS1	496.0	626.6168776860333
THBS2	639.0	835.3430462836963
THBS3	427.0	516.861014735298
THBS4	460.0	476.8135468587685
THEG	225.0	270.22103239819546
THEGL	199.0	219.43501587491895
THEM4	113.0	99.83341904790686
THEM5	87.0	123.1410914514413
THEM6	161.0	187.52829475615286
THEMIS	292.0	274.7387383622481
THEMIS2	335.0	429.4405698173084
THG1L	135.0	147.18615782261236
THNSL1	309.0	319.188705010867
THNSL2	241.0	257.700180727734
THOC1	255.0	251.62625817929256
THOC2	393.0	381.11610209006744
THOC3	27.0	101.1431755029005
THOC5	296.0	304.26958625932133
THOC6	192.0	225.02018798734898
THOC7	77.0	75.26888971442212
THOP1	426.0	689.7680103101856
THPO	188.0	216.22164392645126
THRA	195.0	233.49000854255058
THRAP3	407.0	454.93826470410033
THRB	218.0	234.32459514796915
THRSP	73.0	73.88481950439404
THSD1	407.0	407.70312723257854
THSD4	524.0	559.1126836047922
THSD7A	940.0	1103.714379387841
THSD7B	742.0	659.8352131050708
THSD8	28.0	15.663945477369317
THTPA	110.0	131.43954518343074
THUMPD1	166.0	161.79153811516014
THUMPD2	237.0	197.21739418184663
THUMPD3	196.0	211.219947130746
THY1	80.0	114.27620349623537
THYN1	107.0	103.20323916699138
TIA1	147.0	147.95891027298325
TIAF1	50.0	65.95392874593315
TIAL1	149.0	151.1849949720469
TIAM1	833.0	884.5055111403223
TIAM2	804.0	938.9491912476166
TICAM1	439.0	471.96886193064097
TICAM2	113.0	96.46807146984264
TICRR	991.0	960.7232891067903
TIE1	568.0	725.2702114687442
TIFA	75.0	77.21434648911921
TIFAB	116.0	109.96282004993078
TIGAR	94.0	120.79038819237749
TIGD1	177.0	172.14806850489757
TIGD2	201.0	207.3369971545648
TIGD3	243.0	285.3807357490028
TIGD4	193.0	214.130184311097
TIGD5	538.0	566.5627446809578
TIGD6	193.0	237.3926834867554
TIGD7	221.0	253.11859754236065
TIGIT	130.0	127.66101552379337
TIMD4	204.0	181.31940410859227
TIMELESS	564.0	568.4156290466683
TIMM10	40.0	41.58307600325573
TIMM10B	63.0	62.58322521563587
TIMM13	68.0	79.97600048367963
TIMM17A	80.0	69.73752999329761
TIMM17B	57.0	52.899181573229924
TIMM21	121.0	129.51531014821563
TIMM22	107.0	124.50692342926344
TIMM23	78.0	98.05692172775204
TIMM23B	73.0	87.62264192361566
TIMM23B-AGAP6	41.0	54.87512059287516
TIMM29	209.0	197.4647064005631
TIMM44	239.0	312.3288249979284
TIMM50	199.0	201.12192527855152
TIMM8A	26.0	30.837750629222917
TIMM8B	44.0	37.57523475280064
TIMM9	32.0	30.950084755462914
TIMMDC1	130.0	130.55232899903223
TIMP1	63.0	68.31915135871108
TIMP2	130.0	148.57247291548921
TIMP3	112.0	106.88511141488786
TIMP4	138.0	129.09924916931357
TINAG	234.0	185.8779792145069
TINAGL1	221.0	276.50403320346845
TINCR	22.0	15.697704485866954
TINF2	223.0	234.41957876215812
TIPARP	296.0	276.73682897400374
TIPIN	102.0	114.9591128997671
TIPRL	100.0	106.2099818718211
TIRAP	125.0	174.8337408035195
TJAP1	257.0	351.718927124631
TJP1	801.0	804.3065852001613
TJP2	592.0	565.4543871159149
TJP3	550.0	624.2513437969287
TK1	134.0	138.67909223617335
TK2	128.0	130.35921484162594
TKFC	314.0	341.12632660360026
TKT	338.0	372.703322010235
TKTL1	262.0	202.57818735328598
TKTL2	259.0	334.77221779325123
TLCD1	168.0	151.82292675108516
TLCD2	166.0	200.17437939270584
TLCD3A	143.0	173.7651260492976
TLCD3B	161.0	192.13848963227133
TLCD4	103.0	98.46257774339452
TLCD4-RWDD3	82.0	76.20221148829718
TLCD5	107.0	123.33663896634482
TLDC2	124.0	109.65754646365606
TLE1	447.0	414.50715636064206
TLE2	499.0	480.2562970215805
TLE3	451.0	465.357948805284
TLE4	371.0	383.72934868766157
TLE5	132.0	155.00817955797618
TLE6	366.0	345.34744255636457
TLE7	109.0	59.213685622981615
TLK1	321.0	311.74504830142035
TLK2	257.0	303.65846389402543
TLL1	454.0	446.9829155626187
TLL2	494.0	556.0192201738267
TLN1	1119.0	1390.3751891990555
TLN2	1431.0	1350.8877787163667
TLNRD1	345.0	305.2478076319193
TLR1	320.0	341.53715191280287
TLR10	288.0	343.91758470001395
TLR2	317.0	364.72462945330943
TLR3	397.0	436.812828364445
TLR4	363.0	377.6763914599379
TLR5	373.0	422.7601959707625
TLR6	340.0	345.97410333055876
TLR7	285.0	307.29937496855473
TLR8	299.0	314.61696867843045
TLR9	579.0	840.2272214859951
TLX1	217.0	270.14234632924445
TLX2	213.0	229.58405372669972
TLX3	221.0	255.7067394522727
TM2D1	93.0	85.0731191951282
TM2D2	120.0	127.57089617645276
TM2D3	138.0	143.04040126869194
TM4SF1	107.0	99.03455945520129
TM4SF18	87.0	91.67696449195239
TM4SF19	107.0	118.03703282694718
TM4SF19-DYNLT2B	107.0	118.03703282694718
TM4SF20	92.0	101.07304205381084
TM4SF4	113.0	97.74301270029136
TM4SF5	113.0	132.39241286640555
TM6SF1	177.0	177.8748287669793
TM6SF2	200.0	211.9662976317588
TM7SF2	255.0	251.54196926816982
TM7SF3	264.0	259.77412699388805
TM9SF1	284.0	333.3168166498312
TM9SF2	273.0	302.78264632944575
TM9SF3	231.0	243.26101315900883
TM9SF4	293.0	321.3767164387004
TMA16	71.0	79.76426739777989
TMA7	36.0	32.94391131336436
TMBIM1	157.0	166.80978365899756
TMBIM4	115.0	93.55456007245327
TMBIM6	85.0	102.17242139153338
TMC1	315.0	301.02954221527
TMC2	402.0	467.9418410788567
TMC3	489.0	529.8176845036161
TMC4	446.0	418.5468385390008
TMC5	455.0	449.7795021007436
TMC6	514.0	641.2686397315603
TMC7	350.0	347.22072712426666
TMC8	433.0	551.9783413535046
TMCC1	279.0	301.88059614027543
TMCC2	397.0	609.2830273376311
TMCC3	255.0	268.02551535395384
TMCO1	80.0	78.18048006519655
TMCO2	79.0	75.81223195277002
TMCO3	381.0	424.62447499771
TMCO4	325.0	393.98552263680244
TMCO5A	131.0	110.93272561889722
TMCO6	261.0	266.96157620418603
TMDD1	120.0	66.44255162602985
TMED1	149.0	146.7647915183273
TMED10	113.0	116.95925776507042
TMED2	95.0	103.04279386193903
TMED3	117.0	145.0523147760004
TMED4	121.0	127.71505241242448
TMED5	97.0	113.02476094166967
TMED6	107.0	109.97628982425627
TMED7	121.0	104.74303793159675
TMED7-TICAM2	205.0	178.27513780856444
TMED8	147.0	166.14023737398
TMED9	146.0	146.6844054740266
TMEFF1	162.0	149.80458925114363
TMEFF2	162.0	183.79071064140632
TMEM100	61.0	69.6650674527649
TMEM101	152.0	132.55048837431116
TMEM102	306.0	448.70675236156444
TMEM104	311.0	426.5103899883195
TMEM106A	104.0	130.8797476049372
TMEM106B	126.0	142.53607568135052
TMEM106C	123.0	121.52900754611797
TMEM107	68.0	82.68219554739272
TMEM108	287.0	363.6717000454739
TMEM109	129.0	149.87435187527024
TMEM11	122.0	143.51595021365995
TMEM114	144.0	124.67180948289331
TMEM115	229.0	237.60895539251538
TMEM116	132.0	146.74977031599354
TMEM117	215.0	208.91075247175294
TMEM119	182.0	204.4248564075446
TMEM120A	204.0	202.22275311455624
TMEM120B	203.0	207.70102739427927
TMEM121	235.0	269.14659575384616
TMEM121B	458.0	450.93255272800684
TMEM123	118.0	93.96831175288371
TMEM125	144.0	175.62249751303142
TMEM126A	68.0	77.58128681845443
TMEM126B	104.0	90.01960346742682
TMEM127	150.0	150.2181559246661
TMEM128	98.0	79.18785735407525
TMEM129	239.0	259.07922861820913
TMEM130	259.0	256.98748315057867
TMEM131	844.0	830.8910991130844
TMEM131L	701.0	732.7341939116313
TMEM132A	577.0	679.3980218023784
TMEM132B	504.0	601.1978237742014
TMEM132C	656.0	797.4821009109296
TMEM132D	621.0	692.7954523577935
TMEM132E	715.0	821.9984212173204
TMEM134	133.0	93.16473489512401
TMEM135	190.0	182.60560053352023
TMEM138	79.0	74.13020480701398
TMEM139	95.0	130.28127439968313
TMEM140	107.0	126.2902146212025
TMEM141	69.0	62.53973814765805
TMEM143	299.0	327.4326039803556
TMEM144	154.0	137.14757163246338
TMEM145	255.0	312.39804423822176
TMEM147	121.0	136.88874732436577
TMEM14A	34.0	44.70960127790178
TMEM14B	40.0	54.11040318596298
TMEM14C	57.0	54.418456075647924
TMEM150A	127.0	164.66765210116714
TMEM150B	133.0	152.37964007923566
TMEM150C	101.0	109.75830353097865
TMEM151A	374.0	346.2115311427407
TMEM151B	354.0	422.2815435640381
TMEM154	67.0	82.67031774139554
TMEM156	137.0	123.21183407352576
TMEM158	209.0	245.67815541339922
TMEM160	159.0	132.5235483326182
TMEM161A	288.0	279.86454096802686
TMEM161B	167.0	176.81926293892852
TMEM163	157.0	168.12273681145408
TMEM164	86.0	106.25173636293646
TMEM165	168.0	142.87673276556123
TMEM167A	22.0	24.430018975088036
TMEM167B	28.0	30.888669471230173
TMEM168	282.0	293.5174428873647
TMEM169	136.0	158.53463630919558
TMEM17	103.0	85.14526319451045
TMEM170A	107.0	86.22586877371049
TMEM170B	61.0	63.647421654822814
TMEM171	153.0	190.09782413645166
TMEM174	130.0	131.97314189407902
TMEM175	339.0	457.49694947355147
TMEM176A	125.0	136.78581190906718
TMEM176B	123.0	154.55400068236398
TMEM177	179.0	191.5015844740958
TMEM178A	210.0	204.95412277050772
TMEM178B	164.0	204.827965636511
TMEM179	127.0	175.31636745801146
TMEM179B	159.0	112.86432180072059
TMEM18	86.0	78.706419707404
TMEM181	245.0	255.40011529535423
TMEM182	109.0	102.23467581749013
TMEM183A	165.0	176.618187273714
TMEM184A	280.0	390.97828893551446
TMEM184B	240.0	276.2132281321785
TMEM184C	148.0	182.39412778597784
TMEM185A	45.0	84.4064368673344
TMEM185B	204.0	184.41787268550465
TMEM186	120.0	142.77429014288685
TMEM187	112.0	117.81883011193719
TMEM19	149.0	141.7133394340371
TMEM190	101.0	140.34984802763444
TMEM191B	29.0	167.98121760311483
TMEM191C	115.0	174.4276993014667
TMEM192	124.0	122.82165060330586
TMEM196	113.0	95.49896689608349
TMEM198	211.0	252.38438342428117
TMEM199	138.0	117.82049371903238
TMEM200A	224.0	243.18768037252113
TMEM200B	234.0	281.8500002237407
TMEM200C	462.0	460.0008389038414
TMEM201	417.0	541.6432570437329
TMEM202	122.0	120.631424860948
TMEM203	92.0	135.5650920575766
TMEM204	161.0	225.24348708345022
TMEM205	86.0	103.87364004787506
TMEM207	70.0	69.31927764273019
TMEM208	93.0	92.23841365506713
TMEM209	239.0	237.22474593238823
TMEM210	79.0	120.85091198862776
TMEM211	89.0	79.37425500119801
TMEM212	76.0	88.8641296436793
TMEM213	60.0	60.07537747230806
TMEM214	332.0	398.5327316782216
TMEM215	122.0	136.33797404105
TMEM216	58.0	72.07151145594521
TMEM217	76.0	94.63524051149956
TMEM218	66.0	67.56811930016511
TMEM219	113.0	122.63348624302071
TMEM220	80.0	80.84321276810715
TMEM221	172.0	188.8253329224218
TMEM222	131.0	128.84268969565883
TMEM223	145.0	102.97013883858362
TMEM225	101.0	103.88277507264617
TMEM225B	92.0	104.88095650011817
TMEM229A	264.0	355.2896866870156
TMEM229B	107.0	123.4135717287416
TMEM230	74.0	74.04047454851816
TMEM231	199.0	166.2692055736994
TMEM232	297.0	253.9574711698332
TMEM233	59.0	66.78192822839313
TMEM234	83.0	77.9733425646158
TMEM235	137.0	145.15112593638815
TMEM236	182.0	177.59907256995314
TMEM237	140.0	159.99558571136495
TMEM238	110.0	111.6249018527914
TMEM238L	25.0	9.959411700428635
TMEM239	94.0	108.81441365310079
TMEM240	123.0	204.1103416831303
TMEM241	114.0	139.28639640571413
TMEM242	57.0	79.80330346346825
TMEM243	72.0	54.05821282087558
TMEM244	45.0	44.78546053677971
TMEM245	537.0	446.34780255173894
TMEM247	106.0	156.79838111631824
TMEM248	184.0	155.81088559218344
TMEM249	165.0	200.84584330691717
TMEM25	197.0	238.5899007677499
TMEM250	135.0	141.57461585473
TMEM251	63.0	72.96097420010797
TMEM252	85.0	93.53664877071682
TMEM253	92.0	115.35516800653178
TMEM254	61.0	51.952175699665375
TMEM255A	104.0	99.52631902971306
TMEM255B	206.0	292.96786226601944
TMEM256	68.0	72.81269083215811
TMEM256-PLSCR3	43.0	41.83740784029422
TMEM258	40.0	39.67678071094723
TMEM259	494.0	626.8621384775284
TMEM26	227.0	183.49190384537914
TMEM260	314.0	353.17176220421857
TMEM262	54.0	62.09605959536604
TMEM263	50.0	47.64429089942196
TMEM265	53.0	58.64625706808713
TMEM266	310.0	314.59309922640654
TMEM267	88.0	90.67774902875163
TMEM268	176.0	167.31748392462407
TMEM269	93.0	102.20434944015369
TMEM270	135.0	140.44648213105637
TMEM271	177.0	65.31402230371751
TMEM272	63.0	74.22165290790498
TMEM273	66.0	70.40679402969978
TMEM275	63.0	31.880288253991708
TMEM30A	145.0	169.49116218577177
TMEM30B	248.0	261.8634276919072
TMEM31	47.0	47.41813439961471
TMEM33	112.0	111.07125384338953
TMEM35A	50.0	57.17595419426917
TMEM35B	89.0	89.93531942842105
TMEM37	127.0	127.4095087010206
TMEM38A	169.0	162.8786699583858
TMEM38B	131.0	132.37737823779986
TMEM39A	197.0	218.52272973895913
TMEM39B	285.0	280.52508515442634
TMEM40	106.0	111.43249676579843
TMEM41A	133.0	144.1069859317005
TMEM41B	144.0	120.1049144023674
TMEM42	115.0	111.64131017591407
TMEM43	199.0	249.50964053450707
TMEM44	277.0	251.81141602133465
TMEM45A	122.0	110.31224099846007
TMEM45B	143.0	144.18688145058024
TMEM47	62.0	50.66614158323665
TMEM50A	55.0	62.02318318912353
TMEM50B	64.0	60.267227814051495
TMEM51	147.0	165.25629471733671
TMEM52	136.0	182.53055284040167
TMEM52B	101.0	97.65127167952872
TMEM53	148.0	209.41991076287823
TMEM54	109.0	132.07577305564834
TMEM59	148.0	148.47981852639876
TMEM59L	219.0	214.40944723071757
TMEM60	56.0	54.879267515664125
TMEM61	109.0	131.21890993140465
TMEM62	268.0	271.4983543476242
TMEM63A	401.0	460.8981852508179
TMEM63B	444.0	493.2170449229006
TMEM63C	376.0	443.4994087709501
TMEM64	262.0	274.4869672946606
TMEM65	132.0	113.48672604367815
TMEM67	364.0	374.41607456301193
TMEM68	131.0	118.20896349005974
TMEM69	80.0	95.60516655107885
TMEM70	141.0	120.42224955030778
TMEM71	133.0	129.4737765428338
TMEM72	160.0	161.18114255766704
TMEM74	159.0	152.87809702711462
TMEM74B	151.0	203.17058940003358
TMEM79	213.0	250.3778717001862
TMEM80	92.0	113.26175229274938
TMEM81	132.0	124.37983350126417
TMEM82	221.0	253.51533351023622
TMEM86A	128.0	162.45303975995483
TMEM86B	173.0	180.52354177165859
TMEM87A	226.0	218.3807134512101
TMEM87B	219.0	222.0911802537767
TMEM88	139.0	122.81599972552121
TMEM88B	155.0	183.80314917504495
TMEM89	96.0	111.93921151942679
TMEM8B	349.0	359.3071322695981
TMEM9	88.0	106.3455792245953
TMEM91	87.0	104.88537105907992
TMEM92	85.0	96.37226002831937
TMEM94	751.0	950.8910912487946
TMEM95	77.0	102.18011134572113
TMEM97	76.0	89.35445789253598
TMEM98	103.0	113.58534398001947
TMEM9B	106.0	103.06292001071724
TMF1	461.0	427.9806405842836
TMIE	75.0	100.31038121103974
TMIGD1	109.0	108.29477168834539
TMIGD2	184.0	166.88970792018395
TMIGD3	151.0	169.11341666089604
TMLHE	105.0	97.91020320331752
TMOD1	181.0	184.35732612433142
TMOD2	123.0	140.2063047265575
TMOD3	143.0	137.92359036353676
TMOD4	131.0	159.29818140421168
TMPO	241.0	220.12855574403318
TMPPE	240.0	293.40070699481214
TMPRSS11A	167.0	165.82948416409786
TMPRSS11B	140.0	154.87809902301382
TMPRSS11D	179.0	166.4932321829572
TMPRSS11E	158.0	174.7711487514579
TMPRSS11F	166.0	156.67978350940902
TMPRSS12	150.0	142.0308431670349
TMPRSS13	268.0	319.20573565460694
TMPRSS15	446.0	413.0485102702687
TMPRSS2	257.0	302.4731465857895
TMPRSS3	257.0	311.5993228960015
TMPRSS4	205.0	231.34011683328822
TMPRSS5	225.0	200.78693170888315
TMPRSS6	453.0	529.0357476696249
TMPRSS7	364.0	341.92507767321024
TMPRSS9	805.0	791.7564493460865
TMSB10	17.0	21.653801393280773
TMSB15A	10.0	11.446132846206375
TMSB4X	12.0	13.696088292358889
TMSB4Y	7.0	3.8484918524325535
TMTC1	434.0	447.53704320481467
TMTC2	408.0	384.25439485214326
TMTC3	339.0	347.10353028322214
TMTC4	379.0	421.08013911775834
TMUB1	155.0	208.80618497163053
TMUB2	186.0	184.18918519903764
TMX1	133.0	120.56518633553308
TMX2	166.0	147.24316122947593
TMX3	189.0	162.91202545763468
TMX4	164.0	168.36373217286445
TNC	1007.0	1174.452616596244
TNF	123.0	163.17773748988503
TNFAIP1	166.0	190.49067169353734
TNFAIP2	405.0	465.8447560997545
TNFAIP3	339.0	413.0705901700456
TNFAIP6	113.0	104.90752139017377
TNFAIP8	94.0	83.7695770436753
TNFAIP8L1	127.0	120.12546732604461
TNFAIP8L2	91.0	106.99271927559941
TNFAIP8L3	98.0	99.69255248380681
TNFRSF10A	259.0	256.43198941485326
TNFRSF10B	230.0	249.34417909119122
TNFRSF10C	75.0	134.51765786629824
TNFRSF10D	186.0	215.90696870053165
TNFRSF11A	311.0	334.3507965929419
TNFRSF11B	185.0	191.10870462820196
TNFRSF12A	89.0	89.2315558310904
TNFRSF13B	173.0	189.21605781467858
TNFRSF13C	157.0	172.0488756550101
TNFRSF14	157.0	206.28722841676287
TNFRSF17	99.0	103.6490048184308
TNFRSF18	173.0	211.26052784031597
TNFRSF19	204.0	217.48361976809574
TNFRSF1A	254.0	288.34983525188363
TNFRSF1B	252.0	308.60838235968845
TNFRSF21	314.0	347.54375085118744
TNFRSF25	240.0	281.92094262564495
TNFRSF4	197.0	234.117483118689
TNFRSF6B	291.0	273.70983434516234
TNFRSF8	356.0	406.61680637797497
TNFRSF9	131.0	119.28959759626439
TNFSF10	111.0	116.39837363978037
TNFSF11	172.0	144.05578153622915
TNFSF12	150.0	173.79301099191335
TNFSF12-TNFSF13	177.0	198.91723541678942
TNFSF13	116.0	148.156091882372
TNFSF13B	125.0	140.4669233155389
TNFSF14	133.0	167.62695442301643
TNFSF15	116.0	121.27833902097973
TNFSF18	68.0	70.2339533300976
TNFSF4	76.0	86.66131097761432
TNFSF8	106.0	114.45615275234879
TNFSF9	195.0	213.4588990592174
TNIK	594.0	602.1988834267718
TNIP1	294.0	346.8893597445696
TNIP2	260.0	287.12090016223055
TNIP3	134.0	131.4583638427703
TNK1	353.0	403.69479990170925
TNK2	804.0	953.7664510477604
TNKS	849.0	874.2647414745921
TNKS1BP1	875.0	995.7892927535768
TNKS2	516.0	491.1955427990585
TNMD	73.0	79.79244838467007
TNN	710.0	695.6234008624167
TNNC1	85.0	93.77542060977865
TNNC2	81.0	92.76082035288448
TNNI1	79.0	109.96730199151624
TNNI2	126.0	155.68417882605104
TNNI3	120.0	133.92519326138213
TNNI3K	347.0	346.09068454483366
TNNT1	142.0	158.59479794215773
TNNT2	123.0	148.46309222705995
TNNT3	120.0	149.249295109467
TNP1	22.0	28.372916445193127
TNP2	80.0	81.52984786097448
TNPO1	362.0	355.95054430655466
TNPO2	481.0	538.8113322333477
TNPO3	372.0	420.80757782095463
TNR	687.0	730.6186468746134
TNRC18	2452.0	2810.339726471877
TNRC6A	847.0	856.4881032287833
TNRC6B	838.0	863.5510826109543
TNRC6C	811.0	907.1213388046746
TNS1	934.0	1135.4912973981386
TNS2	726.0	910.2765014615711
TNS3	815.0	883.2148673239107
TNS4	390.0	366.6427651360305
TNXB	2132.0	2697.50335296377
TOB1	154.0	159.57643626696648
TOB2	163.0	222.07150325245405
TOE1	221.0	280.2459782113238
TOGARAM1	758.0	758.3964997367082
TOGARAM2	593.0	565.3179620854904
TOLLIP	176.0	242.19497845713988
TOM1	270.0	301.9668151479356
TOM1L1	166.0	191.11018962499773
TOM1L2	256.0	274.6046899656185
TOMM20	55.0	65.10311436195849
TOMM20L	75.0	79.31706480925011
TOMM22	91.0	82.56325172139611
TOMM34	154.0	149.08547247299376
TOMM40	184.0	199.33911202094654
TOMM40L	151.0	160.26111155742964
TOMM5	26.0	33.37530252569545
TOMM6	44.0	45.635064112040254
TOMM7	27.0	23.878147648209115
TOMM70	257.0	242.30482969596304
TOMT	132.0	146.0495798252772
TONSL	868.0	1069.8851505225196
TOP1	271.0	362.0487140322454
TOP1MT	338.0	472.7394406925914
TOP2A	542.0	534.0841691256097
TOP2B	634.0	612.2379019322298
TOP3A	484.0	495.72412119196593
TOP3B	357.0	504.0140723434666
TOPAZ1	681.0	680.8012548031958
TOPBP1	598.0	579.8292708014451
TOPORS	473.0	471.52012368673246
TOR1A	168.0	179.81560489393786
TOR1AIP1	294.0	293.1045485393253
TOR1AIP2	214.0	208.42772428454933
TOR1B	166.0	185.93316584116528
TOR2A	203.0	226.39694214001813
TOR3A	227.0	223.76599955119246
TOR4A	362.0	362.9120841662972
TOX	225.0	257.7151520304438
TOX2	290.0	334.1391292220604
TOX3	291.0	292.6108347004081
TOX4	268.0	279.6960097101312
TP53	176.0	211.66835149884528
TP53AIP1	73.0	64.98566409662182
TP53BP1	822.0	812.641729427525
TP53BP2	485.0	540.774730434262
TP53I11	100.0	119.6460926599572
TP53I13	230.0	254.11093920585924
TP53I3	138.0	196.551477634667
TP53INP1	91.0	94.05753842559902
TP53INP2	145.0	157.07180023869768
TP53RK	131.0	143.4382506644232
TP53TG3D	2.0	50.61754012608735
TP53TG5	137.0	151.73528814318664
TP63	330.0	355.0174540789857
TP73	423.0	514.1425134835164
TPBG	338.0	299.90530949840047
TPBGL	380.0	374.98742860845147
TPCN1	446.0	510.5957696646663
TPCN2	405.0	493.30974035842536
TPD52	83.0	85.32319546603512
TPD52L1	75.0	90.22331482355911
TPD52L2	104.0	118.48235556256553
TPD52L3	79.0	74.31097072966016
TPGS1	247.0	279.6459464361411
TPGS2	130.0	137.83557619935831
TPH1	160.0	189.8712225198374
TPH2	220.0	205.75447993120886
TPI1	121.0	153.9927219930924
TPK1	103.0	100.75892405349656
TPM1	136.0	140.04361911987374
TPM2	143.0	169.27748808158142
TPM3	101.0	114.94963384957393
TPM4	120.0	141.76802038899257
TPMT	69.0	116.14114425343227
TPO	547.0	653.3309395166253
TPP1	272.0	333.014180601161
TPP2	510.0	551.1652160547543
TPPP	146.0	200.33852141780187
TPPP2	81.0	90.72210842916546
TPPP3	87.0	118.59449125766794
TPR	981.0	918.4599705441957
TPRA1	219.0	231.08827202897288
TPRG1	130.0	125.90921233786281
TPRG1L	182.0	212.5995317981791
TPRKB	71.0	64.05929662520184
TPRN	543.0	645.8416678253759
TPRX1	258.0	297.54118794417224
TPSAB1	74.0	125.11017383405238
TPSB2	78.0	107.94395883882214
TPSD1	176.0	205.87544878185622
TPSG1	302.0	294.7915828299199
TPST1	152.0	159.3538350190459
TPST2	229.0	267.28200084421485
TPT1	89.0	78.82505748313976
TPTE	130.0	146.50933289535638
TPTE2	175.0	194.53120188000224
TPTEP2-CSNK1E	241.0	277.5652958606066
TPX2	281.0	279.24670736879546
TRA2A	132.0	129.2224227539367
TRA2B	130.0	140.87841992971119
TRABD	243.0	358.5664896284949
TRABD2A	269.0	257.09165500573624
TRABD2B	263.0	329.56254567210715
TRAC	60.0	59.06493246351989
TRADD	220.0	237.91066368124882
TRAF1	206.0	243.40586744479074
TRAF2	329.0	347.328578797182
TRAF3	269.0	349.107988249626
TRAF3IP1	311.0	370.72466936360854
TRAF3IP2	251.0	269.5152858812978
TRAF3IP3	220.0	259.5137029098592
TRAF4	236.0	272.1455475772305
TRAF5	206.0	252.82388515215362
TRAF6	186.0	224.44588506250585
TRAF7	406.0	539.4994039482787
TRAFD1	223.0	267.4892291377012
TRAIP	187.0	233.43678120239773
TRAJ1	7.0	7.7421282324525915
TRAJ10	9.0	8.47796423224249
TRAJ11	8.0	6.066336382625553
TRAJ12	9.0	8.737498858423118
TRAJ13	5.0	6.67795427809445
TRAJ14	7.0	6.5223850696206505
TRAJ16	7.0	4.17845872454284
TRAJ17	7.0	5.58703033389314
TRAJ18	12.0	8.403654486136128
TRAJ19	8.0	6.382921003685205
TRAJ2	10.0	8.05543870733426
TRAJ20	9.0	4.305986923587971
TRAJ21	4.0	2.940745707925286
TRAJ22	9.0	8.275978351005328
TRAJ23	6.0	8.822023317603048
TRAJ24	7.0	5.204758176823129
TRAJ25	2.0	6.55669738847123
TRAJ26	8.0	9.446254617304765
TRAJ27	9.0	9.08722985209102
TRAJ28	14.0	9.274540494514515
TRAJ29	7.0	6.171006542285731
TRAJ3	5.0	7.097030011290229
TRAJ30	6.0	6.136909347023695
TRAJ31	7.0	6.503315553932095
TRAJ32	3.0	8.117071377389664
TRAJ33	7.0	5.996693025480201
TRAJ34	6.0	6.719253401377783
TRAJ35	10.0	9.639893802755818
TRAJ36	8.0	8.511119081932014
TRAJ37	4.0	4.800834806265408
TRAJ38	9.0	9.740770481976092
TRAJ39	5.0	7.842977215843944
TRAJ4	6.0	8.431467311930556
TRAJ40	8.0	7.7553098765143496
TRAJ41	10.0	11.398301721824613
TRAJ42	8.0	6.924195450233396
TRAJ43	5.0	6.6078569724428124
TRAJ44	12.0	6.928374957556821
TRAJ45	9.0	5.643594814413128
TRAJ46	10.0	7.796712086657415
TRAJ47	8.0	4.693115374851819
TRAJ48	3.0	7.620679453650153
TRAJ49	12.0	8.10780912113176
TRAJ5	10.0	6.96592296097144
TRAJ50	7.0	7.392110192755296
TRAJ52	9.0	7.440282280837324
TRAJ53	10.0	9.113143212271876
TRAJ54	6.0	8.97826378999594
TRAJ56	6.0	7.393306141770843
TRAJ57	10.0	8.758823229985614
TRAJ58	11.0	5.903706395415411
TRAJ59	8.0	6.162057666330452
TRAJ6	4.0	7.822254843062811
TRAJ61	12.0	3.4736732729073196
TRAJ7	5.0	7.664687811269933
TRAJ9	5.0	6.867548203498615
TRAK1	521.0	609.0151088825172
TRAK2	406.0	406.9450219875613
TRAM1	182.0	149.14098685403786
TRAM1L1	189.0	171.01999336829883
TRAM2	175.0	203.10040008345558
TRANK1	1396.0	1564.82681336846
TRAP1	508.0	482.0396959588999
TRAPPC1	85.0	91.57070177708863
TRAPPC10	509.0	584.701614848545
TRAPPC11	456.0	489.94858942357484
TRAPPC12	469.0	523.3798966297363
TRAPPC13	148.0	148.8651490699361
TRAPPC14	377.0	361.0872813890637
TRAPPC2	36.0	31.542357069457566
TRAPPC2B	46.0	57.059641115997486
TRAPPC2L	150.0	136.7562292476487
TRAPPC3	65.0	88.38294334157766
TRAPPC3L	81.0	77.4567336454397
TRAPPC4	129.0	121.06214673111978
TRAPPC5	146.0	170.49864174640206
TRAPPC6A	96.0	106.72849643921536
TRAPPC6B	80.0	63.14118884418286
TRAPPC8	630.0	550.173843357633
TRAPPC9	638.0	704.0907775383562
TRARG1	113.0	144.05271515747944
TRAT1	77.0	68.98784408399439
TRAV1-1	38.0	39.90723909237601
TRAV1-2	28.0	38.04419966349881
TRAV10	44.0	42.779022821413065
TRAV12-1	49.0	43.729374745300994
TRAV12-2	29.0	41.29775232360633
TRAV12-3	44.0	39.605587591856725
TRAV13-1	35.0	44.484647081339865
TRAV13-2	37.0	37.54281562272842
TRAV14DV4	41.0	40.681045073614776
TRAV16	42.0	38.43836706085049
TRAV17	40.0	41.76470172584917
TRAV18	44.0	45.99023839831542
TRAV19	40.0	40.57713324402241
TRAV2	40.0	44.91230235932185
TRAV20	45.0	41.410755184670975
TRAV21	46.0	45.542290794831075
TRAV22	45.0	44.614361104392266
TRAV23DV6	37.0	38.751496786565696
TRAV24	45.0	39.00199826655723
TRAV25	38.0	36.047633786574174
TRAV26-1	52.0	47.15360799042376
TRAV26-2	38.0	40.178106844979276
TRAV27	42.0	42.06479087687524
TRAV29DV5	39.0	38.654543023885935
TRAV3	44.0	49.544502592112416
TRAV30	41.0	42.48919595929625
TRAV34	31.0	41.64164649876147
TRAV36DV7	41.0	39.45038385284042
TRAV38-1	37.0	44.220452256156854
TRAV38-2DV8	41.0	43.37847965241529
TRAV39	42.0	40.52837776755245
TRAV4	42.0	49.953738859959245
TRAV40	32.0	44.73752983402874
TRAV41	35.0	41.768373147312936
TRAV5	37.0	42.681007227518634
TRAV6	46.0	47.964236235460454
TRAV7	34.0	42.15825110663842
TRAV8-1	42.0	41.413309972866905
TRAV8-2	40.0	48.556850447017354
TRAV8-3	34.0	44.28484747077468
TRAV8-4	57.0	55.3056248336989
TRAV8-6	30.0	46.92126406809136
TRAV8-7	41.0	42.72063417470765
TRAV9-1	34.0	40.34641998642583
TRAV9-2	55.0	44.57392023925654
TRBC1	76.0	67.8186866006891
TRBC2	83.0	90.93103082757257
TRBJ1-1	1.0	0.22220161175820732
TRBJ1-2	4.0	0.4082434362226483
TRBJ1-3	1.0	0.19592161094606914
TRBJ1-4	1.0	0.26298016218172243
TRBJ1-5	3.0	0.34556294307970387
TRBJ1-6	1.0	0.20330915038053549
TRBJ2-1	8.0	4.354193642596581
TRBJ2-2	7.0	9.916955284557021
TRBJ2-2P	7.0	8.776974121950623
TRBJ2-3	9.0	4.125589506780772
TRBJ2-4	10.0	5.89028056460425
TRBJ2-5	15.0	9.948778996859948
TRBJ2-6	10.0	14.229473012250436
TRBJ2-7	10.0	10.811807280695612
TRBV10-1	37.0	45.86802978478088
TRBV10-2	39.0	43.2258828476308
TRBV10-3	31.0	8.953053325820155
TRBV11-1	34.0	42.723846860539595
TRBV11-3	41.0	34.54487168872382
TRBV12-3	12.0	2.182449657612022
TRBV12-4	10.0	2.1008391906090464
TRBV12-5	5.0	1.7331181432240919
TRBV13	13.0	1.6667408900427134
TRBV14	16.0	2.0080442816908217
TRBV15	10.0	1.8123300650105605
TRBV17	18.0	1.8632933412861112
TRBV18	12.0	2.018481573504398
TRBV19	39.0	47.74166873360843
TRBV2	37.0	39.59821853920307
TRBV20-1	47.0	49.426051981548255
TRBV20OR9-2	47.0	53.86273838548548
TRBV23-1	41.0	33.45975039884307
TRBV24-1	41.0	41.43137102318368
TRBV25-1	47.0	39.84512273925283
TRBV27	38.0	43.19477041070801
TRBV28	39.0	43.711885033039664
TRBV29-1	34.0	42.66616703099515
TRBV3-1	33.0	36.3212824070674
TRBV30	33.0	42.846444214368795
TRBV4-1	46.0	46.50043006309423
TRBV4-2	45.0	41.0322587826257
TRBV5-1	44.0	44.85904008021161
TRBV5-3	36.0	43.03412805771248
TRBV5-4	48.0	41.75818692224697
TRBV5-5	44.0	42.358138402391276
TRBV5-6	45.0	45.231843806859416
TRBV5-7	49.0	44.555835187625135
TRBV6-1	37.0	49.308026488073
TRBV6-2	50.0	40.56237252019494
TRBV6-4	47.0	46.55898420965675
TRBV6-5	31.0	38.68946314322054
TRBV6-6	36.0	38.70813682643665
TRBV6-7	39.0	38.02228713903429
TRBV6-8	40.0	38.20929942739126
TRBV7-1	47.0	45.629837449014445
TRBV7-2	37.0	26.949670679285042
TRBV7-3	53.0	46.24066736536267
TRBV7-4	51.0	46.3344382918427
TRBV7-6	48.0	40.41834907267066
TRBV7-7	48.0	44.47287791060648
TRBV7-9	24.0	13.977562568636634
TRBV9	39.0	46.14474153015912
TRDC	57.0	57.90634187634921
TRDD1	0.0	0.07188405434704605
TRDD2	1.0	1.2791238770283035
TRDD3	3.0	2.050773932677717
TRDJ1	7.0	6.701197425576829
TRDJ2	8.0	5.515784046693175
TRDJ3	4.0	5.801160775145958
TRDJ4	4.0	6.1952614181957015
TRDMT1	187.0	160.43950838997844
TRDN	294.0	200.9520801377991
TRDV1	26.0	22.755635231749995
TRDV2	46.0	41.17985037508493
TRDV3	22.0	43.49169499995466
TREH	309.0	311.0025756194812
TREM1	110.0	120.21464214575288
TREM2	111.0	135.09180270770275
TREML1	153.0	174.14615471648392
TREML2	139.0	176.99166853326219
TREML4	92.0	97.12067449242878
TRERF1	636.0	706.2182596222019
TREX1	178.0	220.93153218912488
TREX2	121.0	102.41237791625115
TRGC1	52.0	53.87974400608519
TRGC2	56.0	66.72609832351796
TRGJ1	1.0	3.0201360193797777
TRGJ2	2.0	2.3457205503148506
TRGJP	11.0	9.134375274047935
TRGJP1	10.0	4.03179607879411
TRGJP2	12.0	6.234879030405567
TRGV1	45.0	46.48233440749769
TRGV10	42.0	39.91921651949049
TRGV11	22.0	29.307964550961742
TRGV2	54.0	49.1929379577998
TRGV3	60.0	48.5612973975546
TRGV4	37.0	45.72511477173136
TRGV5	48.0	42.89179001195623
TRGV8	47.0	47.98692220355318
TRGV9	61.0	62.09195175240495
TRH	131.0	146.81573428066787
TRHDE	509.0	502.1151145170379
TRHR	176.0	173.2137749840121
TRIAP1	35.0	41.64506428448308
TRIB1	230.0	259.21517767002246
TRIB2	189.0	228.5953813162051
TRIB3	208.0	277.42878723886975
TRIL	602.0	581.8109704287328
TRIM10	260.0	275.921001937452
TRIM11	281.0	350.0058133145337
TRIM13	193.0	167.36947987906885
TRIM14	299.0	249.31220780699908
TRIM15	252.0	255.50319022344274
TRIM16	229.0	291.5676369939295
TRIM17	246.0	316.70775372773244
TRIM2	373.0	421.6936136055301
TRIM21	256.0	258.21709411775817
TRIM22	225.0	241.62506207031657
TRIM23	234.0	236.16891782241575
TRIM24	456.0	462.7214238594917
TRIM25	321.0	350.20103457514483
TRIM26	273.0	318.3307060467972
TRIM27	266.0	295.29418141855
TRIM28	601.0	591.6280491460726
TRIM29	319.0	385.7472121829823
TRIM3	406.0	508.1980540398063
TRIM31	164.0	210.1052054853663
TRIM32	309.0	378.73390021490417
TRIM33	564.0	481.33382957278127
TRIM34	200.0	226.2717903165333
TRIM35	302.0	364.7285124589878
TRIM36	315.0	276.59668083235647
TRIM37	389.0	387.67087242226455
TRIM38	198.0	217.6946281222343
TRIM39	196.0	261.86784009183333
TRIM39-RPP21	212.0	271.76600392186435
TRIM4	224.0	226.9267712690649
TRIM40	114.0	130.45461323695022
TRIM41	407.0	491.65757825705384
TRIM42	354.0	372.7141690592067
TRIM43	64.0	112.07242532415475
TRIM43B	69.0	82.24555377448769
TRIM44	175.0	174.0903765889259
TRIM45	259.0	369.7113441412028
TRIM46	391.0	492.33628483059925
TRIM47	392.0	514.5260221355711
TRIM48	128.0	76.78583867884082
TRIM49	69.0	129.4139547734947
TRIM49B	196.0	165.18378680723637
TRIM49C	57.0	125.58245147618429
TRIM5	243.0	229.9928957831914
TRIM50	307.0	286.7565255116171
TRIM51	177.0	168.94606853488816
TRIM51GP	171.0	154.93480374367823
TRIM52	125.0	150.4447861088495
TRIM54	199.0	219.57056444179887
TRIM55	237.0	240.05778778810478
TRIM56	503.0	631.346215163449
TRIM58	273.0	304.6391258275202
TRIM59	163.0	156.63177014544146
TRIM6	215.0	262.2147459846916
TRIM6-TRIM34	345.0	404.7120540181197
TRIM60	189.0	197.11354753774006
TRIM61	16.0	51.09119969288558
TRIM62	278.0	347.3505553364214
TRIM63	175.0	171.63426536404313
TRIM64	8.0	79.80949352898203
TRIM64B	17.0	107.27435436547879
TRIM64C	212.0	172.30621991097274
TRIM65	346.0	362.76116687247054
TRIM66	616.0	715.8355687454518
TRIM67	481.0	513.1093865723262
TRIM68	225.0	261.78314464745534
TRIM69	209.0	206.36463569628106
TRIM7	351.0	394.1221255701912
TRIM71	645.0	717.0160887121247
TRIM72	301.0	283.8156286032742
TRIM73	8.0	85.00355489959104
TRIM74	12.0	70.37210602688741
TRIM75P	149.0	170.69903492464428
TRIM77	159.0	169.05943320384372
TRIM8	335.0	406.9290403609711
TRIM9	398.0	461.82216992392375
TRIML1	244.0	258.1974705058536
TRIML2	187.0	218.6923347224999
TRIO	1761.0	1850.403583862208
TRIOBP	1150.0	1354.7051244154359
TRIP10	321.0	428.8606762065459
TRIP11	762.0	804.1511095347378
TRIP12	905.0	916.2246688325649
TRIP13	207.0	244.87269294181402
TRIP4	270.0	225.0447003484028
TRIP6	255.0	300.0229831611881
TRIQK	33.0	29.780371238902124
TRIR	134.0	119.17977944748095
TRIT1	184.0	212.4343797482819
TRMO	239.0	199.75951860311054
TRMT1	382.0	411.5662282258788
TRMT10A	103.0	125.77345229236683
TRMT10B	137.0	129.37349829483114
TRMT10C	143.0	150.69869339361819
TRMT11	188.0	187.71425608699744
TRMT112	64.0	78.00903890007964
TRMT12	196.0	228.9436139435485
TRMT13	183.0	189.6523298642216
TRMT1L	301.0	305.23035263681993
TRMT2A	403.0	435.31740633640146
TRMT2B	132.0	144.7702331094126
TRMT44	391.0	552.1233572252273
TRMT5	198.0	205.54171348808757
TRMT6	217.0	225.13514077222257
TRMT61A	183.0	243.42358392887456
TRMT61B	206.0	236.07979260542618
TRMT9B	274.0	210.14286269905043
TRMU	241.0	296.1997481291485
TRNAU1AP	143.0	125.80493621561898
TRNP1	139.0	160.17064320752803
TRNT1	201.0	185.4553032746842
TRO	384.0	439.20150394629013
TROAP	352.0	404.9421773434933
TRPA1	441.0	426.65927776109794
TRPC1	288.0	344.78317099595245
TRPC3	424.0	494.196379575171
TRPC4	454.0	425.73434392004185
TRPC4AP	408.0	415.6674877475926
TRPC5	282.0	288.4944022645582
TRPC5OS	30.0	30.132225268774572
TRPC6	393.0	399.80397149394986
TRPC7	451.0	467.56995794316316
TRPM1	741.0	811.0777680782828
TRPM2	954.0	1114.783188346795
TRPM3	745.0	774.7491416632929
TRPM4	745.0	808.6213449001087
TRPM5	781.0	1209.0018890881183
TRPM6	892.0	832.5763524335766
TRPM7	699.0	660.911965593483
TRPM8	535.0	606.331229086409
TRPS1	578.0	634.9754269148439
TRPT1	137.0	135.8392160306523
TRPV1	515.0	548.2224140840649
TRPV2	417.0	463.0804424623086
TRPV3	438.0	568.6610535114266
TRPV4	489.0	577.8360692942762
TRPV5	399.0	413.83331119828716
TRPV6	373.0	477.08213421042365
TRRAP	2000.0	2151.809108442389
TRUB1	163.0	171.89617414992142
TRUB2	201.0	196.59707797164558
TSACC	54.0	54.08103057853639
TSBP1	171.0	203.6414486632983
TSC1	493.0	605.5286149960036
TSC2	1349.0	1494.208947306477
TSC22D1	586.0	503.1392651536621
TSC22D2	501.0	560.7250489546938
TSC22D3	77.0	73.12527196277688
TSC22D4	245.0	288.0970516239906
TSEN15	72.0	73.36134388393873
TSEN2	195.0	216.6959504456266
TSEN34	209.0	218.174071409162
TSEN54	304.0	323.96863341811337
TSFM	178.0	153.51717863011208
TSG101	174.0	171.259329054888
TSGA10	229.0	249.64292180951566
TSGA10IP	316.0	281.5972336292575
TSGA13	124.0	125.13758482386916
TSHB	57.0	55.88834297255679
TSHR	361.0	396.4313749427532
TSHZ1	632.0	888.3398655507635
TSHZ2	540.0	586.7821924309127
TSHZ3	608.0	742.4915430941911
TSKS	331.0	370.3011430039423
TSKU	220.0	292.91297115307236
TSLP	97.0	87.2636135639596
TSN	106.0	102.26995152724149
TSNARE1	328.0	404.2030977145488
TSNAX	110.0	121.70043851592648
TSNAX-DISC1	86.0	82.64796386629658
TSNAXIP1	347.0	370.0214411443766
TSPAN1	115.0	131.4403261244592
TSPAN10	241.0	266.98645526435604
TSPAN11	140.0	160.2331426611611
TSPAN12	119.0	125.75667720465752
TSPAN13	116.0	104.99705198391277
TSPAN14	139.0	145.1287537844046
TSPAN15	155.0	154.29540945630725
TSPAN16	123.0	132.34166997077662
TSPAN17	166.0	214.31264380629435
TSPAN18	143.0	150.82699562553782
TSPAN19	79.0	71.92864484864326
TSPAN2	114.0	95.45240403722508
TSPAN3	129.0	113.45441258931751
TSPAN31	87.0	88.16064981033036
TSPAN32	175.0	246.87357006068441
TSPAN33	119.0	133.70934307992596
TSPAN4	186.0	214.1491590169511
TSPAN5	110.0	123.26762019787483
TSPAN6	82.0	68.25964244874197
TSPAN7	78.0	79.38749964221867
TSPAN8	95.0	86.98679745837231
TSPAN9	145.0	160.37828181427028
TSPEAR	402.0	522.6901503513164
TSPO	114.0	103.5458481523978
TSPO2	81.0	100.73540113287811
TSPOAP1	913.0	1149.1657466157778
TSPY1	1.0	34.35681115082577
TSPY2	0.0	30.78735110299175
TSPY8	3.0	22.512187638549428
TSPYL1	259.0	260.9341648206266
TSPYL2	330.0	233.58649834119174
TSPYL4	211.0	221.0224812806532
TSPYL5	276.0	259.15655588573867
TSPYL6	259.0	246.42813933129668
TSR1	362.0	391.9835318120958
TSR2	60.0	53.56308305717623
TSR3	219.0	252.00139157829827
TSSC4	259.0	324.9636940039579
TSSK1B	198.0	253.84687936182294
TSSK2	209.0	284.3405287314324
TSSK3	146.0	157.45047572060852
TSSK4	151.0	169.74515282222032
TSSK6	202.0	205.85811904847094
TST	187.0	193.84208868326436
TSTD1	73.0	66.94497768542684
TSTD2	201.0	220.09634153550604
TSTD3	33.0	29.65350674847305
TTBK1	809.0	968.3334305149405
TTBK2	532.0	507.87787253140704
TTC1	127.0	125.62419775595298
TTC12	296.0	335.96329262978395
TTC13	384.0	396.9059472823953
TTC14	335.0	328.01682203216427
TTC16	438.0	546.0511994127997
TTC17	501.0	495.8333750514317
TTC19	204.0	201.94120150903703
TTC21A	587.0	701.0128417435408
TTC21B	524.0	525.4086372769754
TTC22	345.0	351.22642201886123
TTC23	203.0	220.69684789260205
TTC23L	159.0	157.01485962433733
TTC24	276.0	314.3818736271078
TTC26	197.0	221.85728616920431
TTC27	401.0	361.51218096268747
TTC28	1171.0	1359.765737961131
TTC29	209.0	184.64972163711178
TTC3	717.0	798.6390956607969
TTC30A	310.0	344.8151866326599
TTC30B	308.0	335.6755256367227
TTC31	225.0	258.2126671956327
TTC32	89.0	78.76746936219446
TTC33	107.0	102.56879234571862
TTC34	563.0	661.9393080375463
TTC36	112.0	102.25556085732079
TTC37	613.0	613.9154276454889
TTC38	254.0	354.8773080619896
TTC39A	254.0	285.362206368726
TTC39B	367.0	386.0732880355153
TTC39C	254.0	254.9608312363199
TTC4	144.0	164.28541711552955
TTC5	190.0	208.92106422976886
TTC6	804.0	859.0147870186497
TTC7A	521.0	646.2258121313699
TTC7B	405.0	483.5381477893821
TTC8	199.0	231.83066411665405
TTC9	148.0	149.88749719864182
TTC9B	156.0	168.41643235734398
TTC9C	92.0	81.91724851436575
TTF1	372.0	419.9889705829456
TTF2	483.0	621.7607518189732
TTI1	512.0	502.6458779264844
TTI2	254.0	257.76754243090795
TTK	302.0	291.7584944408298
TTL	175.0	186.28041748744434
TTLL1	225.0	223.1156731718089
TTLL10	408.0	573.6024833864676
TTLL11	381.0	406.8702184460093
TTLL12	437.0	468.67483822458814
TTLL13P	338.0	395.5969259464404
TTLL2	284.0	348.27142012113165
TTLL3	393.0	458.1680158490451
TTLL4	553.0	629.5122937278812
TTLL5	546.0	563.0916092565737
TTLL6	411.0	420.04738234717496
TTLL7	353.0	351.531810720288
TTLL8	434.0	868.0668619289567
TTLL9	179.0	200.64542793221548
TTN	14094.0	15660.73821409802
TTPA	148.0	115.23126526542232
TTPAL	169.0	180.23102043517721
TTR	75.0	71.84947966625836
TTYH1	308.0	310.72370055067324
TTYH2	272.0	356.8575929105935
TTYH3	360.0	378.7659568972108
TUB	293.0	317.84525563437586
TUBA1A	193.0	220.73654146164932
TUBA1B	197.0	211.69108147777868
TUBA1C	177.0	212.56443314965315
TUBA3C	269.0	288.66379198528676
TUBA3D	185.0	242.57271889799145
TUBA3E	177.0	229.10481102606545
TUBA4A	216.0	284.796051778596
TUBA4B	101.0	112.70790900918156
TUBA8	226.0	269.819552401813
TUBAL3	238.0	300.2485953245458
TUBB	205.0	246.90130399725726
TUBB1	226.0	307.59280079389634
TUBB2A	187.0	298.5544934682897
TUBB2B	166.0	315.70842519001235
TUBB3	332.0	513.7977171581734
TUBB4A	279.0	403.24028651185796
TUBB4B	390.0	343.00323164651843
TUBB6	280.0	366.7081217177832
TUBB8	245.0	261.94652970984953
TUBB8B	173.0	206.1059819986964
TUBD1	169.0	173.46506059801513
TUBE1	177.0	182.0554300018811
TUBG1	198.0	238.17864970134517
TUBG2	223.0	249.8995810900989
TUBGCP2	533.0	730.9745202258259
TUBGCP3	405.0	471.3416317749989
TUBGCP4	297.0	298.70741998542
TUBGCP5	456.0	437.26614526011747
TUBGCP6	1173.0	1446.1198225478824
TUFM	243.0	285.5615214219534
TUFT1	166.0	169.84687462722243
TULP1	297.0	316.84490410805665
TULP2	267.0	291.1965828155907
TULP3	183.0	202.83840807675784
TULP4	1000.0	1077.682701986069
TUNAR	10.0	6.763746041695689
TUSC1	192.0	139.97378344542864
TUSC2	61.0	59.37189931705309
TUSC3	212.0	208.64380109836304
TUT1	470.0	473.55442887043466
TUT4	618.0	663.5481823585833
TUT7	552.0	589.0994565488828
TVP23A	104.0	134.94082671613862
TVP23B	67.0	77.06340043649848
TVP23C	68.0	80.67674671307012
TVP23C-CDRT4	58.0	65.17454895362435
TWF1	96.0	123.21229365098799
TWF2	177.0	241.3678560915615
TWIST1	169.0	175.64121302792813
TWIST2	87.0	128.75249634344317
TWNK	349.0	403.2671975017075
TWSG1	86.0	98.52715828511641
TXK	203.0	211.96594059915188
TXLNA	257.0	280.8560781729984
TXLNB	302.0	323.0046455883639
TXLNG	182.0	158.15867763803945
TXN	35.0	38.61204424004208
TXN2	89.0	82.63876817659114
TXNDC11	571.0	686.6301135621912
TXNDC12	58.0	76.88840067302642
TXNDC15	169.0	173.68225949643784
TXNDC16	335.0	302.7094477242576
TXNDC17	62.0	65.39790324106569
TXNDC2	183.0	230.3296323519318
TXNDC5	241.0	280.43319931979937
TXNDC8	40.0	37.050911201484624
TXNDC9	72.0	84.4062993997747
TXNIP	234.0	173.529128366236
TXNL1	110.0	122.83313554646769
TXNL4A	83.0	88.97896141243396
TXNL4B	59.0	59.543608509044624
TXNRD1	291.0	265.87681496301025
TXNRD2	301.0	313.3845360911549
TXNRD3	296.0	288.47787755038485
TYK2	647.0	733.8354048519847
TYMP	363.0	401.85584690257224
TYMS	171.0	177.75049542588644
TYR	263.0	235.57102265977974
TYRO3	372.0	420.70823136533016
TYROBP	73.0	74.91739382656597
TYRP1	279.0	305.01067332463634
TYSND1	364.0	360.83143231776194
TYW1	274.0	296.1170633577992
TYW1B	248.0	261.9369418213214
TYW3	102.0	105.89776931295809
TYW5	121.0	137.80640923642918
U2AF1	8.0	36.75239644054205
U2AF1L4	92.0	101.92750459839169
U2AF1L5	4.0	24.317452124336288
U2AF2	284.0	343.4869971694991
U2SURP	408.0	381.3144352558901
UACA	557.0	565.7236191585812
UAP1	208.0	209.0182334756334
UAP1L1	323.0	439.6427290309809
UBA1	364.0	372.04560217565273
UBA2	278.0	270.50717058147484
UBA3	217.0	176.7776647795324
UBA5	135.0	148.56778411875698
UBA52	50.0	61.43642027950743
UBA6	376.0	377.9794036571385
UBA7	459.0	577.5207014602696
UBAC1	227.0	262.9235331724629
UBAC2	155.0	161.26291890929627
UBALD1	146.0	140.80968156712817
UBALD2	113.0	123.58713165433741
UBAP1	211.0	238.08270199470024
UBAP1L	243.0	268.9428439180954
UBAP2	526.0	554.4109033068776
UBAP2L	503.0	520.2862170819366
UBASH3A	363.0	402.20046587168093
UBASH3B	304.0	348.3913296652098
UBB	168.0	115.02589610429642
UBC	368.0	286.746092441003
UBD	75.0	81.571963050917
UBE2A	39.0	40.57581443389526
UBE2B	68.0	59.320272933876595
UBE2C	76.0	88.30904660009855
UBE2D1	57.0	51.93865436054612
UBE2D2	58.0	57.015548988076986
UBE2D3	56.0	55.534721636436196
UBE2D4	61.0	70.27876863915954
UBE2E1	87.0	107.61883713384479
UBE2E2	104.0	100.79599951048297
UBE2E3	78.0	102.50775472282974
UBE2F	66.0	87.77604308222867
UBE2F-SCLY	46.0	64.49282820126658
UBE2G1	74.0	64.99774851731641
UBE2G2	86.0	86.25974806782922
UBE2H	69.0	89.49930898081654
UBE2I	99.0	106.09289578131701
UBE2J1	127.0	125.52045395969303
UBE2J2	138.0	189.63311079078997
UBE2K	86.0	78.54333636691521
UBE2L3	44.0	63.01870377200372
UBE2L5	60.0	68.67914895393413
UBE2L6	74.0	82.45931075524467
UBE2M	97.0	110.12427121812388
UBE2N	70.0	70.57636626758652
UBE2NL	38.0	45.61562925755848
UBE2O	708.0	863.8743562934512
UBE2Q1	226.0	234.59401753002277
UBE2Q2	165.0	168.51569984086333
UBE2QL1	96.0	127.51854110016309
UBE2R2	106.0	141.7915523117751
UBE2S	133.0	167.45988730468895
UBE2T	67.0	78.85868514639353
UBE2U	107.0	113.13888938450224
UBE2V1	60.0	62.1016147404525
UBE2V2	61.0	45.80450425621012
UBE2W	53.0	45.956012753761115
UBE2Z	183.0	182.87290444255282
UBE3A	337.0	352.66802240655045
UBE3B	487.0	567.7263063248704
UBE3C	510.0	538.0652530739044
UBE3D	189.0	168.19046323569475
UBE4A	407.0	458.169674340751
UBE4B	596.0	665.9097776514852
UBFD1	178.0	184.42211230440947
UBIAD1	207.0	234.4438099685197
UBL3	49.0	47.330536423515284
UBL4A	72.0	51.21043522946418
UBL4B	94.0	98.81300070906596
UBL5	28.0	38.42383605277588
UBL7	157.0	191.69159813257502
UBLCP1	122.0	124.74484580709584
UBN1	726.0	804.1822618443399
UBN2	661.0	684.3617114735687
UBOX5	283.0	319.3458398486832
UBP1	224.0	238.36339046580787
UBQLN1	267.0	256.34943538221063
UBQLN2	252.0	213.95414711568094
UBQLN3	358.0	414.64398090664105
UBQLN4	258.0	303.58240060329445
UBQLNL	223.0	234.4838170777864
UBR1	675.0	655.4204504687087
UBR2	672.0	675.1070796183058
UBR3	748.0	748.6813918001342
UBR4	2455.0	2728.7237313423493
UBR5	1151.0	1171.266842590603
UBR7	167.0	171.88543738840366
UBTD1	116.0	167.09859597946718
UBTD2	98.0	107.1794508644103
UBTF	417.0	436.6081167441771
UBTFL1	56.0	143.66342294362047
UBXN1	172.0	143.9467832832529
UBXN10	131.0	157.34020330666513
UBXN11	294.0	329.4135691727146
UBXN2A	97.0	94.17658215795453
UBXN2B	145.0	132.81315149515294
UBXN4	203.0	185.64964124840617
UBXN6	316.0	399.5735642436767
UBXN7	208.0	222.00324402461203
UBXN8	109.0	101.18725414109426
UCHL1	132.0	110.95009282772364
UCHL3	90.0	89.63445258484936
UCHL5	111.0	129.52095699426144
UCK1	168.0	208.2771148414012
UCK2	125.0	135.2041219970078
UCKL1	410.0	450.07971245645064
UCMA	76.0	76.80402260486616
UCN	95.0	121.54165962485969
UCN2	64.0	69.74710126897087
UCN3	100.0	143.20670792795596
UCP1	164.0	164.86254749836868
UCP2	142.0	157.5727498157487
UCP3	184.0	178.89363582705585
UEVLD	197.0	187.35752244352292
UFC1	61.0	76.44714137610464
UFD1	128.0	144.18627923493875
UFL1	335.0	302.17766819269036
UFM1	27.0	36.2805495495795
UFSP1	119.0	111.65461193819824
UFSP2	183.0	204.16000200933996
UGCG	182.0	154.90443967866267
UGDH	168.0	193.00228806290227
UGGT1	628.0	624.1555766314029
UGGT2	580.0	571.2951654229473
UGP2	225.0	213.0862679717544
UGT1A1	249.0	306.3073597951916
UGT1A10	284.0	279.6217143594672
UGT1A3	262.0	296.83113265521666
UGT1A4	283.0	298.9407370800561
UGT1A5	257.0	298.50761696316266
UGT1A6	238.0	286.53547232300417
UGT1A7	274.0	280.47740579981337
UGT1A8	275.0	279.12307779539117
UGT1A9	278.0	283.47335650464913
UGT2A1	240.0	196.02088353977416
UGT2A2	242.0	209.33557772207882
UGT2A3	243.0	207.2064340473217
UGT2B10	225.0	189.6625091077008
UGT2B11	273.0	195.34721024620652
UGT2B15	219.0	200.73476692091026
UGT2B17	146.0	327.18926989569525
UGT2B28	204.0	187.29015741098226
UGT2B4	246.0	212.18223027270625
UGT2B7	225.0	205.98946881228122
UGT3A1	256.0	246.4150454607839
UGT3A2	241.0	247.7482566304992
UGT8	224.0	242.46677466106988
UHMK1	231.0	198.4264926472839
UHRF1	455.0	579.1138827452608
UHRF1BP1	585.0	659.4128896920843
UHRF1BP1L	574.0	567.4002802928294
UHRF2	385.0	390.4811671273839
UIMC1	281.0	303.90929913634227
ULBP1	129.0	125.53664547250125
ULBP2	82.0	123.50830258226216
ULBP3	114.0	135.84536706695337
ULK1	790.0	893.999568837114
ULK2	452.0	445.07219271146784
ULK3	240.0	252.96439233802184
ULK4	534.0	539.5901338393898
UMAD1	56.0	64.45495502048533
UMOD	398.0	355.61777782857047
UMODL1	721.0	907.5719291904344
UMPS	208.0	221.0965589703643
UNC119	138.0	146.64302846305773
UNC119B	144.0	166.83188129083695
UNC13A	920.0	901.4038418222771
UNC13B	1163.0	1083.8550100974408
UNC13C	992.0	1024.5450792401127
UNC13D	588.0	754.8280876855349
UNC45A	495.0	593.5633814334007
UNC45B	462.0	468.62504916289055
UNC50	118.0	114.33033128819501
UNC5A	438.0	699.3442538196265
UNC5B	577.0	594.222133578529
UNC5C	487.0	452.2455756159878
UNC5CL	285.0	327.93840528927797
UNC5D	452.0	471.25010656891106
UNC79	1107.0	1270.59469548662
UNC80	1486.0	1623.1217494580055
UNC93A	280.0	321.307312260637
UNC93B1	334.0	342.2355424519447
UNCX	459.0	560.9983610054613
UNG	172.0	175.24323696386585
UNK	441.0	520.6634949256177
UNKL	608.0	599.2887903194971
UPB1	207.0	205.87434857754263
UPF1	649.0	778.4924540138073
UPF2	540.0	627.6788433578524
UPF3A	237.0	230.81353840868312
UPF3B	117.0	122.73819167748738
UPK1A	135.0	138.52847952181097
UPK1B	81.0	108.98625258220551
UPK2	102.0	120.41005995000914
UPK3A	171.0	181.52891968168512
UPK3B	141.0	161.78367756996636
UPK3BL1	4.0	34.67897247903227
UPK3BL2	2.0	35.629929720122675
UPP1	165.0	176.84295919362583
UPP2	127.0	140.67105200005238
UPRT	77.0	91.95508626116657
UQCC1	111.0	124.87497844142833
UQCC2	57.0	72.84191354132916
UQCC3	57.0	57.946915490056035
UQCR10	40.0	34.68017416016566
UQCR11	34.0	40.85959370325356
UQCRB	39.0	41.72272056200633
UQCRC1	276.0	288.080775158052
UQCRC2	193.0	198.19779603003
UQCRFS1	105.0	142.38309214145679
UQCRH	41.0	44.26088818165868
UQCRHL	46.0	47.03012572186157
UQCRQ	50.0	51.42103635006317
URAD	144.0	132.9477447059023
URB1	1153.0	1314.9450942839235
URB2	755.0	867.9001848395001
URGCP	444.0	583.6575320815338
URGCP-MRPS24	49.0	62.03720424812686
URI1	251.0	241.93398451171578
URM1	48.0	58.89607533287581
UROC1	361.0	415.71244087977516
UROD	148.0	201.40185471956428
UROS	114.0	129.1708903044348
USB1	143.0	147.48977618464272
USE1	149.0	143.1509979971547
USF1	150.0	152.73922374075264
USF2	239.0	247.2608551446225
USF3	893.0	934.8631440391192
USH1C	465.0	503.27563714611864
USH1G	266.0	351.69485959925834
USH2A	2413.0	2429.8339153695883
USHBP1	322.0	369.19737800822185
USO1	378.0	332.0659148060073
USP1	354.0	299.8410889810302
USP10	454.0	507.02059382503467
USP11	368.0	337.9367299449567
USP12	149.0	153.40960148325303
USP13	377.0	413.48297322017333
USP14	192.0	202.86899875134426
USP15	364.0	367.14026953601757
USP16	303.0	298.6095292260816
USP17L1	230.0	249.34894616281974
USP17L10	48.0	37.98645849487933
USP17L11	1.0	14.792998006252539
USP17L13	5.0	1.0526982632621784
USP17L15	14.0	7.640690173180273
USP17L17	0.0	19.86488407225988
USP17L18	1.0	51.098790704238084
USP17L2	231.0	211.73333231373311
USP17L22	2.0	20.237174800991852
USP17L23	0.0	17.207877423879875
USP17L3	6.0	17.888070256459805
USP17L4	92.0	154.86363810775262
USP17L7	330.0	243.30493175528207
USP17L8	8.0	13.442295759773543
USP18	114.0	176.82787052797582
USP19	701.0	828.8973614179909
USP2	296.0	367.90497241142816
USP20	481.0	676.5276943269512
USP21	263.0	312.6393066693276
USP22	279.0	302.5475743243536
USP24	1098.0	1077.0746738539283
USP25	464.0	555.8942916719683
USP26	236.0	252.10066427907338
USP27X	109.0	139.26321592291131
USP28	447.0	463.04417585637975
USP29	386.0	424.51071038104885
USP3	222.0	280.7993693474796
USP30	229.0	261.74004498958794
USP31	749.0	755.6292645656249
USP32	517.0	643.5212444602399
USP33	350.0	334.93412230146544
USP34	1647.0	1377.141610998371
USP35	714.0	677.9720047162918
USP36	628.0	694.6427870016869
USP37	365.0	391.50367096766723
USP38	468.0	510.01533173775044
USP39	303.0	264.7401066344868
USP4	415.0	439.4830894498972
USP40	498.0	532.0682289783109
USP41	101.0	127.38565810808484
USP42	933.0	955.0133802203376
USP43	598.0	689.4440921772709
USP44	297.0	300.9224486396615
USP45	281.0	295.9324652373389
USP46	155.0	159.16427495089286
USP47	531.0	555.1925953448091
USP48	396.0	435.76663418008695
USP49	408.0	403.11855499470533
USP5	460.0	526.352378945938
USP50	139.0	134.29398227804205
USP51	248.0	224.3571936330057
USP53	375.0	402.5336501388177
USP54	655.0	716.0368198114145
USP6	562.0	689.8391358514162
USP6NL	432.0	509.0539342917308
USP7	562.0	544.5552551315793
USP8	392.0	405.5055382706642
USP9X	645.0	685.0052056919953
USP9Y	220.0	166.98889479162176
USPL1	451.0	464.8004745645081
UST	215.0	224.95389097895102
UTF1	344.0	368.291446529419
UTP11	111.0	110.1361181293555
UTP14A	169.0	218.36857587165414
UTP14C	315.0	330.0912065818692
UTP15	211.0	203.50120483276248
UTP18	282.0	259.6997551169651
UTP20	1151.0	1154.993290593367
UTP23	108.0	108.01400692348255
UTP25	329.0	354.1521630184815
UTP3	242.0	228.20449567805866
UTP4	348.0	310.2472710169914
UTP6	215.0	229.1105120609554
UTRN	1442.0	1469.7127951676998
UTS2	52.0	53.3684533597154
UTS2B	57.0	51.148164018772704
UTS2R	335.0	382.5243911698077
UTY	131.0	99.45607243217493
UVRAG	323.0	316.1419530061692
UVSSA	454.0	547.3906973252165
UXS1	213.0	196.6016733947642
UXT	54.0	54.56537012285804
VAC14	447.0	501.5118948533438
VAMP1	37.0	58.8734978767116
VAMP2	67.0	71.05733551600518
VAMP3	49.0	47.722065513268525
VAMP4	31.0	46.91427495304026
VAMP5	62.0	63.68539491593605
VAMP7	95.0	92.13031333704886
VAMP8	42.0	44.15115227134827
VANGL1	257.0	272.01403014432515
VANGL2	295.0	342.80486363913553
VAPA	112.0	113.4786421351051
VAPB	112.0	120.05018352501405
VARS1	595.0	848.7275572397934
VARS2	483.0	605.4013822277577
VASH1	214.0	204.5253036276812
VASH2	188.0	189.7400378910831
VASN	499.0	684.269154738448
VASP	233.0	238.77890483104687
VAT1	212.0	223.53386505535929
VAT1L	253.0	274.35441150627565
VAV1	394.0	469.5238730023818
VAV2	492.0	599.9715603935531
VAV3	349.0	338.5815356598413
VAX1	256.0	308.6038094695211
VAX2	183.0	205.93690491333393
VBP1	61.0	48.9548427819186
VCAM1	338.0	355.1654595872429
VCAN	1413.0	1420.9334797505448
VCL	458.0	516.7032292544029
VCP	384.0	393.94972287436605
VCPIP1	543.0	554.8372754804757
VCPKMT	138.0	112.2050601082683
VCX	17.0	47.82678163840044
VCX2	37.0	27.912981019781515
VCX3A	6.0	34.5908385568185
VCX3B	15.0	65.35650102088927
VDAC1	130.0	138.30229351071722
VDAC2	109.0	115.42436977678446
VDAC3	100.0	121.3155759136629
VDR	242.0	244.08042852714595
VEGFA	219.0	267.6009544142268
VEGFB	141.0	132.29037137706098
VEGFC	232.0	216.80954116634365
VEGFD	93.0	97.34393350532228
VENTX	177.0	202.3095519010621
VEPH1	297.0	357.25530989456934
VEZF1	236.0	233.50091958646723
VEZT	325.0	306.4953810548354
VGF	473.0	515.2205196849637
VGLL1	87.0	84.79787417352728
VGLL2	220.0	206.32879537055925
VGLL3	180.0	155.03324417864434
VGLL4	222.0	203.16609937846417
VHL	167.0	131.18517003614474
VHLL	77.0	78.65978647653156
VIL1	394.0	460.56294203777304
VILL	431.0	533.7394617296372
VIM	245.0	298.1665676586839
VIP	70.0	67.76095002859296
VIPAS39	192.0	217.08324633144974
VIPR1	251.0	262.20280554731374
VIPR2	243.0	290.20805552206167
VIRMA	709.0	713.0189771757939
VIT	374.0	374.80967645846374
VKORC1	94.0	96.73571866763018
VKORC1L1	96.0	103.30922425926087
VLDLR	436.0	446.1830812140425
VMA21	47.0	33.224296634358325
VMAC	96.0	99.51190152306725
VMO1	117.0	146.38189137861153
VMP1	149.0	157.96409799732896
VN1R1	168.0	156.90365992558225
VN1R2	160.0	197.67735820923485
VN1R4	97.0	144.32565242006436
VN1R5	153.0	170.66757614821512
VNN1	233.0	227.8485494650102
VNN2	230.0	228.2511918900023
VNN3	130.0	121.89315264694663
VOPP1	83.0	93.11703910270266
VPREB1	86.0	82.36200883049273
VPREB3	78.0	69.52702707872595
VPS11	453.0	490.16447876163846
VPS13A	1231.0	1179.782785637939
VPS13B	1676.0	1680.6372650155029
VPS13C	1578.0	1469.2724167312826
VPS13D	1951.0	2143.5870375084355
VPS16	406.0	522.3289759139373
VPS18	523.0	667.3637097549463
VPS25	101.0	86.45189203082988
VPS26A	110.0	112.54202353178158
VPS26B	190.0	225.53408723983443
VPS26C	134.0	177.81575254997477
VPS28	164.0	154.49763136687076
VPS29	81.0	79.00619156847158
VPS33A	311.0	317.3016612532197
VPS33B	280.0	375.4600795480462
VPS35	268.0	324.8110703650156
VPS35L	423.0	455.0384090042422
VPS36	138.0	155.17061837631883
VPS37A	195.0	201.97004362835858
VPS37B	175.0	204.85278967506315
VPS37C	207.0	225.065071778009
VPS37D	174.0	158.51385151034415
VPS39	378.0	404.5499993300717
VPS41	335.0	328.74156464971986
VPS45	220.0	234.1435779668205
VPS4A	293.0	263.2853247302148
VPS4B	177.0	185.3930013513452
VPS50	365.0	315.44129661346915
VPS51	473.0	515.0240757984117
VPS52	348.0	366.4843206811414
VPS53	409.0	454.25850498740164
VPS54	371.0	369.9034595504421
VPS72	173.0	188.52271571620102
VPS8	571.0	555.3609317538652
VPS9D1	481.0	448.1429940710185
VRK1	137.0	150.40366818785003
VRK2	231.0	242.3061473855501
VRK3	246.0	253.45618453718072
VRTN	381.0	501.7255563286781
VSIG1	126.0	121.65436344709425
VSIG10	260.0	274.4163784060612
VSIG10L	499.0	591.8211336860171
VSIG10L2	364.0	596.2757332082306
VSIG2	178.0	197.4008511565749
VSIG4	169.0	123.23107699556023
VSIG8	290.0	250.30097007578848
VSIR	179.0	193.7166136369361
VSNL1	93.0	104.83448509626746
VSTM1	115.0	129.33918221880765
VSTM2A	142.0	134.50723555284796
VSTM2B	226.0	221.00777744024558
VSTM2L	127.0	146.81006384436705
VSTM4	182.0	184.7754453474474
VSTM5	100.0	109.13013986098595
VSX1	247.0	205.6347717262339
VSX2	243.0	217.39892530628597
VTA1	142.0	137.21836411822872
VTCN1	116.0	159.75808561809916
VTI1A	87.0	111.35436145059741
VTI1B	100.0	109.08476577987625
VTN	238.0	274.55171536584845
VWA1	368.0	427.1796580771857
VWA2	407.0	511.79071159110646
VWA3A	476.0	535.7680931766295
VWA3B	596.0	585.7784080875124
VWA5A	334.0	379.8499870811072
VWA5B1	682.0	739.6163941051292
VWA5B2	708.0	864.2149788203294
VWA7	424.0	552.18841707263
VWA8	852.0	801.8754379135505
VWC2	213.0	186.7145534737354
VWC2L	96.0	99.97463108694143
VWCE	497.0	505.44889394464457
VWDE	738.0	846.2294802669172
VWF	1385.0	1723.1421849181038
VXN	120.0	95.96107918873491
WAC	304.0	282.4973603427838
WAPL	480.0	469.5319400245148
WARS1	208.0	246.2313360229394
WARS2	174.0	171.27361310218396
WAS	182.0	171.96912605872689
WASF1	205.0	234.48667954623647
WASF2	200.0	247.90909222962986
WASF3	242.0	278.7053993706061
WASH6P	26.0	75.69679768157611
WASHC1	39.0	94.33634294644058
WASHC2A	340.0	504.7651937583295
WASHC2C	337.0	519.6686050081124
WASHC3	77.0	65.25943601780835
WASHC4	446.0	430.8049475835134
WASHC5	467.0	504.18336200313297
WASL	249.0	225.95070553926428
WBP1	122.0	145.38306254147807
WBP11	255.0	283.6054058858908
WBP1L	173.0	196.84610425630723
WBP2	153.0	152.89079887848465
WBP2NL	151.0	155.49753985809835
WBP4	142.0	139.21108177250622
WDCP	302.0	330.1272723450246
WDFY1	192.0	206.3417724318529
WDFY2	176.0	195.75388922465459
WDFY3	1521.0	1474.8873146548162
WDFY4	1622.0	1649.431079615202
WDHD1	434.0	401.6176045540842
WDPCP	315.0	309.796217813123
WDR1	424.0	431.82231636216636
WDR11	484.0	568.5793908105974
WDR12	158.0	171.62516337259868
WDR13	201.0	187.5706740605925
WDR17	517.0	532.7417893542075
WDR18	315.0	330.4329171070525
WDR19	497.0	515.6186388786301
WDR20	298.0	345.79459324730726
WDR24	565.0	701.0579574581856
WDR25	248.0	336.7882415328842
WDR26	415.0	444.77332417089156
WDR27	449.0	477.4987045200682
WDR3	390.0	373.88728444801296
WDR31	137.0	161.18898617373054
WDR33	505.0	704.4054020538376
WDR35	448.0	503.8648471101104
WDR36	410.0	435.428673437284
WDR37	250.0	309.9578286944005
WDR38	164.0	206.75286144522738
WDR4	268.0	287.50792100072636
WDR41	185.0	188.237008289651
WDR43	331.0	288.1522644902695
WDR44	220.0	240.45226006612057
WDR45	99.0	119.72642951596161
WDR45B	169.0	198.45149155090587
WDR46	278.0	342.1236395413366
WDR47	375.0	350.8524295871211
WDR48	278.0	292.1817800630982
WDR49	425.0	413.42748210213415
WDR5	144.0	201.3443021367379
WDR53	157.0	179.6370161200079
WDR54	169.0	184.82324965577914
WDR55	164.0	203.36479920220563
WDR59	601.0	488.2921179145715
WDR5B	150.0	146.1164425084072
WDR6	569.0	706.0266838544517
WDR61	122.0	135.2984665419519
WDR62	792.0	881.5173551150642
WDR64	444.0	481.4590457332206
WDR7	612.0	658.8097723543659
WDR70	280.0	275.51930523342463
WDR72	452.0	427.26694913483624
WDR73	197.0	184.30978945564408
WDR74	191.0	194.85912869947552
WDR75	333.0	336.2276223946409
WDR76	292.0	259.53952888491335
WDR77	186.0	150.88985475112298
WDR81	1183.0	1567.0870974542977
WDR82	129.0	144.10630669712577
WDR83	174.0	201.33640686124969
WDR83OS	68.0	61.99517554344858
WDR86	255.0	306.7842818176532
WDR87	1173.0	1299.089468752762
WDR88	235.0	241.24865364183367
WDR89	138.0	152.50608591236858
WDR90	1265.0	1468.5628156572454
WDR91	362.0	443.31317641908174
WDR93	283.0	313.1155338555592
WDR97	802.0	946.4536535686196
WDSUB1	194.0	194.56433021801053
WDTC1	326.0	389.96604386931193
WEE1	349.0	349.4777846725735
WEE2	240.0	257.54510261721185
WFDC1	184.0	196.25809102998042
WFDC10A	36.0	33.759013476321286
WFDC10B	26.0	33.3694151722228
WFDC11	32.0	35.40264379530602
WFDC12	48.0	54.25122592173942
WFDC13	38.0	39.728107771371384
WFDC2	74.0	69.36091471333474
WFDC3	103.0	107.99429477639747
WFDC5	109.0	118.17706739239912
WFDC6	28.0	38.30474290611182
WFDC8	106.0	97.7842023442315
WFDC9	33.0	32.83061796425722
WFIKKN1	468.0	523.8075126766646
WFIKKN2	345.0	473.70254621391894
WFS1	860.0	948.1828506101099
WHAMM	419.0	409.96085142824575
WHRN	560.0	666.493928093777
WIF1	171.0	161.6182352685359
WIPF1	268.0	274.96934824865684
WIPF2	210.0	215.15618470233696
WIPF3	329.0	286.75185069915005
WIPI1	195.0	232.33495741198672
WIPI2	268.0	352.89333349022354
WIZ	1125.0	1522.2889516532127
WLS	246.0	255.72752519599405
WNK1	1090.0	1257.2623382477746
WNK2	1439.0	1542.193323820541
WNK3	404.0	482.2224577284682
WNK4	655.0	736.3114100372047
WNT1	208.0	271.4885766063786
WNT10A	255.0	279.8720523101863
WNT10B	204.0	235.40616978527194
WNT11	200.0	207.81533136041455
WNT16	180.0	198.2067408024059
WNT2	163.0	190.12443435973915
WNT2B	220.0	213.79865680345495
WNT3	212.0	233.65821856002967
WNT3A	187.0	249.4942793100457
WNT4	200.0	292.49598335896314
WNT5A	210.0	226.89733469669554
WNT5B	213.0	259.9009027244163
WNT6	249.0	233.3095400476932
WNT7A	190.0	258.47885640271386
WNT7B	243.0	345.92004610253764
WNT8A	167.0	170.41775888255557
WNT8B	199.0	203.86123842599582
WNT9A	236.0	298.43929640866133
WNT9B	218.0	252.19806812400805
WRAP53	283.0	334.46996424653406
WRAP73	265.0	325.44471738074293
WRN	548.0	573.9938176723077
WRNIP1	547.0	521.8108795499433
WSB1	179.0	174.83049432428157
WSB2	191.0	221.06651701816614
WSCD1	361.0	534.3814424035313
WSCD2	301.0	337.1152713366486
WT1	312.0	311.24422147358007
WTAP	194.0	181.1302972870301
WTIP	314.0	296.23104039310846
WWC1	524.0	621.6942051579238
WWC2	558.0	576.7468161715008
WWC3	449.0	453.2948935162747
WWOX	359.0	270.6547554016697
WWP1	332.0	346.9992861257631
WWP2	449.0	505.528319237294
WWTR1	230.0	221.83648735281315
XAB2	497.0	730.5487314369011
XAF1	120.0	140.49594433619305
XAGE2	31.0	27.672588544097277
XAGE3	26.0	29.685387628297256
XAGE5	17.0	25.43218052793954
XBP1	191.0	175.042078621531
XCL1	48.0	51.10217332019596
XCL2	46.0	48.00987113339483
XCR1	187.0	213.10934771849384
XDH	669.0	684.9038231532401
XG	77.0	66.31054875388273
XIAP	98.0	123.98030399564341
XIRP1	984.0	1178.7874466107883
XIRP2	1490.0	1434.3908299619707
XK	149.0	150.71492262212848
XKR3	193.0	189.57167796634914
XKR4	354.0	381.36814937640054
XKR5	466.0	482.63757424224787
XKR6	524.0	549.0615495800537
XKR7	346.0	384.11598203813776
XKR8	213.0	262.1773643134163
XKR9	168.0	136.2112452180651
XKRX	114.0	137.98442317055736
XPA	133.0	113.72489403687632
XPC	442.0	513.6827238127995
XPNPEP1	307.0	320.685569018044
XPNPEP2	235.0	211.86975664229533
XPNPEP3	212.0	229.408859416441
XPO1	419.0	400.84932412524904
XPO4	439.0	476.2628247613208
XPO5	537.0	516.8102965606926
XPO6	524.0	578.7410919110592
XPO7	580.0	526.172860641492
XPOT	348.0	361.7712818056546
XPR1	300.0	307.28645426908747
XRCC1	281.0	344.54558654748774
XRCC2	106.0	125.67850615088949
XRCC3	223.0	249.04018170642442
XRCC4	123.0	118.90421707147718
XRCC5	281.0	299.61007963565453
XRCC6	270.0	268.8476837719499
XRN1	643.0	642.6678029471065
XRN2	354.0	374.7662438375821
XRRA1	348.0	377.98735685812386
XXYLT1	257.0	279.5427132389143
XYLB	245.0	258.14236945415155
XYLT1	588.0	592.486081979913
XYLT2	474.0	548.4917110377969
YAE1	101.0	103.05193529128448
YAF2	74.0	74.7001786504496
YAP1	265.0	264.7872061717774
YARS1	234.0	260.1518080100578
YARS2	287.0	282.6507365010907
YBEY	101.0	102.99643955240661
YBX1	133.0	168.31550796960914
YBX2	188.0	268.2247100683102
YBX3	195.0	199.07876819517315
YDJC	224.0	224.46321965788448
YEATS2	631.0	683.4936844425098
YEATS4	85.0	82.08378790434017
YES1	198.0	226.40808969528882
YIF1A	175.0	182.7513457117815
YIF1B	186.0	199.31346939594056
YIPF1	128.0	130.14003907078686
YIPF2	194.0	227.97650531114434
YIPF3	190.0	203.07250771484826
YIPF4	115.0	93.8466174754547
YIPF5	104.0	110.29683733185504
YIPF6	67.0	60.38039444302806
YIPF7	137.0	105.81510613085801
YJEFN3	227.0	214.45692265098432
YJU2	184.0	208.28544343196086
YJU2B	246.0	247.13774406022947
YKT6	86.0	101.92019381485815
YLPM1	984.0	937.1805062740428
YME1L1	284.0	283.4724817710775
YOD1	191.0	183.87913829734913
YPEL1	59.0	65.51637583691642
YPEL2	52.0	52.950270654479795
YPEL3	87.0	98.57729052807508
YPEL4	61.0	63.087495130758725
YPEL5	61.0	60.606321612597874
YRDC	193.0	187.72538018197437
YTHDC1	280.0	290.4556197296223
YTHDC2	657.0	552.6367642616303
YTHDF1	313.0	382.41004880399845
YTHDF2	217.0	270.2051915138637
YTHDF3	274.0	238.3488455611799
YWHAB	103.0	102.8729386345189
YWHAE	118.0	117.51527914976354
YWHAG	160.0	160.66777684410803
YWHAH	135.0	129.78909849464995
YWHAQ	143.0	170.15953403743387
YWHAZ	87.0	117.56535466742395
YY1	268.0	301.9688878845349
YY1AP1	292.0	323.99137869308595
YY2	157.0	139.0008363585291
ZACN	235.0	290.74693297564636
ZADH2	210.0	232.62478249117464
ZAN	1368.0	1348.9734396697477
ZAP70	363.0	392.8313633586166
ZAR1	336.0	344.61141718352155
ZAR1L	197.0	179.78176819170704
ZBBX	356.0	302.07764670269665
ZBED1	439.0	457.9990938095343
ZBED2	97.0	104.38340804733281
ZBED3	175.0	173.1443359903924
ZBED4	692.0	849.1051960136431
ZBED5	281.0	383.3757170718374
ZBED6	439.0	402.39965202317927
ZBED6CL	123.0	154.48527818504795
ZBED8	230.0	251.68891570424233
ZBED9	451.0	549.7832229118503
ZBP1	214.0	268.94267931640707
ZBTB1	240.0	273.9338810833605
ZBTB10	523.0	419.6483049393942
ZBTB11	518.0	437.74495751238686
ZBTB12	273.0	351.03646023823575
ZBTB14	226.0	245.6326148117044
ZBTB16	363.0	452.5327905569307
ZBTB17	464.0	595.948686525818
ZBTB18	304.0	384.27819915254656
ZBTB2	251.0	289.6528368309122
ZBTB20	417.0	461.53475458603236
ZBTB21	551.0	592.4903381273676
ZBTB22	356.0	430.27794849164155
ZBTB24	297.0	306.89399459832896
ZBTB25	175.0	182.1041196983359
ZBTB26	155.0	188.7208386578402
ZBTB3	258.0	266.35584466800054
ZBTB32	283.0	308.25885150784455
ZBTB33	157.0	194.05371653943843
ZBTB34	283.0	297.3819306177687
ZBTB37	231.0	227.23678984967881
ZBTB38	504.0	598.7412877026889
ZBTB39	373.0	411.9808980510606
ZBTB4	587.0	802.3482630790168
ZBTB40	525.0	644.6144772935029
ZBTB41	364.0	367.2953074448098
ZBTB42	255.0	343.7993898345143
ZBTB43	212.0	265.01636440919935
ZBTB44	230.0	266.4422693932694
ZBTB45	361.0	498.0088149696138
ZBTB46	409.0	631.5854565814965
ZBTB47	416.0	550.5147623970838
ZBTB48	442.0	449.93232629984897
ZBTB49	369.0	411.4039291276302
ZBTB5	315.0	335.07286450705885
ZBTB6	174.0	178.27048163683796
ZBTB7A	452.0	547.0523143870271
ZBTB7B	261.0	367.1969806140677
ZBTB7C	394.0	408.39386769516244
ZBTB8A	181.0	191.40287092248553
ZBTB8B	248.0	265.0107185423607
ZBTB8OS	70.0	60.85081266087904
ZBTB9	226.0	257.87016378494036
ZC2HC1A	129.0	113.45678829146829
ZC2HC1B	73.0	104.92709674885782
ZC2HC1C	209.0	226.59383592744084
ZC3H10	226.0	242.25952722746166
ZC3H11A	294.0	339.79941725983406
ZC3H11B	33.0	241.72480803272782
ZC3H12A	323.0	435.62912590590815
ZC3H12B	222.0	252.8280657624073
ZC3H12C	352.0	415.89571970308845
ZC3H12D	333.0	378.9689625634663
ZC3H13	667.0	700.1995298913387
ZC3H14	321.0	309.3614714440184
ZC3H15	144.0	153.14796691523955
ZC3H18	635.0	670.6192777858662
ZC3H3	626.0	746.8696797449181
ZC3H4	925.0	939.0959106785666
ZC3H6	493.0	457.35726361983814
ZC3H7A	399.0	479.13408074857557
ZC3H7B	502.0	651.0152277018017
ZC3H8	101.0	96.92860485928782
ZC3HAV1	421.0	477.02731648146744
ZC3HAV1L	180.0	157.13690954419553
ZC3HC1	213.0	240.2579885581949
ZC4H2	84.0	69.05871179174352
ZCCHC10	67.0	66.27773803086842
ZCCHC12	128.0	128.51437578867788
ZCCHC13	58.0	54.30399183868538
ZCCHC14	775.0	1071.2179455223304
ZCCHC17	88.0	94.33029326819204
ZCCHC18	112.0	119.11532409002389
ZCCHC2	687.0	700.8200165036988
ZCCHC24	144.0	156.7575177229421
ZCCHC3	310.0	340.8206009198562
ZCCHC4	198.0	213.43984802477124
ZCCHC7	217.0	220.45220802647304
ZCCHC8	293.0	295.5164991517368
ZCCHC9	94.0	99.86536730889823
ZCRB1	77.0	74.46825660198233
ZCWPW1	250.0	272.732083555964
ZCWPW2	152.0	135.0836000923984
ZDBF2	905.0	993.2376586493929
ZDHHC1	291.0	313.43847105628595
ZDHHC11	163.0	236.08035111438525
ZDHHC11B	123.0	215.13326642743567
ZDHHC12	154.0	170.66131357509443
ZDHHC13	263.0	241.73811516191012
ZDHHC14	293.0	322.02127274672443
ZDHHC15	103.0	94.2102866947543
ZDHHC16	185.0	191.63782037718698
ZDHHC17	235.0	206.7515830578862
ZDHHC18	185.0	239.67832595104167
ZDHHC19	178.0	190.50743750885053
ZDHHC2	199.0	188.4739306941593
ZDHHC20	157.0	140.45065647482554
ZDHHC21	142.0	102.50313428883199
ZDHHC22	138.0	163.25305143832404
ZDHHC23	204.0	224.735436677132
ZDHHC24	186.0	174.4608927136611
ZDHHC3	136.0	158.49327921974574
ZDHHC4	189.0	225.47145972816253
ZDHHC5	313.0	342.69705663418
ZDHHC6	128.0	161.8596011280529
ZDHHC7	185.0	219.22084912930828
ZDHHC8	523.0	687.803475511344
ZDHHC9	111.0	114.00492584240804
ZEB1	420.0	489.70315462934775
ZEB2	517.0	559.5500089426703
ZER1	400.0	468.47136164623976
ZFAND1	117.0	86.67163529850787
ZFAND2A	93.0	70.73040853826414
ZFAND2B	111.0	131.44633370799733
ZFAND3	128.0	124.42368609472504
ZFAND4	296.0	300.4368191115753
ZFAND5	68.0	77.26607871678041
ZFAND6	92.0	77.71209989481926
ZFAT	679.0	723.586092308376
ZFC3H1	838.0	813.6543974961725
ZFHX2	1217.0	1660.5818139804796
ZFHX3	2296.0	2564.4697316362362
ZFHX4	1779.0	1667.2828837807433
ZFP1	245.0	175.45167464589406
ZFP14	159.0	198.58458856676359
ZFP2	170.0	193.31332512614512
ZFP28	400.0	424.4943496057619
ZFP3	218.0	213.6037401075935
ZFP30	172.0	200.3608258854636
ZFP36	191.0	247.35949508124978
ZFP36L1	220.0	222.88652735132212
ZFP36L2	600.0	472.72924881873456
ZFP37	253.0	271.8910918533166
ZFP41	123.0	153.30027104650347
ZFP42	175.0	162.3353750118272
ZFP57	203.0	268.3082108327178
ZFP62	421.0	399.40003249137135
ZFP64	375.0	388.1017613598105
ZFP69	193.0	222.33557504989696
ZFP69B	220.0	222.24698171116884
ZFP82	194.0	203.5173109847117
ZFP90	287.0	269.300570167304
ZFP91	330.0	291.5458138108707
ZFP91-CNTF	308.0	269.3039805551924
ZFP92	226.0	169.31882510543798
ZFPL1	165.0	181.62471884956446
ZFPM1	957.0	971.435263592799
ZFPM2	518.0	516.35897174246
ZFR	466.0	466.2519274099815
ZFR2	634.0	661.9113207416618
ZFTA	514.0	554.7571981188593
ZFX	196.0	232.4586025775187
ZFY	47.0	52.13835078650144
ZFYVE1	335.0	399.2361340551546
ZFYVE16	596.0	592.0806713228644
ZFYVE19	242.0	241.45514079471172
ZFYVE21	151.0	174.4063415456453
ZFYVE26	1129.0	1226.5066836136111
ZFYVE27	223.0	229.57676965886293
ZFYVE28	612.0	814.8823446756611
ZFYVE9	521.0	597.8836662475283
ZG16	89.0	88.84198171458146
ZG16B	92.0	104.2784778788891
ZGLP1	148.0	144.0264522025016
ZGPAT	348.0	432.74576305890326
ZGRF1	809.0	766.6288515950979
ZHX1	318.0	371.08317383837993
ZHX1-C8orf76	123.0	127.91128759854269
ZHX2	434.0	559.2083652411702
ZHX3	423.0	642.2262728450263
ZIC1	305.0	351.39946600830353
ZIC2	411.0	449.0519806947759
ZIC3	175.0	176.6356962589449
ZIC4	220.0	249.22522806778417
ZIC5	496.0	580.3550415446464
ZIK1	190.0	216.76903060326674
ZIM2	247.0	278.111958524228
ZIM3	205.0	217.05497496072968
ZKSCAN1	263.0	268.9835947529946
ZKSCAN2	429.0	436.55837313329806
ZKSCAN3	201.0	251.48443722482455
ZKSCAN4	208.0	263.21102327490564
ZKSCAN5	361.0	365.48260762620873
ZKSCAN7	321.0	337.2575602225325
ZKSCAN8	214.0	265.4947439211988
ZKSCAN8P1	28.0	2.09049254965999
ZMAT1	211.0	179.8149809196297
ZMAT2	76.0	81.4758080636019
ZMAT3	120.0	142.17418158238195
ZMAT4	117.0	107.74439697725367
ZMAT5	76.0	71.72019814610513
ZMIZ1	607.0	674.1629945136222
ZMIZ2	485.0	609.5503862444331
ZMPSTE24	172.0	202.12631601012868
ZMYM1	413.0	445.02980840596973
ZMYM2	510.0	530.5620609491983
ZMYM3	421.0	440.1650265304117
ZMYM4	592.0	642.8313038888075
ZMYM5	257.0	351.4927619796244
ZMYM6	481.0	533.3832911475989
ZMYND10	197.0	262.29171699924564
ZMYND11	250.0	271.27523726918776
ZMYND12	148.0	168.37097734421923
ZMYND15	399.0	486.57460495094875
ZMYND19	124.0	144.21179316462323
ZMYND8	592.0	631.3381180600544
ZNF10	229.0	244.26729275389863
ZNF100	226.0	198.69196455246347
ZNF101	158.0	180.72483435768117
ZNF106	784.0	800.8077753206449
ZNF107	317.0	294.40803731174753
ZNF112	333.0	372.07804962720047
ZNF114	169.0	198.2289338138849
ZNF117	186.0	175.20777418655703
ZNF12	320.0	377.2721465568471
ZNF121	173.0	161.78325383981104
ZNF124	129.0	143.22868053247345
ZNF131	257.0	254.02212353652814
ZNF132	296.0	317.8297801430185
ZNF133	298.0	368.0226213461109
ZNF134	176.0	196.85173169186282
ZNF135	316.0	363.31572208895267
ZNF136	190.0	202.25809289470118
ZNF138	139.0	115.18187758541272
ZNF14	239.0	244.75680341894017
ZNF140	214.0	207.7723708310293
ZNF141	183.0	203.49236673192712
ZNF142	842.0	1074.6485690461711
ZNF143	304.0	291.66578194141056
ZNF146	108.0	115.77514382443196
ZNF148	333.0	330.25664978695573
ZNF154	187.0	199.44004610710525
ZNF155	212.0	224.66276020646265
ZNF157	120.0	136.1409267235657
ZNF16	312.0	358.25165365385163
ZNF160	293.0	345.7485650214472
ZNF165	165.0	202.69646858179763
ZNF169	302.0	303.44037811061236
ZNF17	249.0	280.6085415604451
ZNF174	201.0	202.81372687484287
ZNF175	255.0	318.04808419661066
ZNF177	220.0	194.46976159824754
ZNF18	231.0	260.25933388299353
ZNF180	287.0	262.19453475508635
ZNF181	202.0	209.4546844113329
ZNF182	156.0	165.45974146037298
ZNF184	254.0	307.47617533472453
ZNF185	230.0	213.45270226044877
ZNF189	247.0	244.33542169084572
ZNF19	186.0	195.2786358964906
ZNF195	214.0	272.9600001624
ZNF197	415.0	436.37997071576945
ZNF2	186.0	209.3116326800529
ZNF20	182.0	210.8212505439358
ZNF200	209.0	182.366254407523
ZNF202	294.0	347.9005084934878
ZNF205	382.0	426.57401048088514
ZNF207	236.0	182.26773573771567
ZNF208	497.0	431.4112484599424
ZNF211	249.0	268.37800023281864
ZNF212	242.0	286.7285349919999
ZNF213	297.0	324.92814354364873
ZNF214	217.0	249.087074161421
ZNF215	210.0	221.36201793274668
ZNF217	588.0	594.4316103053615
ZNF219	518.0	556.0588367929465
ZNF22	84.0	92.15654883526366
ZNF221	232.0	250.09525584031252
ZNF222	171.0	200.88051893856027
ZNF223	171.0	204.4162508952273
ZNF224	282.0	287.8411712422343
ZNF225	271.0	290.36259573802766
ZNF226	350.0	325.9227181282438
ZNF227	338.0	333.3620877190251
ZNF229	368.0	407.7094845398958
ZNF23	266.0	292.0849524477931
ZNF230	174.0	198.64039006738193
ZNF232	193.0	196.76275156778615
ZNF233	226.0	268.41873209600163
ZNF234	258.0	282.78257912301046
ZNF235	300.0	305.7141625335025
ZNF236	908.0	1041.8145309018103
ZNF239	199.0	194.35074854956608
ZNF24	139.0	152.94354637437527
ZNF248	224.0	230.86954368059094
ZNF25	169.0	177.35879876735262
ZNF250	251.0	308.2260825461416
ZNF251	287.0	317.74826377514125
ZNF253	194.0	184.83847169612187
ZNF254	305.0	247.11708435953122
ZNF256	260.0	278.14569377907486
ZNF257	183.0	202.37255895064513
ZNF26	221.0	223.1610531612138
ZNF260	156.0	151.41701927401292
ZNF263	352.0	385.4826430549301
ZNF264	309.0	313.7743766556826
ZNF266	262.0	246.9557493581639
ZNF267	288.0	293.81391589005966
ZNF268	429.0	354.8308322650754
ZNF273	199.0	205.44608530408863
ZNF274	292.0	342.4754567076887
ZNF275	173.0	163.80297673626472
ZNF276	496.0	452.952575994241
ZNF277	178.0	183.18716998011416
ZNF28	288.0	290.6356327830584
ZNF280A	231.0	244.23431407901435
ZNF280B	253.0	230.18995324631027
ZNF280C	203.0	181.89397103448962
ZNF280D	398.0	348.17371984862615
ZNF281	465.0	448.9890566611285
ZNF282	396.0	482.43826761710017
ZNF283	236.0	235.9869424227641
ZNF284	225.0	242.23160087903352
ZNF285	240.0	249.5623533710316
ZNF286A	155.0	191.93393211118845
ZNF286A-TBC1D26	155.0	191.93393211118845
ZNF287	301.0	314.0204053417583
ZNF292	1257.0	1065.2885468290874
ZNF296	303.0	355.5135540767378
ZNF3	201.0	199.33227589390916
ZNF30	223.0	246.10070334164493
ZNF300	237.0	245.76463403693543
ZNF302	178.0	153.99574786921423
ZNF304	280.0	306.4892371430946
ZNF311	250.0	288.1815590546135
ZNF316	827.0	1226.3764963826845
ZNF317	317.0	381.7458233097025
ZNF318	1090.0	1135.5837647100554
ZNF319	368.0	443.77317570558864
ZNF32	115.0	120.50822816971237
ZNF320	208.0	199.43844969312542
ZNF322	17.0	116.98878587909142
ZNF324	430.0	455.6758416870571
ZNF324B	316.0	398.6313409633482
ZNF326	194.0	222.1095566468662
ZNF329	239.0	250.47615812021422
ZNF330	138.0	123.59848812859138
ZNF331	196.0	240.11265676422667
ZNF333	284.0	327.33968673779356
ZNF334	273.0	273.9785159147447
ZNF335	761.0	782.0158712638613
ZNF337	336.0	329.22988169018015
ZNF33A	294.0	313.96879031437464
ZNF33B	305.0	300.2075046379497
ZNF34	235.0	274.7828303175868
ZNF341	459.0	503.1971769328964
ZNF343	248.0	284.3384336562108
ZNF345	166.0	186.26526858123736
ZNF346	134.0	136.09343625942589
ZNF347	328.0	354.17111883015247
ZNF35	205.0	229.09286152183523
ZNF350	199.0	244.5392706193342
ZNF354A	228.0	269.74973599967126
ZNF354B	260.0	249.86900075790973
ZNF354C	202.0	250.91346162876755
ZNF358	381.0	434.72058260192506
ZNF362	255.0	327.8199535727573
ZNF365	188.0	198.236818518274
ZNF366	421.0	437.09050557297667
ZNF367	199.0	202.50188379032286
ZNF37A	207.0	219.06040078484347
ZNF382	202.0	216.00320871105836
ZNF383	155.0	181.98522547237795
ZNF384	310.0	349.3909382594607
ZNF385A	197.0	190.72815367137918
ZNF385B	205.0	230.33622824293846
ZNF385C	248.0	252.13067415322578
ZNF385D	212.0	235.61338210327926
ZNF391	126.0	147.1237928811529
ZNF394	294.0	263.75696400936357
ZNF395	295.0	305.65647130737136
ZNF396	119.0	137.619200258886
ZNF397	228.0	200.6347977208148
ZNF398	260.0	346.15220358068143
ZNF404	191.0	210.4927192024212
ZNF407	1156.0	1222.02525678358
ZNF408	410.0	468.4827456952396
ZNF41	192.0	213.20132401328075
ZNF410	191.0	199.53388607379824
ZNF414	256.0	249.87083649856385
ZNF415	207.0	230.7437923513571
ZNF416	267.0	283.7281712716327
ZNF417	147.0	223.5592668517476
ZNF418	276.0	287.51444510562055
ZNF419	211.0	216.68372959782866
ZNF420	245.0	262.2570366280394
ZNF423	749.0	921.7975208096871
ZNF425	433.0	446.3771240017589
ZNF426	272.0	225.68048173029067
ZNF428	97.0	119.62540049568436
ZNF429	278.0	240.08731546871144
ZNF43	308.0	277.96850307006525
ZNF430	212.0	210.9010174316201
ZNF431	207.0	201.89984125478128
ZNF432	247.0	267.6082981735486
ZNF433	272.0	269.1393938765061
ZNF436	217.0	215.59558803109707
ZNF438	372.0	386.45199536865164
ZNF439	171.0	195.75898561392228
ZNF44	224.0	246.7905078927055
ZNF440	255.0	234.9401330473463
ZNF441	262.0	272.3691099907387
ZNF442	213.0	246.5526514414623
ZNF443	225.0	259.0827768246442
ZNF444	258.0	221.29254185602608
ZNF445	449.0	468.04439351729826
ZNF446	315.0	344.4322776786959
ZNF449	123.0	139.12566632141557
ZNF45	272.0	290.27080211063685
ZNF451	362.0	404.72455253064305
ZNF454	204.0	232.8532525054123
ZNF460	262.0	298.9413010710059
ZNF461	179.0	201.89154673245142
ZNF462	1228.0	1697.63937317394
ZNF467	416.0	415.9757182320703
ZNF468	218.0	212.40944346116027
ZNF469	2703.0	3734.3620256984514
ZNF470	293.0	305.57508732454284
ZNF471	218.0	253.7850759425232
ZNF473	404.0	447.10480954056476
ZNF474	192.0	181.7065092954962
ZNF479	145.0	188.13821372582262
ZNF48	298.0	400.3545622282843
ZNF480	218.0	224.2634095175489
ZNF483	322.0	309.19317115689347
ZNF484	289.0	328.1685373457835
ZNF485	187.0	182.47834052364482
ZNF486	231.0	166.69875499150015
ZNF487	55.0	57.933592847165215
ZNF488	185.0	259.45318721409217
ZNF490	222.0	226.72475389227523
ZNF491	148.0	175.45860929112985
ZNF492	112.0	155.75164886065963
ZNF493	286.0	271.7931071083501
ZNF496	338.0	395.7810033007707
ZNF497	422.0	388.0260881216978
ZNF500	392.0	382.62178726976566
ZNF501	107.0	100.76376140772862
ZNF502	171.0	212.3303114378137
ZNF503	580.0	568.5404802692877
ZNF506	156.0	160.28360626290802
ZNF507	462.0	433.8722813413644
ZNF510	261.0	265.7205780416235
ZNF511	144.0	199.12847069085703
ZNF511-PRAP1	176.0	237.57509527115926
ZNF512	246.0	249.84816233647354
ZNF512B	524.0	731.9233182648533
ZNF513	348.0	429.07121527961664
ZNF514	158.0	162.4794523023962
ZNF516	877.0	1097.6967844048825
ZNF517	388.0	380.9202310476602
ZNF518A	652.0	594.4796176987609
ZNF518B	529.0	511.66769693793117
ZNF519	179.0	195.94012144696723
ZNF521	635.0	675.6508131710351
ZNF524	194.0	194.9053670416678
ZNF525	170.0	222.3970957606896
ZNF526	355.0	504.65567221917684
ZNF527	209.0	240.48369396633674
ZNF528	264.0	267.7270546832427
ZNF529	204.0	208.34984063982614
ZNF530	229.0	260.4482370388142
ZNF532	606.0	717.5294409112154
ZNF534	244.0	285.2885739694796
ZNF536	811.0	885.1946314528678
ZNF540	247.0	255.63520919399238
ZNF541	751.0	871.0096229205341
ZNF543	272.0	294.94634613721166
ZNF544	323.0	319.7233436500347
ZNF546	277.0	325.5466801765819
ZNF547	166.0	180.6054823846249
ZNF548	217.0	248.83459047045244
ZNF549	266.0	297.7948078504234
ZNF550	223.0	229.47260592689324
ZNF551	287.0	303.91883161435993
ZNF552	173.0	181.0109191048444
ZNF554	258.0	276.9004585609654
ZNF555	277.0	297.5147619935867
ZNF556	229.0	247.23753873432887
ZNF557	207.0	207.7183559269424
ZNF558	189.0	183.5871824637404
ZNF559	244.0	218.87889955619977
ZNF559-ZNF177	220.0	194.46976159824754
ZNF560	321.0	324.7592004627103
ZNF561	190.0	185.91389454436666
ZNF562	163.0	158.06667886390252
ZNF563	168.0	191.56253764262055
ZNF564	242.0	222.91521764639594
ZNF565	185.0	205.92917180871387
ZNF566	154.0	150.99049204942
ZNF567	224.0	250.78849190618968
ZNF568	213.0	234.20344230159674
ZNF569	241.0	253.3663130141627
ZNF57	224.0	265.3344103551627
ZNF570	202.0	202.65340455759545
ZNF571	251.0	228.72609498419578
ZNF572	187.0	212.1898509943453
ZNF573	249.0	250.67481031394425
ZNF574	543.0	687.6175507601937
ZNF575	146.0	168.55415637725199
ZNF576	88.0	94.96140079320391
ZNF577	203.0	216.7404055017091
ZNF578	206.0	227.80932789551636
ZNF579	454.0	482.1398341697836
ZNF580	135.0	149.65504807599044
ZNF581	105.0	135.5679527036588
ZNF582	210.0	236.42775708085992
ZNF583	208.0	238.93072761226685
ZNF584	204.0	213.37703967344106
ZNF585A	276.0	307.2065005320273
ZNF585B	290.0	303.0751751185643
ZNF586	166.0	180.3656153959779
ZNF587	145.0	211.84826550257125
ZNF587B	274.0	252.48805958862334
ZNF589	148.0	171.64823878186195
ZNF592	646.0	757.3971404328228
ZNF593	79.0	73.83826031982547
ZNF593OS	16.0	10.211449468890658
ZNF594	336.0	325.14140561006764
ZNF595	255.0	242.84579065638633
ZNF596	270.0	219.9194669556452
ZNF597	209.0	202.18770849334365
ZNF598	733.0	772.5052334993317
ZNF599	232.0	253.5703795128085
ZNF600	290.0	321.20711239798754
ZNF605	255.0	279.73722832807533
ZNF606	328.0	344.2305341937867
ZNF607	287.0	269.3912059981704
ZNF608	732.0	778.2243978171974
ZNF609	646.0	683.8828196101618
ZNF610	185.0	202.28966291444996
ZNF611	262.0	274.2656514039756
ZNF613	228.0	266.26317653102234
ZNF614	237.0	253.70251316329274
ZNF615	268.0	311.4561778588541
ZNF616	319.0	337.94998827972887
ZNF618	551.0	798.767651747314
ZNF619	246.0	253.85316120576852
ZNF620	166.0	182.20959073304914
ZNF621	156.0	200.07981566780435
ZNF622	209.0	288.46587963719844
ZNF623	224.0	254.726653253935
ZNF624	331.0	347.8504246399535
ZNF625	145.0	155.78428962478225
ZNF625-ZNF20	48.0	56.468400295931716
ZNF626	179.0	176.66472945740023
ZNF627	176.0	190.4509260916784
ZNF628	861.0	1005.9246040929232
ZNF629	509.0	606.2710580563796
ZNF630	158.0	169.27053648281768
ZNF638	845.0	776.1904152281357
ZNF639	176.0	189.37823895286326
ZNF641	163.0	190.95606323528736
ZNF644	542.0	538.3175745728806
ZNF646	933.0	1255.641625448665
ZNF648	376.0	384.032518216341
ZNF649	227.0	229.02392615834285
ZNF652	250.0	257.5089405399806
ZNF653	435.0	442.67690194875206
ZNF654	413.0	464.8296105701577
ZNF655	178.0	188.23081452620903
ZNF658	279.0	377.69730830669045
ZNF66	231.0	179.65638621273013
ZNF660	117.0	133.23357876566374
ZNF662	184.0	182.6939645841336
ZNF664	119.0	114.89406716225288
ZNF665	242.0	296.9834868236021
ZNF667	228.0	270.5613173611777
ZNF668	428.0	413.09426141715716
ZNF669	153.0	174.81753184189864
ZNF670	136.0	165.997276342804
ZNF670-ZNF695	55.0	53.021416835184894
ZNF671	238.0	264.05394674236913
ZNF672	358.0	342.86353351079475
ZNF674	103.0	149.33760275769583
ZNF675	200.0	199.81204887144597
ZNF676	198.0	195.59875238861324
ZNF677	221.0	241.66644633890309
ZNF678	218.0	203.73408661588616
ZNF679	179.0	151.9763415651073
ZNF680	170.0	190.86285763863157
ZNF681	225.0	222.07722213654625
ZNF682	180.0	189.44073981101894
ZNF683	264.0	292.71533824535754
ZNF684	118.0	153.79834893455617
ZNF687	673.0	761.8191390283394
ZNF688	160.0	166.40348238002213
ZNF689	277.0	299.40968770525126
ZNF69	216.0	225.26733599512085
ZNF691	149.0	180.79059686400305
ZNF692	288.0	294.6365883252952
ZNF695	190.0	208.9213900455292
ZNF696	304.0	277.25479970578715
ZNF697	418.0	351.9457756460837
ZNF699	241.0	270.40925578776046
ZNF7	334.0	347.350123098359
ZNF70	219.0	237.2747348598293
ZNF700	285.0	289.5370703116092
ZNF701	166.0	194.39790059922368
ZNF703	457.0	481.78557262436044
ZNF704	211.0	205.52480396018507
ZNF705A	73.0	110.91039452590323
ZNF705B	4.0	27.808503747002593
ZNF705D	2.0	45.10239564341616
ZNF705E	110.0	103.56671739602344
ZNF705G	146.0	106.5192358510299
ZNF706	28.0	30.653296399521093
ZNF707	225.0	252.94557709778206
ZNF708	184.0	185.00565722180372
ZNF709	194.0	228.19677011050555
ZNF71	343.0	503.3849554716984
ZNF710	383.0	564.1201431914155
ZNF711	209.0	215.09780671255487
ZNF713	167.0	169.971945227398
ZNF714	199.0	195.0327884219197
ZNF716	186.0	187.00299422870833
ZNF717	328.0	250.46681439080476
ZNF718	140.0	136.19626086731756
ZNF720	52.0	53.26647632997013
ZNF721	398.0	397.8732775275072
ZNF722P	135.0	155.87411980471498
ZNF723	158.0	185.2648879285945
ZNF724	180.0	211.31763349888647
ZNF726	295.0	221.61169933314557
ZNF727	171.0	180.14596929036804
ZNF728	205.0	219.64142496425762
ZNF729	492.0	420.6835054383352
ZNF730	194.0	174.7972374382921
ZNF732	231.0	236.84785183445985
ZNF735	171.0	146.78941578041514
ZNF736	139.0	148.0794848370429
ZNF737	217.0	194.29819392355685
ZNF738	113.0	92.93151756338983
ZNF74	358.0	427.565285444397
ZNF740	69.0	82.11004812165206
ZNF746	424.0	490.513097842525
ZNF747	212.0	205.7594001172287
ZNF749	310.0	395.72906375348043
ZNF750	400.0	515.6276219887131
ZNF75A	234.0	220.03748957171183
ZNF75D	113.0	138.60241467833293
ZNF76	275.0	331.71468788795494
ZNF761	294.0	306.4194180210161
ZNF763	155.0	156.344883115688
ZNF764	313.0	271.50850804942104
ZNF765	201.0	216.91972469224098
ZNF766	178.0	192.9857779470972
ZNF768	360.0	331.47219540745544
ZNF77	282.0	268.5932677978509
ZNF770	304.0	260.30645347168627
ZNF771	261.0	184.10816780527549
ZNF772	155.0	204.1910298909738
ZNF773	175.0	189.21605144455353
ZNF774	195.0	214.97362271387303
ZNF775	381.0	445.36712786314797
ZNF776	212.0	228.29696733689116
ZNF777	545.0	605.297021826744
ZNF778	483.0	399.2870147564571
ZNF780A	231.0	249.18990341045574
ZNF780B	315.0	312.9321159521238
ZNF781	115.0	125.90412025489648
ZNF782	284.0	282.7901076645598
ZNF783	369.0	360.4182922773341
ZNF784	231.0	215.05310479033665
ZNF785	221.0	231.59811559256326
ZNF786	485.0	485.02276735098985
ZNF787	345.0	368.4500577676146
ZNF789	159.0	171.4678812582614
ZNF79	223.0	251.8880845926769
ZNF790	252.0	237.06183225260705
ZNF791	212.0	220.7975360785014
ZNF792	257.0	316.7485835400542
ZNF793	162.0	174.97804978521222
ZNF799	213.0	262.0764377057278
ZNF8	274.0	320.5694123211322
ZNF80	132.0	122.33025287490268
ZNF800	266.0	282.8567898920175
ZNF804A	534.0	508.53675067754546
ZNF804B	622.0	562.8219146963756
ZNF805	293.0	296.93973137155945
ZNF808	380.0	363.05919862493874
ZNF81	163.0	175.039344717135
ZNF813	227.0	265.16691776475676
ZNF814	315.0	340.129409159013
ZNF816	255.0	258.2376415230168
ZNF816-ZNF321P	96.0	93.62760831560716
ZNF821	204.0	243.09479764422065
ZNF823	234.0	258.2495143345554
ZNF827	523.0	601.1854173646279
ZNF829	136.0	158.10433592639635
ZNF83	209.0	222.55638398818425
ZNF830	208.0	207.52549914442505
ZNF831	961.0	1153.8806695323171
ZNF835	323.0	440.5296637249051
ZNF836	365.0	403.6658452911884
ZNF837	475.0	429.2786724537657
ZNF839	486.0	545.5332292097276
ZNF84	347.0	317.8912072680596
ZNF841	369.0	391.0573259104296
ZNF843	185.0	202.46049133251458
ZNF844	248.0	248.48329156146386
ZNF845	361.0	384.5605967627377
ZNF846	229.0	208.60792920975715
ZNF85	225.0	211.28431659915242
ZNF850	381.0	344.0312412258613
ZNF852	199.0	221.69181467686224
ZNF853	448.0	583.1537570823718
ZNF860	206.0	251.67159533908278
ZNF862	631.0	786.9798545698504
ZNF865	766.0	1006.1300084692494
ZNF875	301.0	287.37273572169704
ZNF878	165.0	198.19443656610147
ZNF879	234.0	236.2786671685066
ZNF880	210.0	230.724821977577
ZNF888	240.0	279.27197525596097
ZNF891	199.0	207.09385985002692
ZNF90	232.0	225.9543956737598
ZNF91	453.0	429.70306225521904
ZNF92	206.0	206.04856420862643
ZNF93	223.0	221.23970207257574
ZNF98	112.0	172.4827098788425
ZNF99	318.0	279.7831047932997
ZNFX1	848.0	917.2019605137533
ZNHIT1	79.0	97.42127894130536
ZNHIT2	336.0	276.2410059462655
ZNHIT3	81.0	68.1396962521366
ZNHIT6	188.0	184.82305763243858
ZNRD2	105.0	130.22916830129378
ZNRF1	157.0	173.70811744999895
ZNRF2	178.0	165.36684674493335
ZNRF3	610.0	587.1381070963602
ZNRF4	291.0	399.8078358277204
ZP1	333.0	360.9990431403787
ZP2	375.0	337.57790490894854
ZP3	207.0	204.89627453134432
ZP4	289.0	270.7478438735754
ZPBP	174.0	153.14598886765754
ZPBP2	143.0	127.79391515066499
ZPLD1	176.0	178.14858381480101
ZPR1	191.0	230.70051862614199
ZRANB1	291.0	312.50958412511665
ZRANB2	145.0	131.5864085419312
ZRANB3	387.0	395.6689125982115
ZRSR2	137.0	133.88112542372897
ZSCAN1	236.0	307.1190948703904
ZSCAN10	544.0	593.050227044964
ZSCAN12	186.0	256.817328885432
ZSCAN16	138.0	148.14853637073372
ZSCAN18	375.0	368.1396172954439
ZSCAN2	305.0	343.03848785779775
ZSCAN20	456.0	510.0297946142352
ZSCAN21	219.0	211.4955833907074
ZSCAN22	243.0	301.21359677335903
ZSCAN23	140.0	166.77023993088153
ZSCAN25	273.0	306.97905897389387
ZSCAN26	180.0	209.62449228375436
ZSCAN29	351.0	366.5179048928902
ZSCAN30	181.0	196.77179940766658
ZSCAN31	168.0	184.0295256959824
ZSCAN32	346.0	331.60673442185157
ZSCAN4	193.0	187.75516728594908
ZSCAN5A	257.0	287.12189999732135
ZSCAN5B	244.0	263.7350357056911
ZSCAN5C	229.0	243.13225223642596
ZSCAN9	155.0	172.8029781017066
ZSWIM1	228.0	258.4119028352556
ZSWIM2	240.0	254.451177947271
ZSWIM3	333.0	350.9497235802138
ZSWIM4	652.0	765.1188870607863
ZSWIM5	537.0	627.9709652674705
ZSWIM6	613.0	659.2534135395211
ZSWIM7	67.0	66.06647314306379
ZSWIM8	958.0	1022.8289981438492
ZSWIM9	562.0	698.5132524061319
ZUP1	223.0	211.97997928841792
ZW10	312.0	345.26105678337353
ZWILCH	241.0	215.40430195918918
ZWINT	132.0	131.04003149037453
ZXDA	266.0	283.03790142904995
ZXDB	273.0	260.64957390375645
ZXDC	561.0	572.3777780716773
ZYG11A	315.0	315.23739808574936
ZYG11B	303.0	307.2230078999235
ZYX	324.0	416.11867202603077
ZZEF1	1505.0	1599.185428783839
ZZZ3	335.0	348.8436012861555
