MouseMGIID	MarkerSymbol	MarkerName	MouseSymbol	MouseName	MP_ID	MP_Term	AlleleAccID	HomologyClusterID	HumanNCBIorMGIID	HumanSymbol	HumanName
MGI:1914189	Aagab		Aagab		MP:0011100		Aagab<em1(IMPC)Bay>	50228608	HGNC:25662	AAGAB	
MGI:107809	Aamp		Aamp		MP:0011100		Aamp<em1(IMPC)J>	50231228	HGNC:18	AAMP	
MGI:2384560	Aars1		Aars1		MP:0011100		Aars1<em1(IMPC)Bay>	50217113	HGNC:20	AARS1	
MGI:2681839	Aars2		Aars2		MP:0011100		Aars2<tm1(KOMP)Wtsi>	50223607	HGNC:21022	AARS2	
MGI:1914868	Aasdhppt		Aasdhppt		MP:0011100		Aasdhppt<tm1.1(KOMP)Vlcg>	50229913	HGNC:14235	AASDHPPT	
MGI:1929608	Aatf		Aatf		MP:0011100		Aatf<em1(IMPC)J>	50218116	HGNC:19235	AATF	
MGI:2443582	Abat		Abat		MP:0011100		Abat<em2(IMPC)Bay>	50218601	HGNC:23	ABAT	
MGI:99607	Abca1		Abca1		MP:0011100		Abca1<tm1b(EUCOMM)Hmgu>	50217116	HGNC:29	ABCA1	
MGI:2676312	Abca12		Abca12		MP:0011100		Abca12<em1(IMPC)J>|Abca12<tm1Lex>	50218311	HGNC:14637	ABCA12	
MGI:1351617	Abca3		Abca3		MP:0011100,MP:0011101		Abca3<tm1Dgen>|Abca3<tm1b(EUCOMM)Hmgu>	50217117	HGNC:33	ABCA3	
MGI:109533	Abcb7		Abcb7		MP:0002080		Abcb7<+>|Abcb7<tm1.1Mdf>|Abcb7<tm1.1Mdf>	50221284	HGNC:48	ABCB7	
MGI:1195458	Abce1		Abce1		MP:0011100		Abce1<tm1.1(KOMP)Vlcg>|Abce1<tm1b(EUCOMM)Hmgu>	50228752	HGNC:69	ABCE1	
MGI:99476	Abhd16a		Abhd16a		MP:0011101		Abhd16a<tm1a(EUCOMM)Wtsi>	50217673	HGNC:13921	ABHD16A	
MGI:87866	Acadl		Acadl		MP:0011101		Acadl<+>|Acadl<tm1Uab>|Acadl<tm1Uab>	50224157	HGNC:88	ACADL	
MGI:895149	Acadvl		Acadvl		MP:0001260		Acadvl<tm1Vje>	50220868	HGNC:92	ACADVL	
MGI:99602	Acan		Acan		MP:0011100		Acan<tm1b(EUCOMM)Hmgu>	50217262	HGNC:319	ACAN	
MGI:87871	Acat2		Acat2		MP:0011100		Acat2<tm1b(KOMP)Wtsi>	50220263	HGNC:94	ACAT2	
MGI:2181074	Acbd3		Acbd3		MP:0011100		Acbd3<tm1b(EUCOMM)Hmgu>	50218322	HGNC:15453	ACBD3	
MGI:87874	Ace		Ace		MP:0001260,MP:0011100		Ace<+>|Ace<tm1Unc>|Ace<tm1.1(KOMP)Vlcg>	50221051	HGNC:2707	ACE	
MGI:87876	Ache		Ache		MP:0011101		Ache<tm1Loc>	50231430	HGNC:108	ACHE	
MGI:109562	Ackr3		Ackr3		MP:0011100		Ackr3<tm2b(EUCOMM)Wtsi>	50219294	HGNC:23692	ACKR3	
MGI:87880	Aco2		Aco2		MP:0011100		Aco2<em1(IMPC)J>	50218065	HGNC:118	ACO2	
MGI:1921406	Acot12		Acot12		MP:0001260		Acot12<em1Ejj>	50232956	HGNC:24436	ACOT12	
MGI:1914084	Acot13		Acot13		MP:0001260		Acot13<tm1Deco>	50227265	HGNC:20999	ACOT13	
MGI:87904	Actb		Actb		MP:0011100		Actb<tm3.1(Sirt1)Npa>	50217187	HGNC:132	ACTB	
MGI:87905	Actc1		Actc1		MP:0011100		Actc1<em1(IMPC)Mbp>	50217180	HGNC:143	ACTC1	
MGI:1861453	Actl6a		Actl6a		MP:0011100		Actl6a<em1(IMPC)J>	50217648	HGNC:24124	ACTL6A	
MGI:1924748	Actr5		Actr5		MP:0011100		Actr5<tm2b(EUCOMM)Wtsi>	50229166	HGNC:14671	ACTR5	
MGI:1914269	Actr6		Actr6		MP:0011100		Actr6<tm1a(EUCOMM)Wtsi>	50228983	HGNC:24025	ACTR6	
MGI:1860775	Actr8		Actr8		MP:0011100		Actr8<tm1.1(KOMP)Vlcg>	50229098	HGNC:14672	ACTR8	
MGI:87911	Acvr1		Acvr1		MP:0011100		Acvr1<tm1.1(KOMP)Vlcg>	50217195	HGNC:171	ACVR1	
MGI:1338944	Acvr1b		Acvr1b		MP:0011100		Acvr1b<tm1.1(KOMP)Vlcg>	50217196	HGNC:172	ACVR1B	
MGI:87912	Acvr2b		Acvr2b		MP:0011100		Acvr2b<tm1.1(KOMP)Vlcg>	50217194	HGNC:174	ACVR2B	
MGI:1096335	Adam17		Adam17		MP:0001260		Adam17<+>|Adam17<tm1a(EUCOMM)Wtsi>	50217202	HGNC:195	ADAM17	
MGI:3588195	Adamts17		Adamts17		MP:0011101		Adamts17<tm1.2Taks>	50232718	HGNC:17109	ADAMTS17	
MGI:3045353	Adamts3		Adamts3		MP:0011100		Adamts3<tm1b(KOMP)Wtsi>	50232537	HGNC:219	ADAMTS3	
MGI:1347348	Adamts6		Adamts6		MP:0011100		Adamts6<em1(IMPC)Mbp>	50227833	HGNC:222	ADAMTS6	
MGI:1916320	Adamts9		Adamts9		MP:0011100		Adamts9<Mhdaund3>|Adamts9<tm1.2Cvrk>|Adamts9<Mhdaund4>|Adamts9<tm1b(KOMP)Wtsi>	50224213	HGNC:13202	ADAMTS9	
MGI:1889575	Adar		Adar		MP:0011100		Adar<tm1b(EUCOMM)Wtsi>	50219876	HGNC:225	ADAR	
MGI:1914007	Adat2		Adat2		MP:0011100		Adat2<em1(IMPC)J>	50219406	HGNC:21172	ADAT2	
MGI:102891	Adcy7		Adcy7		MP:0011101		Adcy7<tm1Btab>	50217215	HGNC:238	ADCY7	
MGI:87918	Add1		Add1		MP:0011101		Add1<tm1Llp>	50218552	HGNC:243	ADD1	
MGI:1916151	Adgrg6		Adgrg6		MP:0011100,MP:0011101		Adgrg6<tm1Lex>	50217723	HGNC:13841	ADGRG6	
MGI:106675	Adipoq		Adipoq		MP:0001260		Adipoq<tm1Chan>|Adipoq<tm1Far>	50217174	HGNC:13633	ADIPOQ	
MGI:87930	Adk		Adk		MP:0011100		Adk<em1(IMPC)Ccpcz>	50217228	HGNC:257	ADK	
MGI:108058	Adm		Adm		MP:0011100		Adm<tm1Tfjt>	50232644	HGNC:259	ADM	
MGI:1338758	Adnp		Adnp		MP:0011101		Adnp<+>|Adnp<em1Ant>	50217231	HGNC:15766	ADNP	
MGI:87937	Adrb1		Adrb1		MP:0011101		Adrb1<tm1Bkk>	50230606	HGNC:285	ADRB1	
MGI:103202	Adsl		Adsl		MP:0011100		Adsl<tm1b(KOMP)Wtsi>	50221936	HGNC:291	ADSL	
MGI:87948	Adss2		Adss2		MP:0011100		Adss2<tm1b(EUCOMM)Wtsi>	50217240	HGNC:292	ADSS2	
MGI:1924596	Adtrp		Adtrp		MP:0011101		Adtrp<tm1.1Clu>	50223741	HGNC:21214	ADTRP	
MGI:1197012	Aebp1		Aebp1		MP:0011100,MP:0011101		Aebp1<tm1.1(KOMP)Wtsi>|Aebp1<tm1Hsro>	50217247	HGNC:303	AEBP1	
MGI:1314653	Afdn		Afdn		MP:0011100		Afdn<em1(IMPC)Mbp>	50224457	HGNC:7137	AFDN	
MGI:106927	Aff3		Aff3		MP:0002080		Aff3<+>|Aff3<em1Andg>|Aff3<em1Xen>|Aff3<+>	50223071	HGNC:6473	AFF3	
MGI:2136171	Aff4		Aff4		MP:0001260,MP:0011100		Aff4<em1(IMPC)Mbp>|Aff4<tm1Nosa>	50232475	HGNC:17869	AFF4	
MGI:1927170	Afg2a		Afg2a		MP:0011100		Afg2a<tm1b(KOMP)Wtsi>	50228012	HGNC:18119	AFG2A	
MGI:3036261	Afg2b		Afg2b		MP:0011100		Afg2b<em1(IMPC)Bay>	50228013	HGNC:28762	AFG2B	
MGI:104873	Aga		Aga		MP:0001260		Aga<tm1Pltn>	50231143	HGNC:318	AGA	
MGI:1917173	Agk		Agk		MP:0011100		Agk<em1(IMPC)Bay>	50221906	HGNC:21869	AGK	
MGI:1914762	Agpat2		Agpat2		MP:0011100		Agpat2<em1(IMPC)Ccpcz>	50230221	HGNC:325	AGPAT2	
MGI:892013	Agrp		Agrp		MP:0001260		Agrp<tm1Sqn>	50217273	HGNC:330	AGRP	
MGI:2146052	Agxt2		Agxt2		MP:0011100		Agxt2<em1(IMPC)Hmgu>	50223852	HGNC:14412	AGXT2	
MGI:1915033	Ahctf1		Ahctf1		MP:0011100		Ahctf1<em1(IMPC)Hmgu>	50220119	HGNC:24618	AHCTF1	
MGI:87968	Ahcy		Ahcy		MP:0011100		Ahcy<tm1b(EUCOMM)Hmgu>	50218108	HGNC:343	AHCY	
MGI:105043	Ahr		Ahr		MP:0001260		Ahr<tm1Bra>	50217279	HGNC:348	AHR	
MGI:2685080	Ak9		Ak9		MP:0011069		Ak9<em1Mdj>|Ak9<em1Mdj>|Ak9<+>	50217301	HGNC:33814	AK9	
MGI:101918	Akr1b7		Akr1b7		MP:0001260		Akr1b7<tm1.1Anm>	50217304	HGNC:382	AKR1B10	
MGI:101918	Akr1b7		Akr1b7		MP:0001260		Akr1b7<tm1.1Anm>	50217304	HGNC:37281	AKR1B15	
MGI:96853	Alad		Alad		MP:0011100		Alad<em1(IMPC)Tcp>	50229638	HGNC:395	ALAD	
MGI:87989	Alas1		Alas1		MP:0011100		Alas1<em1(IMPC)Mbp>	50217310	HGNC:396	ALAS1	
MGI:1888908	Aldh18a1		Aldh18a1		MP:0011100		Aldh18a1<tm1a(KOMP)Wtsi>	50218571	HGNC:9722	ALDH18A1	
MGI:1861722	Aldh1a3		Aldh1a3		MP:0011100		Aldh1a3<tm1b(KOMP)Wtsi>	50225239	HGNC:409	ALDH1A3	
MGI:87994	Aldoa		Aldoa		MP:0011100		Aldoa<tm1.1(KOMP)Wtsi>	50217322	HGNC:414	ALDOA	
MGI:2384774	Alg1		Alg1		MP:0011100		Alg1<tm1b(KOMP)Wtsi>	50229156	HGNC:18294	ALG1	
MGI:2142632	Alg11		Alg11		MP:0011100		Alg11<tm1.1(KOMP)Vlcg>	50221966	HGNC:32456	ALG11	
MGI:1914824	Alg13		Alg13		MP:0008762		Alg13<Gt(P035H04)Wrst>	50224885	HGNC:30881	ALG13	
MGI:1914039	Alg14		Alg14		MP:0011100		Alg14<tm2b(EUCOMM)Hmgu>	50229443	HGNC:28287	ALG14	
MGI:2384774	Alg1		Alg1		MP:0011100		Alg1<tm1b(KOMP)Wtsi>	50229156	HGNC:37258	ALG1L2	
MGI:1914731	Alg2		Alg2		MP:0011100		Alg2<tm1.1(KOMP)Vlcg>|Alg2<tm1Lex>	50223675	HGNC:23159	ALG2	
MGI:1098592	Alg3		Alg3		MP:0002080,MP:0011100		Alg3<em1(IMPC)J>	50229818	HGNC:23056	ALG3	
MGI:2444031	Alg6		Alg6		MP:0011100		Alg6<em1(IMPC)Tcp>	50229336	HGNC:23157	ALG6	
MGI:2141959	Alg8		Alg8		MP:0011100		Alg8<em1(IMPC)J>	50227910	HGNC:23161	ALG8	
MGI:1924753	Alg9		Alg9		MP:0011100		Alg9<em1(IMPC)J>	50230874	HGNC:15672	ALG9	
MGI:2384034	Alkbh1		Alkbh1		MP:0011100		Alkbh1<tm1b(EUCOMM)Hmgu>	50225892	HGNC:17911	ALKBH1	
MGI:1919291	Alkbh4		Alkbh4		MP:0011100		Alkbh4<tm1.1Geno>	50227406	HGNC:21900	ALKBH4	
MGI:1934606	Alms1		Alms1		MP:0001260		Alms1<Gt(XH152)Byg>|Alms1<m1Btlr>|Alms1<m3Btlr>|Alms1<m4Btlr>|Alms1<m5Btlr>|Alms1<m6Btlr>	50221710	HGNC:428	ALMS1	
MGI:1345140	Aloxe3		Aloxe3		MP:0011100		Aloxe3<em1(IMPC)Mbp>	50217338	HGNC:13743	ALOXE3	
MGI:87984	Akp3		Akp3		MP:0001260		Akp3<tm1Jlm>	50217351	HGNC:441	ALPG	
MGI:87984	Akp3		Akp3		MP:0001260		Akp3<tm1Jlm>	50217351	HGNC:437	ALPI	
MGI:87984	Akp3		Akp3		MP:0001260		Akp3<tm1Jlm>	50217351	HGNC:439	ALPP	
MGI:1921268	Als2		Als2		MP:0001260		Als2<tm1Cai>	50217354	HGNC:443	ALS2	
MGI:2443564	Ambra1		Ambra1		MP:0002080,MP:0011100		Ambra1<em1(IMPC)Bay>	50223694	HGNC:25990	AMBRA1	
MGI:2443978	Amdhd2		Amdhd2		MP:0011100		Amdhd2<em1(IMPC)Mbp>	50231182	HGNC:24262	AMDHD2	
MGI:1922973	Amotl1		Amotl1		MP:0011101		Amotl1<em1Rstot>	50232385	HGNC:17811	AMOTL1	
MGI:3646700	Amt		Amt		MP:0002080,MP:0011100		Amt<Gt(OST181110)Lex>|Amt<em1(IMPC)Tcp>	50221360	HGNC:473	AMT	
MGI:103097	Anapc1		Anapc1		MP:0011100		Anapc1<em1(IMPC)J>	50226038	HGNC:19988	ANAPC1	
MGI:1916249	Anapc10		Anapc10		MP:0011100		Anapc10<em1(IMPC)J>	50231968	HGNC:24077	ANAPC10	
MGI:1916260	Anapc13		Anapc13		MP:0011100		Anapc13<tm2b(EUCOMM)Wtsi>	50227436	HGNC:24540	ANAPC13	
MGI:1922680	Anapc15		Anapc15		MP:0011100		Anapc15<tm1.1(KOMP)Vlcg>	50230152	HGNC:24531	ANAPC15	
MGI:1098673	Anapc4		Anapc4		MP:0011100		Anapc4<tm1b(EUCOMM)Wtsi>	50227711	HGNC:19990	ANAPC4	
MGI:1929722	Anapc5		Anapc5		MP:0011100		Anapc5<em1(IMPC)Bay>	50228868	HGNC:15713	ANAPC5	
MGI:1888999	Angptl4		Angptl4		MP:0011101		Angptl4<tm1Vlcg>	50221952	HGNC:16039	ANGPTL4	
MGI:88024	Ank1		Ank1		MP:0011100,MP:0011101		Ank1<M1Wlst>|Ank1<MRI23420>|Ank1<pale>	50217379	HGNC:492	ANK1	
MGI:88025	Ank2		Ank2		MP:0001260		Ank2<tm2.1Bnt>|Ank2<tm3.1Bnt>	50217380	HGNC:493	ANK2	
MGI:88026	Ank3		Ank3		MP:0011100,MP:0011101		Ank3<em1(IMPC)Bay>|Ank3<tm2.2Bnt>	50217381	HGNC:494	ANK3	
MGI:1337008	Ankfy1		Ankfy1		MP:0011100		Ankfy1<tm1b(KOMP)Mbp>	50228857	HGNC:20763	ANKFY1	
MGI:1918775	Ankle1		Ankle1		MP:0011101		Ankle1<tm1(KOMP)Wtsi>|Ankle1<tm1.2(KOMP)Wtsi>	50231757	HGNC:26812	ANKLE1	
MGI:2144755	Ankmy2		Ankmy2		MP:0011100		Ankmy2<em1(IMPC)Bay>	50217385	HGNC:25370	ANKMY2	
MGI:1924337	Ankrd11		Ankrd11		MP:0011100		Ankrd11<tm1b(EUCOMM)Wtsi>	50221497	HGNC:21316	ANKRD11	
MGI:1917887	Ankrd26		Ankrd26		MP:0001260		Ankrd26<Gt(XK525)Byg>	50217389	HGNC:29186	ANKRD26	
MGI:1930842	Ankrd49		Ankrd49		MP:0011100		Ankrd49<em1(IMPC)Tcp>	50229719	HGNC:25970	ANKRD49	
MGI:2444029	Ankrd52		Ankrd52		MP:0011100		Ankrd52<em1(IMPC)J>	50217395	HGNC:26614	ANKRD52	
MGI:1919865	Anks3		Anks3		MP:0011100		Anks3<em1(IMPC)J>	50230512	HGNC:29422	ANKS3	
MGI:1922941	Anks6		Anks6		MP:0011100		Anks6<tm1b(KOMP)Wtsi>	50231231	HGNC:26724	ANKS6	
MGI:1920174	Anln		Anln		MP:0011100		Anln<em1(IMPC)Bay>	50226173	HGNC:14082	ANLN	
MGI:88031	Anxa7		Anxa7		MP:0001260		Anxa7<+>|Anxa7<tm1Pll>	50233068	HGNC:545	ANXA7	
MGI:101919	Ap1g1		Ap1g1		MP:0011100		Ap1g1<tm1b(EUCOMM)Hmgu>	50217242	HGNC:555	AP1G1	
MGI:1098244	Ap1s1		Ap1s1		MP:0011100		Ap1s1<tm1.1(KOMP)Vlcg>	50230803	HGNC:559	AP1S1	
MGI:1919020	Ap2b1		Ap2b1		MP:0011100		Ap2b1<em1(IMPC)J>	50220380	HGNC:563	AP2B1	
MGI:88039	Apc		Apc		MP:0008762		Apc<tm2Mmt>	50218644	HGNC:583	APC	
MGI:88042	Apex1		Apex1		MP:0011101		Apex1<+>|Apex1<tm1Ecf>	50222913	HGNC:587	APEX1	
MGI:2385110	Aph1a		Aph1a		MP:0011100		Aph1a<tm1b(KOMP)Mbp>	50231946	HGNC:29509	APH1A	
MGI:1346086	Aplnr		Aplnr		MP:0011101		Aplnr<tm1.1Tq>	50217275	HGNC:339	APLNR	
MGI:88052	Apob		Apob		MP:0011101		Apob<tm1.1Zc>|Apob<tm1Zc>	50217436	HGNC:603	APOB	
MGI:88058	Apoh		Apoh		MP:0011101		Apoh<tm1Krl>	50231720	HGNC:616	APOH	
MGI:103201	Aqp1		Aqp1		MP:0011101		Aqp1<tm1Ask>	50217448	HGNC:633	AQP1	
MGI:106215	Aqp5		Aqp5		MP:0011101		Aqp5<tm1Amn>|Aqp5<tm1Ask>	50233088	HGNC:638	AQP5	
MGI:88064	Ar		Ar		MP:0001260		Ar<Tfm-Jms>|Ar<tm1(AR)Dmr>|Ar<tm3(AR)Dmr>	50217453	HGNC:644	AR	
MGI:99433	Arf4		Arf4		MP:0011100		Arf4<tm1b(KOMP)Wtsi>	50229393	HGNC:655	ARF4	
MGI:2442988	Arfgef1		Arfgef1		MP:0011100		Arfgef1<em1(IMPC)Hmgu>	50222901	HGNC:15772	ARFGEF1	
MGI:2442985	Arglu1		Arglu1		MP:0011100		Arglu1<em1(IMPC)J>	50217466	HGNC:25482	ARGLU1	
MGI:2443818	Arhgap29		Arhgap29		MP:0011100		Arhgap29<em1(IMPC)J>	50217473	HGNC:30207	ARHGAP29	
MGI:1916882	Arhgef12		Arhgef12		MP:0011101		Arhgef12<tm1Sgkd>	50225923	HGNC:14193	ARHGEF12	
MGI:2142567	Arhgef18		Arhgef18		MP:0011100		Arhgef18<tm1b(KOMP)Mbp>	50217483	HGNC:17090	ARHGEF18	
MGI:1860493	Arhgef7		Arhgef7		MP:0011100		Arhgef7<tm1a(EUCOMM)Wtsi>	50217486	HGNC:15607	ARHGEF7	
MGI:1926129	Arid1b		Arid1b		MP:0011100		Arid1b<em1(IMPC)Tcp>	50221598	HGNC:18040	ARID1B	
MGI:1924294	Arid2		Arid2		MP:0011100		Arid2<tm1a(EUCOMM)Wtsi>	50221926	HGNC:18037	ARID2	
MGI:1328360	Arid3a		Arid3a		MP:0011100		Arid3a<tm1b(KOMP)Wtsi>	50223890	HGNC:3031	ARID3A	
MGI:1344363	Arih1		Arih1		MP:0011100		Arih1<em1(IMPC)Tcp>	50228601	HGNC:689	ARIH1	
MGI:1344361	Arih2		Arih2		MP:0011100		Arih2<tm1.1(KOMP)Vlcg>	50228577	HGNC:690	ARIH2	
MGI:2442308	Arl15		Arl15		MP:0011100		Arl15<em1(IMPC)H>	50217494	HGNC:25945	ARL15	
MGI:1929699	Arl3		Arl3		MP:0011101		Arl3<Gt(OST263303)Lex>	50217496	HGNC:694	ARL3	
MGI:1927136	Arl6		Arl6		MP:0011069		Arl6<tm2Vcs>	50217684	HGNC:13210	ARL6	
MGI:1916449	Armc2		Armc2		MP:0011100		Armc2<tm1b(EUCOMM)Hmgu>	50219459	HGNC:23045	ARMC2	
MGI:2442071	Gprasp2		Gprasp2		MP:0001260		Gprasp2<tm1.1Jpe>	50233108	HGNC:42000	ARMCX5-GPRASP2	
MGI:88071	Arnt		Arnt		MP:0011100,MP:0011101		Arnt<em1(IMPC)H>|Arnt<tm1Bra>	50217504	HGNC:700	ARNT	
MGI:107188	Arnt2		Arnt2		MP:0001260		Arnt2<M1Btlr>|Arnt2<em1Btlr>	50217505	HGNC:16876	ARNT2	
MGI:1928896	Arpc1a		Arpc1a		MP:0011100		Arpc1a<em1(IMPC)J>	50229279	HGNC:703	ARPC1A	
MGI:1923959	Arpc2		Arpc2		MP:0011100		Arpc2<tm1a(EUCOMM)Wtsi>	50222344	HGNC:705	ARPC2	
MGI:1928375	Arpc3		Arpc3		MP:0011100		Arpc3<tm1a(EUCOMM)Wtsi>	50231256	HGNC:706	ARPC3	
MGI:1929743	Asb2		Asb2		MP:0011100		Asb2<tm2b(KOMP)Wtsi>	50217528	HGNC:16012	ASB2	
MGI:1922702	Ascc2		Ascc2		MP:0011100		Ascc2<tm1a(EUCOMM)Wtsi>|Ascc2<tm1b(EUCOMM)Wtsi>	50230847	HGNC:24103	ASCC2	
MGI:1925237	Ascc3		Ascc3		MP:0011100		Ascc3<em1(IMPC)Bay>	50226859	HGNC:18697	ASCC3	
MGI:1913653	Asf1a		Asf1a		MP:0011100		Asf1a<tm1b(KOMP)Wtsi>	50217526	HGNC:20995	ASF1A	
MGI:2183158	Ash1l		Ash1l		MP:0011100		Ash1l<tm2b(EUCOMM)Hmgu>	50221887	HGNC:19088	ASH1L	
MGI:1344416	Ash2l		Ash2l		MP:0011100		Ash2l<tm1b(EUCOMM)Wtsi>	50220789	HGNC:744	ASH2L	
MGI:87853	A|a		a		MP:0001260,MP:0002080,MP:0008762		A<y>|A<y>|A<w>|a<16H>|a<jl10>|a<jl41>|a<jl85>|a<l>|a<x>	50217537	HGNC:745	ASIP	
MGI:1922552	Asxl2		Asxl2		MP:0011101		Asxl2<Gt(AQ0356)Wtsi>	50232437	HGNC:23805	ASXL2	
MGI:1919214	Atad3a		Atad3a		MP:0011100		Atad3a<tm1a(KOMP)Wtsi>	50217549	HGNC:25567	ATAD3A	
MGI:1919214	Atad3a		Atad3a		MP:0011100		Atad3a<tm1a(KOMP)Wtsi>	50217549	HGNC:24007	ATAD3B	
MGI:1919214	Atad3a		Atad3a		MP:0011100		Atad3a<tm1a(KOMP)Wtsi>	50217549	HGNC:32151	ATAD3C	
MGI:2442925	Atad5		Atad5		MP:0011100		Atad5<em1(IMPC)Bay>	50218140	HGNC:25752	ATAD5	
MGI:2448730	Atcay		Atcay		MP:0011100		Atcay<em1(IMPC)Bay>	50217774	HGNC:779	ATCAY	
MGI:1333870	Ate1		Ate1		MP:0011100		Ate1<em1(IMPC)Ccpcz>	50230330	HGNC:782	ATE1	
MGI:88096	Atf4		Atf4		MP:0011100		Atf4<tm1(KOMP)Mbp>	50217554	HGNC:786	ATF4	
MGI:1196429	Atg13		Atg13		MP:0011100		Atg13<tm2b(EUCOMM)Hmgu>	50230819	HGNC:29091	ATG13	
MGI:1261775	Atg14		Atg14		MP:0011100		Atg14<em1(IMPC)Mbp>	50229885	HGNC:19962	ATG14	
MGI:1924290	Atg16l1		Atg16l1		MP:0002080,MP:0011100		Atg16l1<tm1a(EUCOMM)Wtsi>	50220894	HGNC:21498	ATG16L1	
MGI:1915091	Atg3		Atg3		MP:0011100		Atg3<tm1b(EUCOMM)Hmgu>	50217425	HGNC:20962	ATG3	
MGI:1929492	Atl2		Atl2		MP:0011100		Atl2<tm2b(EUCOMM)Hmgu>	50217499	HGNC:24047	ATL2	
MGI:1354735	Atp11a		Atp11a		MP:0011100		Atp11a<tm1a(KOMP)Wtsi>	50227381	HGNC:13552	ATP11A	
MGI:2180801	Atp13a1		Atp13a1		MP:0011100		Atp13a1<em1(IMPC)Tcp>	50233132	HGNC:24215	ATP13A1	
MGI:2685387	Atp13a3		Atp13a3		MP:0011101		Atp13a3<em2H>	50232674	HGNC:24113	ATP13A3	
MGI:88105	Atp1a1		Atp1a1		MP:0011100		Atp1a1<Gt(OST31117)Lex>|Atp1a1<em1(IMPC)Ccpcz>|Atp1a1<tm1Ling>	50217562	HGNC:799	ATP1A1	
MGI:88106	Atp1a2		Atp1a2		MP:0001260		Atp1a2<tm1.1Tmklh>|Atp1a2<+>	50217593	HGNC:800	ATP1A2	
MGI:88107	Atp1a3		Atp1a3		MP:0011100		Atp1a3<tm1b(EUCOMM)Hmgu>	50217594	HGNC:801	ATP1A3	
MGI:88108	Atp1b1		Atp1b1		MP:0011100		Atp1b1<em1(IMPC)Mbp>	50218136	HGNC:804	ATP1B1	
MGI:107788	Atp1b3		Atp1b3		MP:0011100		Atp1b3<em1(IMPC)Bay>	50217564	HGNC:806	ATP1B3	
MGI:105058	Atp2a1		Atp2a1		MP:0011100		Atp2a1<tm1b(EUCOMM)Hmgu>	50217148	HGNC:811	ATP2A1	
MGI:88110	Atp2a2		Atp2a2		MP:0011100,MP:0011101		Atp2a2<tm1Fwuy>|Atp2a2<tm1b(EUCOMM)Hmgu>	50217565	HGNC:812	ATP2A2	
MGI:104653	Atp2b1		Atp2b1		MP:0011100		Atp2b1<tm1b(KOMP)Wtsi>	50225074	HGNC:814	ATP2B1	
MGI:107801	Atp5f1b		Atp5f1b		MP:0011100		Atp5f1b<tm1b(EUCOMM)Hmgu>	50217568	HGNC:830	ATP5F1B	
MGI:1913293	Atp5f1d		Atp5f1d		MP:0011100		Atp5f1d<em1(IMPC)Bay>	50217570	HGNC:837	ATP5F1D	
MGI:1855697	Atp5f1e		Atp5f1e		MP:0011100		Atp5f1e<tm1b(EUCOMM)Wtsi>	50217571	HGNC:838	ATP5F1E	
MGI:1855697	Atp5f1e		Atp5f1e		MP:0011100		Atp5f1e<tm1b(EUCOMM)Wtsi>	50217571	HGNC:34026	ATP5F1EP2	
MGI:1351597	Atp5mg		Atp5mg		MP:0011100		Atp5mg<tm1b(EUCOMM)Hmgu>	50224411	HGNC:14247	ATP5MG	
MGI:1351597	Atp5mg		Atp5mg		MP:0011100		Atp5mg<tm1b(EUCOMM)Hmgu>	50224411	HGNC:13213	ATP5MGL	
MGI:1100495	Atp5pb		Atp5pb		MP:0011100		Atp5pb<tm1b(EUCOMM)Wtsi>	50217572	HGNC:840	ATP5PB	
MGI:106341	Atp5po		Atp5po		MP:0011100		Atp5po<tm1.1(KOMP)Vlcg>	50217580	HGNC:850	ATP5PO	
MGI:103286	Atp6v0a1		Atp6v0a1		MP:0011100		Atp6v0a1<tm1b(EUCOMM)Hmgu>	50217588	HGNC:865	ATP6V0A1	
MGI:2153480	Atp6v0a4		Atp6v0a4		MP:0011100		Atp6v0a4<tm1(KOMP)Vlcg>	50233141	HGNC:866	ATP6V0A4	
MGI:1890510	Atp6v0b		Atp6v0b		MP:0011100		Atp6v0b<em1(IMPC)J>	50228743	HGNC:861	ATP6V0B	
MGI:1201778	Atp6v0d1		Atp6v0d1		MP:0011100		Atp6v0d1<tm1b(EUCOMM)Hmgu>	50219249	HGNC:13724	ATP6V0D1	
MGI:1923502	Atp6v0e2		Atp6v0e2		MP:0011100		Atp6v0e2<em1(IMPC)Bay>	50229599	HGNC:21723	ATP6V0E2	
MGI:1201780	Atp6v1a		Atp6v1a		MP:0011100		Atp6v1a<em1(IMPC)Bay>	50217590	HGNC:851	ATP6V1A	
MGI:109618	Atp6v1b2		Atp6v1b2		MP:0011100		Atp6v1b2<tm1b(KOMP)Wtsi>	50217591	HGNC:854	ATP6V1B2	
MGI:1913585	Atp6v1c1		Atp6v1c1		MP:0011100		Atp6v1c1<tm1b(NCOM)Mfgc>	50217592	HGNC:856	ATP6V1C1	
MGI:1921084	Atp6v1d		Atp6v1d		MP:0011100		Atp6v1d<tm1b(EUCOMM)Hmgu>	50230641	HGNC:13527	ATP6V1D	
MGI:894326	Atp6v1e1		Atp6v1e1		MP:0011100		Atp6v1e1<em1(IMPC)Rbrc>	50217585	HGNC:857	ATP6V1E1	
MGI:1913394	Atp6v1f		Atp6v1f		MP:0011100		Atp6v1f<em1(IMPC)J>	50231512	HGNC:16832	ATP6V1F	
MGI:1914864	Atp6v1h		Atp6v1h		MP:0011100		Atp6v1h<em1(IMPC)Bay>	50218954	HGNC:18303	ATP6V1H	
MGI:99400	Atp7a		Atp7a		MP:0002080,MP:0011100,MP:0011101		Atp7a<+>|Atp7a<Mo>|Atp7a<Mo-12H>|Atp7a<Mo-14H>|Atp7a<Mo-18H>|Atp7a<Mo-2Btlr>|Atp7a<Mo-5J>|Atp7a<Mo-to>	50217956	HGNC:869	ATP7A	
MGI:1330848	Atp8a1		Atp8a1		MP:0001260		Atp8a1<tm1a(EUCOMM)Wtsi>	50230237	HGNC:13531	ATP8A1	
MGI:1354710	Atp8a2		Atp8a2		MP:0011100		Atp8a2<wl-2J>	50232412	HGNC:13533	ATP8A2	
MGI:2180561	Atpaf2		Atpaf2		MP:0011100		Atpaf2<tm1a(KOMP)Wtsi>	50223305	HGNC:18802	ATPAF2	
MGI:108028	Atr		Atr		MP:0011100,MP:0011101		Atr<tm1Ofc>|Atr<tm1b(KOMP)Wtsi>	50227312	HGNC:882	ATR	
MGI:1925349	Atrip		Atrip		MP:0011100		Atrip<tm1b(KOMP)Wtsi>	50227529	HGNC:33499	ATRIP	
MGI:2147749	Atrnl1		Atrnl1		MP:0011100		Atrnl1<em1(IMPC)Hmgu>	50217602	HGNC:29063	ATRNL1	
MGI:103067	Atrx		Atrx		MP:0011101		Atrx<tm1Enl>	50228737	HGNC:886	ATRX	
MGI:1859293	Atxn10		Atxn10		MP:0011100		Atxn10<tm1b(KOMP)Wtsi>	50227767	HGNC:10549	ATXN10	
MGI:1277223	Atxn2		Atxn2		MP:0001260,MP:0011101		Atxn2<tm1.1Aub>|Atxn2<tm1Plt>	50227065	HGNC:10555	ATXN2	
MGI:2446242	Atxn2l		Atxn2l		MP:0011100		Atxn2l<em1Aub>	50228961	HGNC:31326	ATXN2L	
MGI:3036270	Atxn7l3		Atxn7l3		MP:0011100		Atxn7l3<tm1.1(KOMP)Wtsi>	50217608	HGNC:25416	ATXN7L3	
MGI:894678	Aurka		Aurka		MP:0011100		Aurka<tm1b(EUCOMM)Hmgu>	50220810	HGNC:11393	AURKA	
MGI:1913327	Aurkaip1		Aurkaip1		MP:0011100		Aurkaip1<em1(IMPC)Bay>	50230471	HGNC:24114	AURKAIP1	
MGI:107168	Aurkb		Aurkb		MP:0008762		Aurkb<tm1.2Mama>|Aurkb<tm2.2Mama>	50217612	HGNC:11390	AURKB	
MGI:1919847	Auts2		Auts2		MP:0011100		Auts2<em1(IMPC)Wtsi>	50217614	HGNC:14262	AUTS2	
MGI:1333798	Avil		Avil		MP:0011101		Avil<tm1(ALPP)Fawa>	50230011	HGNC:14188	AVIL	
MGI:88121	Avp		Avp		MP:0011100		Avp<tm1b(EUCOMM)Wtsi>	50217465	HGNC:894	AVP	
MGI:1096327	Axin1		Axin1		MP:0002080,MP:0008762		Axin1<Fu-ki>|Axin1<tm1.2Dic>	50224334	HGNC:903	AXIN1	
MGI:1270862	Axin2		Axin2		MP:0011100,MP:0011101		Axin2<+>|Axin2<M1J>|Axin2<M1J>|Axin2<+>|Axin2<tm1b(KOMP)Wtsi>	50217620	HGNC:904	AXIN2	
MGI:103163	Azgp1		Azgp1		MP:0001260		Azgp1<tm1.1Sbah>	50231306	HGNC:910	AZGP1	
MGI:88127	B2m		B2m		MP:0011100		B2m<tm1b(EUCOMM)Wtsi>	50217832	HGNC:914	B2M	
MGI:2145517	B3galnt2		B3galnt2		MP:0011100		B3galnt2<em1(IMPC)J>	50229810	HGNC:28596	B3GALNT2	
MGI:2152819	B3galt6		B3galt6		MP:0011100		B3galt6<em2(IMPC)Tcp>	50232506	HGNC:17978	B3GALT6	
MGI:1927169	B4galt5		B4galt5		MP:0011100		B4galt5<Gt(OST202518)Lex>|B4galt5<em1(IMPC)Tcp>	50232027	HGNC:928	B4GALT5	
MGI:1919680	B4gat1		B4gat1		MP:0011100		B4gat1<tm1.1(KOMP)Vlcg>	50217633	HGNC:15685	B4GAT1	
MGI:1351471	B9d1		B9d1		MP:0001260,MP:0011100		B9d1<+>|B9d1<tm1a(EUCOMM)Wtsi>|B9d1<tm1d(EUCOMM)Wtsi>	50223391	HGNC:24123	B9D1	
MGI:2387643	B9d2		B9d2		MP:0011100		B9d2<tm1a(EUCOMM)Wtsi>	50231460	HGNC:28636	B9D2	
MGI:1915609	Bacc1		Bacc1		MP:0011100		Bacc1<tm1.1(KOMP)Vlcg>	50220856	HGNC:28737	BACC1	
MGI:1352493	Bag3		Bag3		MP:0001260,MP:0011100		Bag3<+>|Bag3<tm1a(EUCOMM)Hmgu>|Bag3<tm1b(EUCOMM)Hmgu>	50229345	HGNC:939	BAG3	
MGI:1346330	Banf1		Banf1		MP:0011100		Banf1<em1(IMPC)J>	50220294	HGNC:17397	BANF1	
MGI:1889023	Banp		Banp		MP:0011100		Banp<em1(IMPC)J>	50229750	HGNC:13450	BANP	
MGI:1206586	Bap1		Bap1		MP:0011100		Bap1<tm1a(EUCOMM)Hmgu>	50227530	HGNC:950	BAP1	
MGI:1277215	Bbs1		Bbs1		MP:0011100		Bbs1<em1(IMPC)Mbp>	50223671	HGNC:966	BBS1	
MGI:1919019	Bbs10		Bbs10		MP:0001260,MP:0011100		Bbs10<tm1.1(KOMP)Vlcg>|Bbs10<tm1.2Vmar>	50227482	HGNC:26291	BBS10	
MGI:2135267	Bbs2		Bbs2		MP:0001260		Bbs2<tm1Vcs>	50221034	HGNC:967	BBS2	
MGI:1918742	Bbs7		Bbs7		MP:0001260		Bbs7<tm1Vcs>	50223069	HGNC:18758	BBS7	
MGI:2442833	Bbs9		Bbs9		MP:0001260,MP:0011100		Bbs9<em1(IMPC)Bay>|Bbs9<m1Btlr>	50232298	HGNC:30000	BBS9	
MGI:1929940	Bcam		Bcam		MP:0001260		Bcam<tm1Ics>	50224264	HGNC:6722	BCAM	
MGI:1913415	Bccip		Bccip		MP:0011100		Bccip<tm1b(EUCOMM)Hmgu>	50224481	HGNC:978	BCCIP	
MGI:107701	Bckdha		Bckdha		MP:0011100		Bckdha<em1(IMPC)Tcp>	50229057	HGNC:986	BCKDHA	
MGI:88137	Bckdhb		Bckdhb		MP:0011100		Bckdhb<em1(IMPC)J>	50230318	HGNC:987	BCKDHB	
MGI:1929913	Bcl11b		Bcl11b		MP:0011100		Bcl11b<tm1.1(KOMP)Vlcg>	50217695	HGNC:13222	BCL11B	
MGI:88139	Bcl2l1		Bcl2l1		MP:0011101		Bcl2l1<Plt16>	50217697	HGNC:992	BCL2L1	
MGI:107187	Bcl6		Bcl6		MP:0011101		Bcl6<tm2Rdf>	50217698	HGNC:1001	BCL6	
MGI:1924295	Bcl7a		Bcl7a		MP:0011100		Bcl7a<tm1b(EUCOMM)Wtsi>	50218451	HGNC:1004	BCL7A	
MGI:1924828	Bcl9		Bcl9		MP:0011100		Bcl9<em1(IMPC)Bay>	50226751	HGNC:1008	BCL9	
MGI:1917580	Bclaf1		Bclaf1		MP:0011100		Bclaf1<tm1b(EUCOMM)Wtsi>	50233177	HGNC:16863	BCLAF1	
MGI:1914071	Bcs1l		Bcs1l		MP:0011100		Bcs1l<tm1.1(KOMP)Vlcg>	50230716	HGNC:1020	BCS1L	
MGI:88145	Bdnf		Bdnf		MP:0001260		Bdnf<+>|Bdnf<tm1Par>|Bdnf<tm1(Ntf3)Pern>|Bdnf<tm1.1Tmiz>|Bdnf<+>|Bdnf<tm1Flee>|Bdnf<tm1Par>|Bdnf<+>	50231672	HGNC:1033	BDNF	
MGI:1347077	Bdp1		Bdp1		MP:0011100		Bdp1<em1(IMPC)Tcp>	50223951	HGNC:13652	BDP1	
MGI:1891828	Becn1		Becn1		MP:0011100		Becn1<tm1b(KOMP)Wtsi>	50231034	HGNC:1034	BECN1	
MGI:2684950	Becn2		Becn2		MP:0001260		Becn2<tm1.1Blev>|Becn2<+>	50231033	HGNC:38606	BECN2	
MGI:2677212	Bend3		Bend3		MP:0011100		Bend3<tm1b(KOMP)Mbp>	50226283	HGNC:23040	BEND3	
MGI:1933388	Bicc1		Bicc1		MP:0011100,MP:0011101		Bicc1<em1(IMPC)Mbp>|Bicc1<tm1Bdc>	50217731	HGNC:19351	BICC1	
MGI:2154263	Bicra		Bicra		MP:0011100		Bicra<em1(IMPC)J>	50222651	HGNC:4332	BICRA	
MGI:1276108	Birc6		Birc6		MP:0008762,MP:0011100		Birc6<em1(IMPC)Ccpcz>|Birc6<m1Anu>	50232394	HGNC:13516	BIRC6	
MGI:1328362	Blm		Blm		MP:0002080		Blm<tm2Brd>	50232127	HGNC:1058	BLM	
MGI:1920939	Bloc1s2		Bloc1s2		MP:0011100,MP:0011101		Bloc1s2<tm1.1(KOMP)Mbp>|Bloc1s2<tm1Wli>	50229756	HGNC:20984	BLOC1S2	
MGI:1927580	Bloc1s6		Bloc1s6		MP:0001260		Bloc1s6<pa>	50225069	HGNC:8549	BLOC1S6	
MGI:2444631	Bltp1		Bltp1		MP:0011100		Bltp1<tm1b(EUCOMM)Hmgu>	50226395	HGNC:26953	BLTP1	
MGI:1919753	Bltp2		Bltp2		MP:0011100		Bltp2<em1(IMPC)J>	50233189	HGNC:28960	BLTP2	
MGI:88174	Bmi1		Bmi1		MP:0011100		Bmi1<tm1.1(KOMP)Vlcg>	50217757	HGNC:1066	BMI1	
MGI:88176	Bmp1		Bmp1		MP:0011100		Bmp1<em1(IMPC)Bay>	50222430	HGNC:1067	BMP1	
MGI:1338820	Bmp10		Bmp10		MP:0011100		Bmp10<tm3b(EUCOMM)Hmgu>	50217758	HGNC:20869	BMP10	
MGI:88180	Bmp4		Bmp4		MP:0011100,MP:0011101		Bmp4<tm1b(EUCOMM)Hmgu>|Bmp4<tm3Blh>|Bmp4<+>	50217765	HGNC:1071	BMP4	
MGI:88181	Bmp5		Bmp5		MP:0002080,MP:0010770		Bmp5<se-20H>|Bmp5<se>|Bmp5<se-20H>	50217766	HGNC:1072	BMP5	
MGI:103302	Bmp7		Bmp7		MP:0011100		Bmp7<tm1.2Dgra>	50217767	HGNC:1074	BMP7	
MGI:1338938	Bmpr1a		Bmpr1a		MP:0002080		Bmpr1a<tm2.2Bhr>	50217328	HGNC:1076	BMPR1A	
MGI:1095407	Bmpr2		Bmpr2		MP:0011101		Bmpr2<+>|Bmpr2<tm1Kmi>	50232116	HGNC:1078	BMPR2	
MGI:2446132	Bms1		Bms1		MP:0011100		Bms1<tm1b(EUCOMM)Hmgu>	50217770	HGNC:23505	BMS1	
MGI:109328	Bnip1		Bnip1		MP:0011100		Bnip1<tm2b(KOMP)Wtsi>	50226810	HGNC:1082	BNIP1	
MGI:1916806	Bod1		Bod1		MP:0011100		Bod1<tm1b(KOMP)Wtsi>	50220585	HGNC:25114	BOD1	
MGI:1916806	Bod1		Bod1		MP:0011100		Bod1<tm1b(KOMP)Wtsi>	50220585	HGNC:28505	BOD1L2	
MGI:1915024	Borcs5		Borcs5		MP:0011100		Borcs5<em1(IMPC)Bay>	50223881	HGNC:17950	BORCS5	
MGI:1919173	Borcs6		Borcs6		MP:0011100		Borcs6<tm1.1(KOMP)Vlcg>	50227623	HGNC:25939	BORCS6	
MGI:1915720	Bpnt2		Bpnt2		MP:0001260		Bpnt2<+>|Bpnt2<tm1a(KOMP)Wtsi>	50223977	HGNC:26019	BPNT2	
MGI:2444008	Bptf		Bptf		MP:0011100		Bptf<em1(IMPC)Bay>	50221353	HGNC:3581	BPTF	
MGI:1919649	Brap		Brap		MP:0011100		Brap<em1(IMPC)Mbp>	50231505	HGNC:1099	BRAP	
MGI:104537	Brca1		Brca1		MP:0001260,MP:0011101		Brca1<tm2Arge>|Brca1<tm3Cxd>	50233210	HGNC:1100	BRCA1	
MGI:109337	Brca2		Brca2		MP:0011101		Brca2<tm1Cam>|Brca2<tm2.1Sks>|Brca2<tm2.1Sks>|Brca2<tm1Brd>	50220626	HGNC:1101	BRCA2	
MGI:99495	Brd2		Brd2		MP:0011100		Brd2<em1(IMPC)Wtsi>	50217789	HGNC:1103	BRD2	
MGI:1888520	Brd4		Brd4		MP:0011100		Brd4<tm1b(EUCOMM)Wtsi>	50220738	HGNC:13575	BRD4	
MGI:1925906	Brd8		Brd8		MP:0011100		Brd8<tm1a(EUCOMM)Wtsi>	50217790	HGNC:19874	BRD8	
MGI:2145317	Brd9		Brd9		MP:0011100		Brd9<em1(IMPC)Tcp>	50231990	HGNC:25818	BRD9	
MGI:1915406	Brk1		Brk1		MP:0011100		Brk1<em1(IMPC)Mbp>	50231262	HGNC:23057	BRK1	
MGI:1100501	Brs3		Brs3		MP:0001260		Brs3<tm1Jfb>	50233215	HGNC:1113	BRS3	
MGI:1202875	Btf3		Btf3		MP:0011100		Btf3<em1(IMPC)Tcp>	50228670	HGNC:1125	BTF3	
MGI:1100510	Bub1		Bub1		MP:0011100		Bub1<em1(IMPC)Bay>	50225712	HGNC:1148	BUB1	
MGI:1913388	Bud23		Bud23		MP:0011100		Bud23<em2(IMPC)H>	50228531	HGNC:16405	BUD23	
MGI:1858419	Bysl		Bysl		MP:0011100		Bysl<em1(IMPC)Ccpcz>	50230879	HGNC:1157	BYSL	
MGI:1917111	2010003K11Rik		2010003K11Rik		MP:0001260		2010003K11Rik<em1Cya>	50233232	HGNC:34442	C11orf86	
MGI:1913624	2310011J03Rik		2310011J03Rik		MP:0011100		2310011J03Rik<em1(IMPC)Mbp>	50222585	HGNC:26711	C19orf25	
MGI:1920703	1700067K01Rik		1700067K01Rik		MP:0011100		1700067K01Rik<tm2a(KOMP)Wtsi>	50232065	HGNC:34354	C19orf67	
MGI:1927354	C1d		C1d		MP:0011100		C1d<em1(IMPC)H>	50229522	HGNC:29911	C1D	
MGI:2151071	C1galt1		C1galt1		MP:0011100		C1galt1<em1(IMPC)Hmgu>	50217866	HGNC:24337	C1GALT1	
MGI:1919959	C1qtnf6		C1qtnf6		MP:0011101		C1qtnf6<tm1Yiw>	50217875	HGNC:14343	C1QTNF6	
MGI:3045252	C1qtnf9		C1qtnf9		MP:0001260		C1qtnf9<tm1(KOMP)Vlcg>	50217876	HGNC:28732	C1QTNF9	
MGI:3045252	C1qtnf9		C1qtnf9		MP:0001260		C1qtnf9<tm1(KOMP)Vlcg>	50217876	HGNC:34072	C1QTNF9B	
MGI:1922730	1700003F12Rik		1700003F12Rik		MP:0011100		1700003F12Rik<tm1.1(KOMP)Vlcg>	50233291	HGNC:16137	C20orf144	
MGI:2142166	C2cd3		C2cd3		MP:0011100		C2cd3<em1(IMPC)Tcp>	50225950	HGNC:24564	C2CD3	
MGI:1923049	4930444P10Rik		4930444P10Rik		MP:0011100		4930444P10Rik<em1(IMPC)Tcp>	50233343	HGNC:51258	C8orf89	
MGI:107438	Cab39		Cab39		MP:0011100		Cab39<em1(IMPC)Tcp>	50224467	HGNC:20292	CAB39	
MGI:1298375	Cabin1		Cabin1		MP:0011100		Cabin1<em1(IMPC)Ccpcz>	50221028	HGNC:24187	CABIN1	
MGI:109482	Cacna1a		Cacna1a		MP:0011100		Cacna1a<Tg-5J>	50217935	HGNC:1388	CACNA1A	
MGI:103013	Cacna1c		Cacna1c		MP:0011100		Cacna1c<em1(IMPC)Mbp>|Cacna1c<tm1Dgen>	50219046	HGNC:1390	CACNA1C	
MGI:88293	Cacna1d		Cacna1d		MP:0011100		Cacna1d<em1(IMPC)J>	50217937	HGNC:1391	CACNA1D	
MGI:106217	Cacna1e		Cacna1e		MP:0001260		Cacna1e<tm1.1Tsch>	50226441	HGNC:1392	CACNA1E	
MGI:88294	Cacna1s		Cacna1s		MP:0011100		Cacna1s<tm1.1(KOMP)Vlcg>	50217940	HGNC:1397	CACNA1S	
MGI:1917562	Cactin		Cactin		MP:0011100		Cactin<em1(IMPC)Ccpcz>	50226569	HGNC:29938	CACTIN	
MGI:1916969	Cad		Cad		MP:0011100		Cad<em1(IMPC)Mbp>	50218387	HGNC:1424	CAD	
MGI:88250	Cald1		Cald1		MP:0011100		Cald1<tm1Chac>	50217948	HGNC:1441	CALD1	
MGI:88251	Calm1		Calm1		MP:0001260,MP:0011101		Calm1<+>|Calm1<em1Allg>|Calm1<em1Gkim>	50217966	HGNC:1442	CALM1	
MGI:1097158	Calu		Calu		MP:0011100		Calu<em1(IMPC)Tcp>	50217972	HGNC:1458	CALU	
MGI:3036242	Camsap1		Camsap1		MP:0011100		Camsap1<em1(IMPC)J>	50217995	HGNC:19946	CAMSAP1	
MGI:1261820	Cand1		Cand1		MP:0011100		Cand1<em1(IMPC)Mbp>	50221017	HGNC:30688	CAND1	
MGI:1100859	Capn5		Capn5		MP:0001260		Capn5<tm1a(EUCOMM)Hmgu>	50227060	HGNC:1482	CAPN5	
MGI:1913208	Carm1		Carm1		MP:0011100		Carm1<m9Bei>|Carm1<tm1Mtb>|Carm1<tm1b(EUCOMM)Hmgu>	50225150	HGNC:23393	CARM1	
MGI:1351477	Cars1		Cars1		MP:0011100		Cars1<em1(IMPC)Tcp>	50218037	HGNC:1493	CARS1	
MGI:1919191	Cars2		Cars2		MP:0002080,MP:0011100		Cars2<em1(IMPC)Bay>|Cars2<em1Akai>	50221784	HGNC:25695	CARS2	
MGI:1351330	Cartpt		Cartpt		MP:0001260		Cartpt<tm1Amgn>	50218038	HGNC:24323	CARTPT	
MGI:2179723	Casc3		Casc3		MP:0011100		Casc3<tm1.1(KOMP)Vlcg>	50231737	HGNC:17040	CASC3	
MGI:107739	Casp3		Casp3		MP:0011101		Casp3<hith2>|Casp3<tm1Flv>	50218046	HGNC:1504	CASP3	
MGI:1277950	Casp9		Casp9		MP:0011101		Casp9<tm1Mak>	50223487	HGNC:1511	CASP9	
MGI:1309469	Casq2		Casq2		MP:0011100		Casq2<tm1b(KOMP)Wtsi>	50228562	HGNC:1513	CASQ2	
MGI:1351351	Casr		Casr		MP:0011100		Casr<tm1b(KOMP)Mbp>	50218051	HGNC:1514	CASR	
MGI:1196251	Casz1		Casz1		MP:0011100		Casz1<tm1b(EUCOMM)Hmgu>	50225491	HGNC:26002	CASZ1	
MGI:1277968	Cavin1		Cavin1		MP:0011101		Cavin1<tm1Pfp>	50221650	HGNC:9688	CAVIN1	
MGI:99851	Cbfb		Cbfb		MP:0011101		Cbfb<+>|Cbfb<tm3Ppl>	50228397	HGNC:1539	CBFB	
MGI:88279	Cbl		Cbl		MP:0001260,MP:0011101		Cbl<+>|Cbl<tm1Ddlb>|Cbl<tm1Ddlb>|Cbl<tm2Wlan>	50229044	HGNC:1541	CBL	
MGI:2384567	Cbr4		Cbr4		MP:0011100		Cbr4<em1(IMPC)Bay>	50223405	HGNC:25891	CBR4	
MGI:105369	Cbx1		Cbx1		MP:0011100		Cbx1<em1(IMPC)Ccpcz>|Cbx1<tm1a(EUCOMM)Wtsi>	50218681	HGNC:1551	CBX1	
MGI:88289	Cbx2		Cbx2		MP:0011100		Cbx2<tm1b(KOMP)Wtsi>	50224961	HGNC:1552	CBX2	
MGI:1195985	Cbx4		Cbx4		MP:0011100		Cbx4<tm1.1(KOMP)Vlcg>	50223432	HGNC:1554	CBX4	
MGI:2445053	Ccbe1		Ccbe1		MP:0002080,MP:0011100		Ccbe1<em1(IMPC)Mbp>|Ccbe1<tm1Mlkn>	50222406	HGNC:29426	CCBE1	
MGI:1914541	Ccdc137		Ccdc137		MP:0011100		Ccdc137<tm1a(KOMP)Wtsi>	50221033	HGNC:33451	CCDC137	
MGI:2444652	Ccdc174		Ccdc174		MP:0011100		Ccdc174<em1(IMPC)Bay>	50229880	HGNC:28033	CCDC174	
MGI:2445022	Ccdc186		Ccdc186		MP:0011100		Ccdc186<em1(IMPC)Mbp>	50222588	HGNC:24349	CCDC186	
MGI:1914332	Ccdc198		Ccdc198		MP:0001260		Ccdc198<em1Iad>	50233422	HGNC:20189	CCDC198	
MGI:2685477	Ccdc32		Ccdc32		MP:0011100		Ccdc32<em1(IMPC)J>	50226307	HGNC:28295	CCDC32	
MGI:1289263	Ccdc39		Ccdc39		MP:0011069,MP:0011100		Ccdc39<prh>|Ccdc39<tm2b(KOMP)Wtsi>	50232578	HGNC:25244	CCDC39	
MGI:1914413	Ccdc47		Ccdc47		MP:0011101		Ccdc47<tm1Hta>	50231339	HGNC:24856	CCDC47	
MGI:1289302	Ccdc59		Ccdc59		MP:0011100		Ccdc59<em1(IMPC)J>	50227271	HGNC:25005	CCDC59	
MGI:1923801	Ccdc6		Ccdc6		MP:0011100,MP:0011101		Ccdc6<em1(IMPC)Wtsi>|Ccdc6<tm1Afus>	50218726	HGNC:18782	CCDC6	
MGI:3612184	Ccdc8		Ccdc8		MP:0011100		Ccdc8<em1(IMPC)Tcp>	50233435	HGNC:25367	CCDC8	
MGI:1918079	Ccdc93		Ccdc93		MP:0011100		Ccdc93<em1(IMPC)J>	50229999	HGNC:25611	CCDC93	
MGI:2385321	Cchcr1		Cchcr1		MP:0010771		Cchcr1<em1Aoka>|Cchcr1<+>	50233441	HGNC:13930	CCHCR1	
MGI:88302	Ccnb1		Ccnb1		MP:0011100		Ccnb1<tm1b(KOMP)Wtsi>	50218242	HGNC:1579	CCNB1	
MGI:88313	Ccnd1		Ccnd1		MP:0011101		Ccnd1<tm1Dsn>	50218163	HGNC:1582	CCND1	
MGI:2145534	Ccno		Ccno		MP:0011100		Ccno<tm1b(EUCOMM)Wtsi>	50233452	HGNC:18576	CCNO	
MGI:1916359	Ccnq		Ccnq		MP:0011100		Ccnq<tm1.1(KOMP)Vlcg>	50220596	HGNC:28434	CCNQ	
MGI:104708	Cct3		Cct3		MP:0011100		Cct3<em1(IMPC)Tcp>	50218893	HGNC:1616	CCT3	
MGI:107185	Cct5		Cct5		MP:0011100		Cct5<em1(IMPC)Tcp>	50228173	HGNC:1618	CCT5	
MGI:107184	Cct7		Cct7		MP:0011100		Cct7<em1(IMPC)J>	50218894	HGNC:1622	CCT7	
MGI:107183	Cct8		Cct8		MP:0011100		Cct8<em1(IMPC)J>	50233454	HGNC:1623	CCT8	
MGI:1916218	Cdan1		Cdan1		MP:0011100		Cdan1<tm1b(KOMP)Wtsi>	50227625	HGNC:1713	CDAN1	
MGI:2138811	Cdc123		Cdc123		MP:0011100		Cdc123<tm1b(KOMP)Wtsi>	50217846	HGNC:16827	CDC123	
MGI:1917207	Cdc16		Cdc16		MP:0011100		Cdc16<em1(IMPC)Bay>	50228518	HGNC:1720	CDC16	
MGI:1859866	Cdc20		Cdc20		MP:0011100		Cdc20<tm1.1(KOMP)Vlcg>	50229108	HGNC:1723	CDC20	
MGI:1098815	Cdc23		Cdc23		MP:0011100		Cdc23<em1(IMPC)J>	50230690	HGNC:1724	CDC23	
MGI:103198	Cdc25a		Cdc25a		MP:0011100		Cdc25a<Gt(OST186277)Lex>	50233500	HGNC:1725	CDC25A	
MGI:1913690	Cdc26		Cdc26		MP:0011100		Cdc26<tm1b(EUCOMM)Hmgu>	50222679	HGNC:17839	CDC26	
MGI:109531	Cdc37		Cdc37		MP:0011100		Cdc37<em1(IMPC)J>	50230717	HGNC:1735	CDC37	
MGI:1918963	Cdc40		Cdc40		MP:0011100		Cdc40<em1(IMPC)Bay>	50231259	HGNC:17350	CDC40	
MGI:106211	Cdc42		Cdc42		MP:0011100		Cdc42<tm1b(EUCOMM)Hmgu>	50218819	HGNC:1736	CDC42	
MGI:1338073	Cdc45		Cdc45		MP:0011100		Cdc45<em1(IMPC)Bay>	50218822	HGNC:1739	CDC45	
MGI:1918952	Cdc5l		Cdc5l		MP:0011100		Cdc5l<em1(IMPC)J>	50230674	HGNC:1743	CDC5L	
MGI:1309511	Cdc7		Cdc7		MP:0011100		Cdc7<tm1.1(KOMP)Vlcg>	50223534	HGNC:1745	CDC7	
MGI:1915099	Cdca5		Cdca5		MP:0011100		Cdca5<tm1.1(KOMP)Vlcg>	50220731	HGNC:14626	CDCA5	
MGI:88354	Cdh1		Cdh1		MP:0002080,MP:0011100		Cdh1<tm1a(EUCOMM)Wtsi>|Cdh1<tm3.1Kem>	50220041	HGNC:1748	CDH1	
MGI:3026886	Cdin1		Cdin1		MP:0011100		Cdin1<em1(IMPC)J>	50220820	HGNC:26929	CDIN1	
MGI:1913876	Cdip1		Cdip1		MP:0011100		Cdip1<tm1.1(KOMP)Vlcg>	50230445	HGNC:13234	CDIP1	
MGI:105491	Cdipt		Cdipt		MP:0011100		Cdipt<tm1b(EUCOMM)Wtsi>	50224228	HGNC:1769	CDIPT	
MGI:1098802	Cdk12		Cdk12		MP:0011100		Cdk12<em1(IMPC)Tcp>	50226894	HGNC:24224	CDK12	
MGI:1916812	Cdk13		Cdk13		MP:0011100		Cdk13<tm1b(EUCOMM)Hmgu>	50218816	HGNC:1733	CDK13	
MGI:104772	Cdk2		Cdk2		MP:0011101		Cdk2<tm1.1Jro>	50228579	HGNC:1771	CDK2	
MGI:2145349	Cdk20		Cdk20		MP:0011100		Cdk20<em1(IMPC)Bay>	50218781	HGNC:21420	CDK20	
MGI:88357	Cdk4		Cdk4		MP:0001260		Cdk4<tm1.1Bbd>	50230190	HGNC:1773	CDK4	
MGI:1933126	Cdk5rap3		Cdk5rap3		MP:0011100		Cdk5rap3<tm1b(EUCOMM)Hmgu>	50218839	HGNC:18673	CDK5RAP3	
MGI:1196224	Cdk8		Cdk8		MP:0011100		Cdk8<tm1b(EUCOMM)Hmgu>	50229280	HGNC:1779	CDK8	
MGI:1328368	Cdk9		Cdk9		MP:0011100		Cdk9<tm1.1(KOMP)Vlcg>	50228717	HGNC:1780	CDK9	
MGI:104556	Cdkn1a		Cdkn1a		MP:0001260		Cdkn1a<tm1Tyj>	50218993	HGNC:1784	CDKN1A	
MGI:104565	Cdkn1b		Cdkn1b		MP:0001260		Cdkn1b<tm1Ako>|Cdkn1b<tm1Jro>|Cdkn1b<tm1Kin>|Cdkn1b<tm1Mlf>|Cdkn1b<tm3Jro>	50218836	HGNC:1785	CDKN1B	
MGI:104564	Cdkn1c		Cdkn1c		MP:0011100		Cdkn1c<tm1.1(KOMP)Vlcg>	50218643	HGNC:1786	CDKN1C	
MGI:105388	Cdkn2c		Cdkn2c		MP:0001260		Cdkn2c<tm1Bbd>|Cdkn2c<tm1Yxi>	50226073	HGNC:1789	CDKN2C	
MGI:1332236	Cds2		Cds2		MP:0011100		Cds2<Gt(OST184358)Lex>|Cds2<tm1a(KOMP)Wtsi>	50230986	HGNC:1801	CDS2	
MGI:3505689	Cdsn		Cdsn		MP:0011100		Cdsn<tm1b(EUCOMM)Hmgu>	50233529	HGNC:1802	CDSN	
MGI:88373	Cebpb		Cebpb		MP:0011101		Cebpb<tm1.1Acle>|Cebpb<tm1Pfj>	50218333	HGNC:1834	CEBPB	
MGI:1923799	Cecr2		Cecr2		MP:0011100		Cecr2<tm2b(EUCOMM)Hmgu>	50226554	HGNC:1840	CECR2	
MGI:1342295	Celf1		Celf1		MP:0011100		Celf1<em1(IMPC)Bay>	50217810	HGNC:2549	CELF1	
MGI:1932407	Celf4		Celf4		MP:0001260,MP:0011100		Celf4<+>|Celf4<Ff>|Celf4<tm1a(EUCOMM)Wtsi>	50231468	HGNC:14015	CELF4	
MGI:1100883	Celsr1		Celsr1		MP:0002080,MP:0011101		Celsr1<ctb-2J>|Celsr1<ctb>|Celsr1<tm1.1Fati>	50218853	HGNC:1850	CELSR1	
MGI:2443629	Cemip		Cemip		MP:0011101		Cemip<tm1.1Okda>	50222545	HGNC:29213	CEMIP	
MGI:1098230	Cenpe		Cenpe		MP:0011100		Cenpe<tm1b(EUCOMM)Hmgu>	50228907	HGNC:1856	CENPE	
MGI:1349448	Cenph		Cenph		MP:0011100		Cenph<tm1b(EUCOMM)Hmgu>	50227130	HGNC:17268	CENPH	
MGI:1917704	Cenpl		Cenpl		MP:0011100		Cenpl<tm1b(EUCOMM)Wtsi>	50219455	HGNC:17879	CENPL	
MGI:1923800	Cenpo		Cenpo		MP:0011100		Cenpo<tm1b(KOMP)Mbp>	50230466	HGNC:28152	CENPO	
MGI:2443939	Cenpt		Cenpt		MP:0011100		Cenpt<em1(IMPC)Bay>	50221364	HGNC:25787	CENPT	
MGI:2687282	Cep104		Cep104		MP:0011100		Cep104<em1(IMPC)Bay>	50225932	HGNC:24866	CEP104	
MGI:2681869	Cep135		Cep135		MP:0011100		Cep135<em1(IMPC)J>	50227755	HGNC:29086	CEP135	
MGI:2384878	Cep164		Cep164		MP:0011100		Cep164<tm1b(EUCOMM)Wtsi>	50232687	HGNC:29182	CEP164	
MGI:1914244	Cep19		Cep19		MP:0001260		Cep19<tm1.1Jmgi>|Cep19<tm2.1Jmgi>	50228783	HGNC:28209	CEP19	
MGI:2384917	Cep290		Cep290		MP:0011101		Cep290<Gt(CC0582)Wtsi>	50223683	HGNC:29021	CEP290	
MGI:1922546	Cep43		Cep43		MP:0011100		Cep43<tm1b(EUCOMM)Hmgu>	50221771	HGNC:17012	CEP43	
MGI:1921357	Cep55		Cep55		MP:0011100		Cep55<em1(IMPC)Tcp>	50218860	HGNC:1161	CEP55	
MGI:1915511	Cep57l1		Cep57l1		MP:0011100		Cep57l1<tm1b(KOMP)Wtsi>	50229394	HGNC:21561	CEP57L1	
MGI:1924298	Cep83		Cep83		MP:0011100		Cep83<tm1.1(KOMP)Vlcg>	50218716	HGNC:17966	CEP83	
MGI:1921451	Cep97		Cep97		MP:0011100		Cep97<tm1.1(KOMP)Vlcg>	50224254	HGNC:26244	CEP97	
MGI:1201414	Cer1		Cer1		MP:0001260		Cer1<tm1Dgen>	50218888	HGNC:1862	CER1	
MGI:88378	Ces1g		Ces1g		MP:0001260		Ces1g<tm1Reli>	50218673	HGNC:1863	CES1	
MGI:88378	Ces1g		Ces1g		MP:0001260		Ces1g<tm1Reli>	50218673	HGNC:18546	CES1P1	
MGI:2142491	Ces2a		Ces2a		MP:0001260		Ces2a<tm1(KOMP)Vlcg>	50218670	HGNC:1864	CES2	
MGI:1347085	Cetn2		Cetn2		MP:0011101		Cetn2<tm1.1Wbae>	50227078	HGNC:1867	CETN2	
MGI:3045346	Cfap300		Cfap300		MP:0011100		Cfap300<em1(IMPC)Bay>	50227913	HGNC:28188	CFAP300	
MGI:1289258	Cfap43		Cfap43		MP:0011101		Cfap43<em1Sono>	50222580	HGNC:26684	CFAP43	
MGI:1921703	Cfap53		Cfap53		MP:0011101		Cfap53<em1Cya>	50218694	HGNC:26530	CFAP53	
MGI:1922208	Cfap54		Cfap54		MP:0011069		Cfap54<Gt(IST10309B2)Tigm>	50233559	HGNC:26456	CFAP54	
MGI:1344403	Cfdp1		Cfdp1		MP:0011100		Cfdp1<em1(IMPC)J>	50221814	HGNC:1873	CFDP1	
MGI:101757	Cfl1		Cfl1		MP:0011100		Cfl1<Gt(OST252839)Lex>	50218869	HGNC:1874	CFL1	
MGI:1336166	Cflar		Cflar		MP:0011100		Cflar<tm1b(EUCOMM)Wtsi>	50218870	HGNC:1876	CFLAR	
MGI:88388	Cftr		Cftr		MP:0011100		Cftr<tm1Hsc>	50217128	HGNC:1884	CFTR	
MGI:1927237	Cgn		Cgn		MP:0011100		Cgn<tm1b(KOMP)Wtsi>	50218129	HGNC:17429	CGN	
MGI:1314881	Chaf1b		Chaf1b		MP:0011100		Chaf1b<tm1b(EUCOMM)Hmgu>	50217954	HGNC:1911	CHAF1B	
MGI:1196398	Champ1		Champ1		MP:0011100		Champ1<em1(IMPC)Mbp>	50233567	HGNC:20311	CHAMP1	
MGI:1916420	Chaserr		Chaserr		MP:0011100		Chaserr<em1Wei>	50233568	HGNC:48626	CHASERR	
MGI:1913371	Chchd1		Chchd1		MP:0011100		Chchd1<tm1.1(KOMP)Vlcg>	50223963	HGNC:23518	CHCHD1	
MGI:1913325	Chchd3		Chchd3		MP:0011100		Chchd3<em1(IMPC)J>	50218898	HGNC:21906	CHCHD3	
MGI:88393	Chd1		Chd1		MP:0011100		Chd1<tm1b(KOMP)Wtsi>	50221336	HGNC:1915	CHD1	
MGI:2448567	Chd2		Chd2		MP:0011101		Chd2<em1Wei>	50226166	HGNC:1917	CHD2	
MGI:1344380	Chd4		Chd4		MP:0011100		Chd4<tm1b(EUCOMM)Wtsi>	50223645	HGNC:1919	CHD4	
MGI:2444748	Chd7		Chd7		MP:0011101		Chd7<em2Clwa>|Chd7<em1Clwa>	50226175	HGNC:20626	CHD7	
MGI:1915022	Chd8		Chd8		MP:0011100		Chd8<em1(IMPC)Mbp>	50225791	HGNC:20153	CHD8	
MGI:106417	Cherp		Cherp		MP:0011100		Cherp<em1(IMPC)J>	50221543	HGNC:16930	CHERP	
MGI:88394	Chga		Chga		MP:0011101		Chga<tm1Skmt>	50233573	HGNC:1929	CHGA	
MGI:107760	Chka		Chka		MP:0011100		Chka<tm2a(KOMP)Wtsi>	50233574	HGNC:1937	CHKA	
MGI:892979	Chm		Chm		MP:0011101		Chm<+>|Chm<tm1Jvdh>	50220277	HGNC:1940	CHM	
MGI:1913950	Chmp3		Chmp3		MP:0011100		Chmp3<tm1b(EUCOMM)Hmgu>	50220845	HGNC:29865	CHMP3	
MGI:3583942	Chmp6		Chmp6		MP:0011100		Chmp6<tm1b(KOMP)Wtsi>	50218917	HGNC:25675	CHMP6	
MGI:1913922	Chmp7		Chmp7		MP:0011100		Chmp7<em1(IMPC)J>	50231069	HGNC:28439	CHMP7	
MGI:1914167	Chordc1		Chordc1		MP:0011100		Chordc1<em1(IMPC)Mbp>	50218920	HGNC:14525	CHORDC1	
MGI:1927185	Chp1		Chp1		MP:0011100		Chp1<em1(IMPC)Tcp>	50218922	HGNC:17433	CHP1	
MGI:87885	Chrna1		Chrna1		MP:0011100		Chrna1<tm1b(EUCOMM)Hmgu>	50217159	HGNC:1955	CHRNA1	
MGI:87890	Chrnb1		Chrnb1		MP:0011100		Chrnb1<em1(IMPC)Bay>	50217160	HGNC:1961	CHRNB1	
MGI:87893	Chrnd		Chrnd		MP:0011100		Chrnd<em1(IMPC)Mbp>	50228000	HGNC:1965	CHRND	
MGI:1927166	Chst11		Chst11		MP:0011100		Chst11<tm1a(KOMP)Wtsi>	50217907	HGNC:17422	CHST11	
MGI:1919386	Chst14		Chst14		MP:0011100		Chst14<em1(IMPC)Tcp>	50219358	HGNC:24464	CHST14	
MGI:2384887	Chtf18		Chtf18		MP:0011101		Chtf18<tm1.1KhK>	50229863	HGNC:18435	CHTF18	
MGI:1913761	Chtop		Chtop		MP:0011100		Chtop<tm1a(EUCOMM)Wtsi>	50220728	HGNC:24511	CHTOP	
MGI:99484	Chuk		Chuk		MP:0011100		Chuk<em1(IMPC)Ccpcz>	50223238	HGNC:1974	CHUK	
MGI:1861305	Fntb		Fntb		MP:0011100		Fntb<tm1b(EUCOMM)Hmgu>	50228900	HGNC:42960	CHURC1-FNTB	
MGI:1915773	Ciao2b		Ciao2b		MP:0011100		Ciao2b<em1(IMPC)Ccpcz>	50220624	HGNC:24261	CIAO2B	
MGI:1914813	Ciao3		Ciao3		MP:0011101		Ciao3<+>|Ciao3<tm1.2Fsl>	50223809	HGNC:14179	CIAO3	
MGI:2681853	Cimap2		Cimap2		MP:0008762		Cimap2<tm1a(KOMP)Wtsi>	50233582	HGNC:26854	CIMAP2	
MGI:1914486	Cinp		Cinp		MP:0011100		Cinp<tm1.1(KOMP)Vlcg>	50223375	HGNC:23789	CINP	
MGI:1914185	Cir1		Cir1		MP:0011100		Cir1<tm3a(KOMP)Wtsi>	50218994	HGNC:24217	CIRSR	
MGI:1306784	Cited2		Cited2		MP:0011101		Cited2<+>|Cited2<tm1Ycy>	50229499	HGNC:1987	CITED2	
MGI:1923036	Ckap5		Ckap5		MP:0011100		Ckap5<tm2b(EUCOMM)Hmgu>	50223646	HGNC:28959	CKAP5	
MGI:1922708	Cklf		Cklf		MP:0011100		Cklf<em1Osb>	50233594	HGNC:13253	CKLF	
MGI:1923957	Clasp1		Clasp1		MP:0011100		Clasp1<em1(IMPC)Mbp>	50227266	HGNC:17088	CLASP1	
MGI:2385186	Clcc1		Clcc1		MP:0011100		Clcc1<tm1b(KOMP)Mbp>	50228369	HGNC:29675	CLCC1	
MGI:1930088	Clcf1		Clcf1		MP:0011100		Clcf1<em1(IMPC)J>|Clcf1<tm1.1(KOMP)Vlcg>	50227610	HGNC:17412	CLCF1	
MGI:1347048	Clcn7		Clcn7		MP:0001260		Clcn7<tm2.1Mjec>	50223886	HGNC:2025	CLCN7	
MGI:1276109	Cldn1		Cldn1		MP:0011100		Cldn1<tm1b(NCOM)Mfgc>	50219020	HGNC:2032	CLDN1	
MGI:1929288	Cldn12		Cldn12		MP:0001260		Cldn12<tm1.1(KOMP)Vlcg>	50228953	HGNC:2034	CLDN12	
MGI:1921624	Clec16a		Clec16a		MP:0011100		Clec16a<em1(IMPC)J>	50230720	HGNC:29013	CLEC16A	
MGI:2144243	Clint1		Clint1		MP:0011100		Clint1<em1(IMPC)Mbp>	50219033	HGNC:23186	CLINT1	
MGI:99698	Clock		Clock		MP:0001260		Clock<m1Btlr>|Clock<m1Jt>	50219035	HGNC:2082	CLOCK	
MGI:88421	Clps		Clps		MP:0011100		Clps<tm1b(EUCOMM)Wtsi>	50233636	HGNC:2085	CLPS	
MGI:1927155	Clptm1		Clptm1		MP:0011100		Clptm1<em1(IMPC)Tcp>	50218067	HGNC:2087	CLPTM1	
MGI:2442892	Clptm1l		Clptm1l		MP:0011101		Clptm1l<tm1d(EUCOMM)Wtsi>	50231329	HGNC:24308	CLPTM1L	
MGI:1346017	Clpx		Clpx		MP:0011100		Clpx<tm1.1(KOMP)Vlcg>	50219043	HGNC:2088	CLPX	
MGI:2445153	Clspn		Clspn		MP:0011100		Clspn<tm1(KOMP)Vlcg>	50233639	HGNC:19715	CLSPN	
MGI:1921398	Cluh		Cluh		MP:0011100		Cluh<em1(IMPC)Ccpcz>	50218405	HGNC:29094	CLUH	
MGI:1914043	Clxn		Clxn		MP:0011069		Clxn<tm1.1Osb>	50220063	HGNC:25678	CLXN	
MGI:1337124	Cmas		Cmas		MP:0011100		Cmas<em1(IMPC)Hmgu>	50219048	HGNC:18290	CMAS	
MGI:1921690	Cmip		Cmip		MP:0011100		Cmip<tm1a(EUCOMM)Wtsi>	50226518	HGNC:24319	CMIP	
MGI:2385324	Cmklr2		Cmklr2		MP:0001260		Cmklr2<tm1.1Dgen>	50222697	HGNC:4463	CMKLR2	
MGI:1913838	Cmpk1		Cmpk1		MP:0011100		Cmpk1<tm1b(EUCOMM)Wtsi>	50220869	HGNC:18170	CMPK1	
MGI:1921407	Cmtr1		Cmtr1		MP:0011100		Cmtr1<em1(IMPC)J>	50222446	HGNC:21077	CMTR1	
MGI:2384580	Cmtr2		Cmtr2		MP:0011100		Cmtr2<tm1.1(KOMP)Vlcg>	50222445	HGNC:25635	CMTR2	
MGI:88431	Cnbp		Cnbp		MP:0011100		Cnbp<tm1b(KOMP)Wtsi>	50218851	HGNC:13164	CNBP	
MGI:1921981	Cnep1r1		Cnep1r1		MP:0002080,MP:0011100		Cnep1r1<em1(IMPC)J>	50228238	HGNC:26759	CNEP1R1	
MGI:104979	Cnn1		Cnn1		MP:0011100		Cnn1<tm1.1Jomm>	50226841	HGNC:2155	CNN1	
MGI:2151054	Cnnm2		Cnnm2		MP:0011100		Cnnm2<tm1.1(KOMP)Vlcg>	50219067	HGNC:103	CNNM2	
MGI:1926143	Cnot10		Cnot10		MP:0011100		Cnot10<em1(IMPC)J>	50223563	HGNC:23817	CNOT10	
MGI:1859026	Cnot4		Cnot4		MP:0011100		Cnot4<tm1b(EUCOMM)Wtsi>	50227310	HGNC:7880	CNOT4	
MGI:104615	Cnr1		Cnr1		MP:0011100		Cnr1<tm1.1(KOMP)Vlcg>	50218058	HGNC:2159	CNR1	
MGI:99605	Cntfr		Cntfr		MP:0011100		Cntfr<tm1a(EUCOMM)Wtsi>	50218436	HGNC:2170	CNTFR	
MGI:105980	Cntn1		Cntn1		MP:0011100,MP:0011101		Cntn1<usl>	50219075	HGNC:2171	CNTN1	
MGI:1923428	Coa5		Coa5		MP:0011100		Coa5<tm1b(KOMP)Wtsi>	50230145	HGNC:33848	COA5	
MGI:1915142	Coa6		Coa6		MP:0011100		Coa6<em1(IMPC)Ccpcz>	50226505	HGNC:18025	COA6	
MGI:1915270	Coa8		Coa8		MP:0011100		Coa8<em1(IMPC)Bay>	50217441	HGNC:20492	COA8	
MGI:1918993	Coasy		Coasy		MP:0011100		Coasy<em1(IMPC)H>	50231396	HGNC:29932	COASY	
MGI:1333873	Cog1		Cog1		MP:0011100		Cog1<em1(IMPC)Bay>	50222442	HGNC:6545	COG1	
MGI:1923582	Cog2		Cog2		MP:0011100		Cog2<tm1a(KOMP)Wtsi>	50230755	HGNC:6546	COG2	
MGI:2450151	Cog3		Cog3		MP:0011100		Cog3<tm1b(EUCOMM)Hmgu>	50223723	HGNC:18619	COG3	
MGI:2142808	Cog4		Cog4		MP:0011100		Cog4<em1(IMPC)Bay>	50230013	HGNC:18620	COG4	
MGI:2145130	Cog5		Cog5		MP:0011100		Cog5<em1(IMPC)Ccpcz>	50227258	HGNC:14857	COG5	
MGI:2685013	Cog7		Cog7		MP:0011100		Cog7<tm1b(EUCOMM)Hmgu>	50230041	HGNC:18622	COG7	
MGI:2142885	Cog8		Cog8		MP:0011100		Cog8<em1(IMPC)J>	50229726	HGNC:18623	COG8	
MGI:88445	Col10a1		Col10a1		MP:0008024		Col10a1<tm1Bhr>	50219086	HGNC:2185	COL10A1	
MGI:88446	Col11a1		Col11a1		MP:0011100		Col11a1<em1(IMPC)Bay>	50219089	HGNC:2186	COL11A1	
MGI:88467	Col1a1		Col1a1		MP:0001260		Col1a1<tm1(tetO-Lin28a)Gqda>|Col1a1<+>	50217343	HGNC:2197	COL1A1	
MGI:88468	Col1a2		Col1a2		MP:0011100		Col1a2<tm1.1Mcbr>	50217344	HGNC:2198	COL1A2	
MGI:2672118	Col27a1		Col27a1		MP:0011100		Col27a1<em1(IMPC)Mbp>	50218215	HGNC:22986	COL27A1	
MGI:88452	Col2a1		Col2a1		MP:0001260,MP:0011101		Col2a1<Dmm>|Col2a1<M2J>|Col2a1<+>|Col2a1<tm1.1Ksec>	50219093	HGNC:2200	COL2A1	
MGI:88454	Col4a1		Col4a1		MP:0011101		Col4a1<tm1.1Ics>	50222201	HGNC:2202	COL4A1	
MGI:88455	Col4a2		Col4a2		MP:0011100,MP:0011101		Col4a2<ENU415>|Col4a2<em1(IMPC)Wtsi>	50232144	HGNC:2203	COL4A2	
MGI:88458	Col5a2		Col5a2		MP:0011100		Col5a2<em1(IMPC)Ccpcz>	50219095	HGNC:2210	COL5A2	
MGI:1916706	Commd10		Commd10		MP:0011100		Commd10<tm1a(EUCOMM)Wtsi>	50229697	HGNC:30201	COMMD10	
MGI:88174	Bmi1		Bmi1		MP:0011100		Bmi1<tm1.1(KOMP)Vlcg>	50217757	HGNC:48326	COMMD3-BMI1	
MGI:1923751	Commd9		Commd9		MP:0011100		Commd9<tm1b(KOMP)Wtsi>	50223629	HGNC:25014	COMMD9	
MGI:1354962	Copb2		Copb2		MP:0002080,MP:0011100		Copb2<em1(IMPC)Bay>	50219510	HGNC:2232	COPB2	
MGI:1349414	Cops4		Cops4		MP:0001260		Cops4<+>|Cops4<tm1a(EUCOMM)Hmgu>	50221567	HGNC:16702	COPS4	
MGI:1915363	Cops8		Cops8		MP:0011100		Cops8<em1(IMPC)Ccpcz>	50230738	HGNC:24335	COPS8	
MGI:1914165	Cops9		Cops9		MP:0011100		Cops9<em1(IMPC)J>	50224538	HGNC:21314	COPS9	
MGI:1919133	Coq2		Coq2		MP:0011100		Coq2<tm1b(EUCOMM)Hmgu>	50230385	HGNC:25223	COQ2	
MGI:101813	Coq3		Coq3		MP:0011100		Coq3<em1(IMPC)J>	50220712	HGNC:18175	COQ3	
MGI:1098826	Coq4		Coq4		MP:0011100		Coq4<tm1a(EUCOMM)Wtsi>	50227083	HGNC:19693	COQ4	
MGI:1098643	Coq5		Coq5		MP:0011100		Coq5<em1(IMPC)Bay>	50231414	HGNC:28722	COQ5	
MGI:1924408	Coq6		Coq6		MP:0011100		Coq6<tm1b(EUCOMM)Hmgu>	50230139	HGNC:20233	COQ6	
MGI:107207	Coq7		Coq7		MP:0011100		Coq7<em1(IMPC)Hmgu>|Coq7<tm2.1Hek>	50223947	HGNC:2244	COQ7	
MGI:1924139	Coq8b		Coq8b		MP:0011100		Coq8b<tm1b(EUCOMM)Hmgu>	50217212	HGNC:19041	COQ8B	
MGI:1349451	Corin		Corin		MP:0001260		Corin<tm1Qwu>	50225766	HGNC:19012	CORIN	
MGI:1917633	Cox10		Cox10		MP:0011100		Cox10<em1(IMPC)Bay>	50233661	HGNC:2260	COX10	
MGI:1920112	Cox15		Cox15		MP:0011100		Cox15<tm1.1(KOMP)Vlcg>	50228606	HGNC:2263	COX15	
MGI:1913522	Cox16		Cox16		MP:0011100		Cox16<em1(IMPC)J>	50229662	HGNC:20213	COX16	
MGI:2448532	Cox18		Cox18		MP:0002080,MP:0011100		Cox18<em1(IMPC)J>	50230538	HGNC:26801	COX18	
MGI:1915283	Cox19		Cox19		MP:0011100		Cox19<tm1b(EUCOMM)Hmgu>	50230343	HGNC:28074	COX19	
MGI:1913609	Cox20		Cox20		MP:0011100		Cox20<em1(IMPC)Tcp>	50231434	HGNC:26970	COX20	
MGI:88473	Cox4i1		Cox4i1		MP:0011100		Cox4i1<tm1.1(KOMP)Vlcg>	50219121	HGNC:2265	COX4I1	
MGI:88475	Cox5b		Cox5b		MP:0011100		Cox5b<tm2b(EUCOMM)Hmgu>	50219124	HGNC:2269	COX5B	
MGI:107460	Cox6b1		Cox6b1		MP:0011100		Cox6b1<em1(IMPC)Tcp>	50220443	HGNC:2280	COX6B1	
MGI:103226	Cox7c		Cox7c		MP:0002080,MP:0011100		Cox7c<tm1b(KOMP)Mbp>	50229222	HGNC:2292	COX7C	
MGI:1891837	Cpb2		Cpb2		MP:0011101		Cpb2<tm1Nok>	50229834	HGNC:2300	CPB2	
MGI:107265	Cpd		Cpd		MP:0011100		Cpd<em1(IMPC)J>	50219128	HGNC:2301	CPD	
MGI:1914829	Cpeb4		Cpeb4		MP:0011100		Cpeb4<tm1b(EUCOMM)Wtsi>	50219130	HGNC:21747	CPEB4	
MGI:1920942	Cplane1		Cplane1		MP:0011100,MP:0011101		Cplane1<b2b012Clo>|Cplane1<em1(IMPC)Tcp>	50226787	HGNC:25801	CPLANE1	
MGI:104841	Cpox		Cpox		MP:0011100		Cpox<em1(IMPC)Bay>	50218428	HGNC:2321	CPOX	
MGI:891996	Cps1		Cps1		MP:0011100		Cps1<em1(IMPC)H>	50219144	HGNC:2323	CPS1	
MGI:2679722	Cpsf1		Cpsf1		MP:0011100		Cpsf1<em1(IMPC)Bay>	50228718	HGNC:2324	CPSF1	
MGI:1859328	Cpsf3		Cpsf3		MP:0011100		Cpsf3<tm1a(EUCOMM)Wtsi>	50227681	HGNC:2326	CPSF3	
MGI:88513	Cr1l		Cr1l		MP:0011100		Cr1l<tm1b(KOMP)Wtsi>	50227649	HGNC:2334	CR1	
MGI:88513	Cr1l		Cr1l		MP:0011100		Cr1l<tm1b(KOMP)Wtsi>	50227649	HGNC:2335	CR1L	
MGI:1930190	Cramp1		Cramp1		MP:0011100		Cramp1<em1(IMPC)Bay>	50219154	HGNC:14122	CRAMP1	
MGI:2136343	Crb1		Crb1		MP:0011100		Crb1<tm2Wij>	50226946	HGNC:2343	CRB1	
MGI:2679260	Crb2		Crb2		MP:0011100		Crb2<tm1a(KOMP)Wtsi>	50219155	HGNC:18688	CRB2	
MGI:2670904	Crb3		Crb3		MP:0011100		Crb3<tm1.1Bmar>	50232021	HGNC:20237	CRB3	
MGI:1913277	Crbn		Crbn		MP:0011101		Crbn<tm1.1Ble>	50231407	HGNC:30185	CRBN	
MGI:1100818	Crcp		Crcp		MP:0011100		Crcp<em1(IMPC)J>	50225271	HGNC:17888	CRCP	
MGI:2442695	Creb3l2		Creb3l2		MP:0011100		Creb3l2<em1(IMPC)Ccpcz>	50221754	HGNC:23720	CREB3L2	
MGI:1098280	Crebbp		Crebbp		MP:0002080,MP:0011101		Crebbp<tm1.1Ltz>|Crebbp<tm1Sis>|Crebbp<+>	50218680	HGNC:2348	CREBBP	
MGI:1354756	Crim1		Crim1		MP:0011100		Crim1<em1(IMPC)Wtsi>	50228958	HGNC:2359	CRIM1	
MGI:1929655	Cript		Cript		MP:0011100		Cript<tm1.1(KOMP)Vlcg>	50223526	HGNC:14312	CRIPT	
MGI:1926142	Crispld2		Crispld2		MP:0011100		Crispld2<tm1.1(KOMP)Vlcg>	50231651	HGNC:25248	CRISPLD2	
MGI:1913836	Crls1		Crls1		MP:0011100		Crls1<tm1a(EUCOMM)Wtsi>	50231226	HGNC:16148	CRLS1	
MGI:109544	Crybg1		Crybg1		MP:0011100		Crybg1<tm1b(KOMP)Wtsi>	50217291	HGNC:356	CRYBG1	
MGI:88529	Cs		Cs		MP:0011100		Cs<tm1.1(KOMP)Wtsi>	50228804	HGNC:2422	CS	
MGI:1339752	Csf2		Csf2		MP:0001260,MP:0011101		Csf2<tm1Ard>|Csf2<tm1Mlg>	50233684	HGNC:2434	CSF2	
MGI:1339759	Csf2rb		Csf2rb		MP:0011100		Csf2rb<tm2b(EUCOMM)Hmgu>	50223273	HGNC:2436	CSF2RB	
MGI:88537	Csk		Csk		MP:0011100		Csk<tm2b(EUCOMM)Hmgu>	50230232	HGNC:2444	CSK	
MGI:2137383	Csmd1		Csmd1		MP:0001260		Csmd1<tm1Lex>	50219216	HGNC:14026	CSMD1	
MGI:1355272	Csnk1d		Csnk1d		MP:0011100		Csnk1d<tm1.1Drw>	50219217	HGNC:2452	CSNK1D	
MGI:1920014	Csnk1g2		Csnk1g2		MP:0001260		Csnk1g2<em1Xidw>	50219218	HGNC:2455	CSNK1G2	
MGI:2153093	Cspg4		Cspg4		MP:0001260		Cspg4<tm1Wbst>	50231928	HGNC:2466	CSPG4	
MGI:1920970	Cst6		Cst6		MP:0011100		Cst6<em1(IMPC)Ccpcz>	50233698	HGNC:2478	CST6	
MGI:1914587	Cstf1		Cstf1		MP:0011100		Cstf1<em1(IMPC)J>	50221310	HGNC:2483	CSTF1	
MGI:1351825	Cstf3		Cstf3		MP:0011100		Cstf3<tm2b(EUCOMM)Hmgu>	50219026	HGNC:2485	CSTF3	
MGI:1201685	Ctbp1		Ctbp1		MP:0011100		Ctbp1<em1(IMPC)Bay>	50219240	HGNC:2494	CTBP1	
MGI:1201686	Ctbp2		Ctbp2		MP:0011100		Ctbp2<em1(IMPC)Bay>	50219241	HGNC:2495	CTBP2	
MGI:1916214	Ctc1		Ctc1		MP:0011100		Ctc1<tm1b(KOMP)Wtsi>	50230091	HGNC:26169	CTC1	
MGI:1926953	Ctdp1		Ctdp1		MP:0011100		Ctdp1<em1(IMPC)Kmpc>	50231851	HGNC:2498	CTDP1	
MGI:88276	Ctnnb1		Ctnnb1		MP:0011100,MP:0011101		Ctnnb1<Bfc>|Ctnnb1<tm1(Nfkbia)Rsu>|Ctnnb1<+>	50219247	HGNC:2514	CTNNB1	
MGI:1913892	Ctnnbl1		Ctnnbl1		MP:0011100		Ctnnbl1<Gt(AX0016)Wtsi>	50231173	HGNC:15879	CTNNBL1	
MGI:1858304	Ctps1		Ctps1		MP:0011100		Ctps1<em1(IMPC)Tcp>	50218082	HGNC:2519	CTPS1	
MGI:109345	Ctr9		Ctr9		MP:0011100		Ctr9<tm1b(EUCOMM)Wtsi>	50221463	HGNC:16850	CTR9	
MGI:88562	Ctsd		Ctsd		MP:0011101		Ctsd<m1J>	50220203	HGNC:2529	CTSD	
MGI:2385277	Ctu1		Ctu1		MP:0011100		Ctu1<em1(IMPC)J>	50230632	HGNC:29590	CTU1	
MGI:1914215	Ctu2		Ctu2		MP:0011100		Ctu2<tm1(KOMP)Wtsi>	50229412	HGNC:28005	CTU2	
MGI:1931256	Cubn		Cubn		MP:0011100		Cubn<tm1b(EUCOMM)Hmgu>	50231970	HGNC:2548	CUBN	
MGI:1918995	Cul2		Cul2		MP:0011100		Cul2<em1(IMPC)H>	50222125	HGNC:2552	CUL2	
MGI:1922967	Cul5		Cul5		MP:0011100		Cul5<tm1.1(KOMP)Vlcg>	50219263	HGNC:2556	CUL5	
MGI:107321	Cux2		Cux2		MP:0011101		Cux2<Gt(OST440231)Lex>	50219268	HGNC:19347	CUX2	
MGI:2136773	Cwc22		Cwc22		MP:0011100		Cwc22<em1(IMPC)Mbp>	50220703	HGNC:29322	CWC22	
MGI:1201679	Cxadr		Cxadr		MP:0011100		Cxadr<em1(IMPC)Mbp>	50218287	HGNC:2559	CXADR	
MGI:103556	Cxcl12		Cxcl12		MP:0011100		Cxcl12<tm1.1(KOMP)Vlcg>	50219289	HGNC:10672	CXCL12	
MGI:1888514	Cxcl14		Cxcl14		MP:0011101		Cxcl14<tm1Tha>	50220939	HGNC:10640	CXCL14	
MGI:109563	Cxcr4		Cxcr4		MP:0011100		Cxcr4<em1(IMPC)Mbp>	50218349	HGNC:2561	CXCR4	
MGI:103567	Cxcr5		Cxcr5		MP:0008024		Cxcr5<tm1Lipp>	50233730	HGNC:1060	CXCR5	
MGI:1913677	Cyb5b		Cyb5b		MP:0011100		Cyb5b<tm1b(EUCOMM)Hmgu>	50231098	HGNC:24374	CYB5B	
MGI:1919267	Cyb5r1		Cyb5r1		MP:0002080		Cyb5r1<tm1a(KOMP)Wtsi>	50219439	HGNC:13397	CYB5R1	
MGI:94893	Cyb5r3		Cyb5r3		MP:0011100		Cyb5r3<tm1b(KOMP)Wtsi>	50221369	HGNC:2873	CYB5R3	
MGI:88574	Cybb		Cybb		MP:0011101		Cybb<tm1Din>	50222690	HGNC:2578	CYBB	
MGI:1913695	Cyc1		Cyc1		MP:0011100		Cyc1<em1(IMPC)Bay>	50221044	HGNC:2579	CYC1	
MGI:88578	Cycs		Cycs		MP:0011101		Cycs<tm1Mak>	50219299	HGNC:19986	CYCS	
MGI:1924134	Cyfip2		Cyfip2		MP:0011100		Cyfip2<tm1a(EUCOMM)Wtsi>	50224610	HGNC:13760	CYFIP2	
MGI:88582	Cyp11a1		Cyp11a1		MP:0011100		Cyp11a1<tm1b(EUCOMM)Hmgu>	50218636	HGNC:2590	CYP11A1	
MGI:88587	Cyp19a1		Cyp19a1		MP:0001260		Cyp19a1<tm1Esi>|Cyp19a1<tm1Toda>	50217452	HGNC:2594	CYP19A1	
MGI:88591	Cyp21a1		Cyp21a1		MP:0011100		Cyp21a1<em1(IMPC)Tcp>	50219310	HGNC:2599	CYP21A1P	
MGI:88591	Cyp21a1		Cyp21a1		MP:0011100		Cyp21a1<em1(IMPC)Tcp>	50219310	HGNC:2600	CYP21A2	
MGI:1096359	Cyp26a1		Cyp26a1		MP:0011101		Cyp26a1<tm1.1Hmd>	50218225	HGNC:2603	CYP26A1	
MGI:1306819	Cyp2c38		Cyp2c38		MP:0011100		Cyp2c38<em1(IMPC)Bay>	50233745	HGNC:2620	CYP2C18	
MGI:1306819	Cyp2c38		Cyp2c38		MP:0011100		Cyp2c38<em1(IMPC)Bay>	50233745	HGNC:2621	CYP2C19	
MGI:1306819	Cyp2c38		Cyp2c38		MP:0011100		Cyp2c38<em1(IMPC)Bay>	50233745	HGNC:2623	CYP2C9	
MGI:3714859	Cyp3a41b		Cyp3a41b		MP:0011100		Cyp3a41b<tm1b(KOMP)Wtsi>	50219325	HGNC:2638	CYP3A5	
MGI:2445210	Cyp4f39		Cyp4f39		MP:0011100		Cyp4f39<em1(IMPC)J>	50219334	HGNC:26820	CYP4F22	
MGI:1932403	Cyp4x1		Cyp4x1		MP:0001260		Cyp4x1<tm1.1Beld>	50233772	HGNC:20244	CYP4X1	
MGI:1914596	Daam1		Daam1		MP:0011100		Daam1<tm1b(EUCOMM)Hmgu>	50219359	HGNC:18142	DAAM1	
MGI:108554	Dab1		Dab1		MP:0011101		Dab1<scm-2J>	50219360	HGNC:2661	DAB1	
MGI:1277991	Dach1		Dach1		MP:0011100		Dach1<tm1b(KOMP)Wtsi>	50219364	HGNC:2663	DACH1	
MGI:101864	Dag1		Dag1		MP:0011101		Dag1<tm1.1Sabl>|Dag1<tm3Kcam>	50219368	HGNC:2666	DAG1	
MGI:1929538	Dap3		Dap3		MP:0011100		Dap3<em1(IMPC)J>	50223390	HGNC:2673	DAP3	
MGI:1203520	Dapk3		Dapk3		MP:0011100		Dapk3<tm1b(EUCOMM)Hmgu>	50227573	HGNC:2676	DAPK3	
MGI:2442510	Dars2		Dars2		MP:0011100		Dars2<tm1a(KOMP)Wtsi>	50227277	HGNC:25538	DARS2	
MGI:1197015	Daxx		Daxx		MP:0011100		Daxx<em1(IMPC)Mbp>	50227869	HGNC:2681	DAXX	
MGI:1351328	Dbf4		Dbf4		MP:0011100		Dbf4<tm1b(KOMP)Wtsi>	50232387	HGNC:17364	DBF4	
MGI:1931838	Dbn1		Dbn1		MP:0011100		Dbn1<tm1b(KOMP)Wtsi>	50227478	HGNC:2695	DBN1	
MGI:700006	Dbnl		Dbnl		MP:0011101		Dbnl<Gt(betageo)11Byg>	50228753	HGNC:2696	DBNL	
MGI:1931520	Dbr1		Dbr1		MP:0011100		Dbr1<tm1.1(KOMP)Vlcg>	50228912	HGNC:15594	DBR1	
MGI:1919083	Dcaf7		Dcaf7		MP:0011100		Dcaf7<tm1b(EUCOMM)Wtsi>	50217369	HGNC:30915	DCAF7	
MGI:94869	Dcc		Dcc		MP:0011100		Dcc<tm1b(NCOM)Mfgc>	50228007	HGNC:2701	DCC	
MGI:2441769	Dclre1c		Dclre1c		MP:0001260		Dclre1c<M2Btlr>	50223616	HGNC:17642	DCLRE1C	
MGI:1917890	Dcp2		Dcp2		MP:0011100		Dcp2<tm1b(KOMP)Wtsi>	50230683	HGNC:24452	DCP2	
MGI:1916555	Dcps		Dcps		MP:0011100		Dcps<tm1b(EUCOMM)Hmgu>	50228569	HGNC:29812	DCPS	
MGI:107745	Dctn1		Dctn1		MP:0011100		Dctn1<tm1a(EUCOMM)Wtsi>	50217829	HGNC:2711	DCTN1	
MGI:107733	Dctn2		Dctn2		MP:0011100		Dctn2<tm1b(EUCOMM)Hmgu>	50224906	HGNC:2712	DCTN2	
MGI:1914915	Dctn4		Dctn4		MP:0011100		Dctn4<em1(IMPC)Wtsi>	50226093	HGNC:15518	DCTN4	
MGI:1891689	Dctn5		Dctn5		MP:0011100		Dctn5<tm2a(KOMP)Wtsi>	50231489	HGNC:24594	DCTN5	
MGI:1343154	Dctn6		Dctn6		MP:0011100		Dctn6<em1(IMPC)J>	50222875	HGNC:16964	DCTN6	
MGI:1913748	Dda1		Dda1		MP:0011100		Dda1<em1(IMPC)Bay>	50228582	HGNC:28360	DDA1	
MGI:1859016	Ddah2		Ddah2		MP:0011100		Ddah2<tm1.1(KOMP)Vlcg>	50220871	HGNC:2716	DDAH2	
MGI:94876	Ddc		Ddc		MP:0011100,MP:0011101		Ddc<Gt(OST129277)Lex>|Ddc<em1(IMPC)Hmgu>|Ddc<tm1.1Nwlh>	50217508	HGNC:2719	DDC	
MGI:1917244	Ddi2		Ddi2		MP:0011100		Ddi2<tm1b(EUCOMM)Hmgu>	50230815	HGNC:24578	DDI2	
MGI:1925528	Ddo		Ddo		MP:0001260		Ddo<tm1Snyd>	50230530	HGNC:2727	DDO	
MGI:1194508	Ddost		Ddost		MP:0011100		Ddost<tm1.1(KOMP)Vlcg>	50228584	HGNC:2728	DDOST	
MGI:1924256	Ddrgk1		Ddrgk1		MP:0011100		Ddrgk1<tm1b(EUCOMM)Hmgu>	50230769	HGNC:16110	DDRGK1	
MGI:2144727	Ddx1		Ddx1		MP:0011100		Ddx1<tm1b(EUCOMM)Hmgu>	50226322	HGNC:2734	DDX1	
MGI:1924841	Ddx10		Ddx10		MP:0011100		Ddx10<em1(IMPC)Bay>	50233786	HGNC:2735	DDX10	
MGI:1914192	Ddx18		Ddx18		MP:0011100		Ddx18<em1(IMPC)Bay>	50218159	HGNC:2741	DDX18	
MGI:1860494	Ddx21		Ddx21		MP:0008762,MP:0011100		Ddx21<em1(IMPC)Bay>|Ddx21<m1Anu>	50218642	HGNC:2744	DDX21	
MGI:1921601	Ddx23		Ddx23		MP:0011100		Ddx23<em1(IMPC)Wtsi>	50229165	HGNC:17347	DDX23	
MGI:1351337	Ddx24		Ddx24		MP:0011100		Ddx24<em1(IMPC)Mbp>	50225751	HGNC:13266	DDX24	
MGI:2682639	Ddx31		Ddx31		MP:0011100		Ddx31<em1(IMPC)J>	50221502	HGNC:16715	DDX31	
MGI:1915528	Ddx39a		Ddx39a		MP:0011100		Ddx39a<tm1b(KOMP)Wtsi>	50219400	HGNC:17821	DDX39A	
MGI:103064	Ddx3x		Ddx3x		MP:0011100		Ddx3x<tm1.2Lyou>|Ddx3x<+>	50219397	HGNC:2745	DDX3X	
MGI:1920185	Ddx41		Ddx41		MP:0011100		Ddx41<tm1b(KOMP)Wtsi>	50228889	HGNC:18674	DDX41	
MGI:1919297	Ddx42		Ddx42		MP:0011100		Ddx42<tm1b(EUCOMM)Wtsi>	50223730	HGNC:18676	DDX42	
MGI:1920895	Ddx46		Ddx46		MP:0011100		Ddx46<em1(IMPC)Tcp>	50220823	HGNC:18681	DDX46	
MGI:1915005	Ddx47		Ddx47		MP:0011100		Ddx47<em1(IMPC)Bay>	50225735	HGNC:18682	DDX47	
MGI:1916913	Ddx51		Ddx51		MP:0011100		Ddx51<tm1a(KOMP)Wtsi>	50219408	HGNC:20082	DDX51	
MGI:1919240	Ddx54		Ddx54		MP:0011100		Ddx54<tm1.1(KOMP)Vlcg>	50218969	HGNC:20084	DDX54	
MGI:1915098	Ddx55		Ddx55		MP:0011100		Ddx55<tm1a(EUCOMM)Wtsi>	50218939	HGNC:20085	DDX55	
MGI:1915247	Ddx59		Ddx59		MP:0011100		Ddx59<em1(IMPC)J>	50227514	HGNC:25360	DDX59	
MGI:104976	Ddx6		Ddx6		MP:0011100		Ddx6<em1(IMPC)Mbp>	50222303	HGNC:2747	DDX6	
MGI:1097711	Degs1		Degs1		MP:0011100		Degs1<em1(IMPC)Mbp>	50219410	HGNC:13709	DEGS1	
MGI:2442794	Dennd1a		Dennd1a		MP:0011100		Dennd1a<em1(IMPC)Mbp>	50224100	HGNC:29324	DENND1A	
MGI:1914769	Dennd4c		Dennd4c		MP:0011100		Dennd4c<tm1b(EUCOMM)Wtsi>	50228366	HGNC:26079	DENND4C	
MGI:1915434	Denr		Denr		MP:0011100		Denr<tm1b(KOMP)Wtsi>	50223294	HGNC:2769	DENR	
MGI:2141101	Depdc5		Depdc5		MP:0011100		Depdc5<tm1b(EUCOMM)Hmgu>	50226927	HGNC:18423	DEPDC5	
MGI:2151483	Derl2		Derl2		MP:0011100		Derl2<tm1b(EUCOMM)Hmgu>	50229678	HGNC:17943	DERL2	
MGI:1923625	Det1		Det1		MP:0011100		Det1<em1(IMPC)Bay>	50228935	HGNC:25477	DET1	
MGI:2151114	Dgcr8		Dgcr8		MP:0008762		Dgcr8<em1Ysa>	50225507	HGNC:2847	DGCR8	
MGI:2138334	Dgkd		Dgkd		MP:0011100		Dgkd<em1(IMPC)H>	50233867	HGNC:2851	DGKD	
MGI:1922004	Dhcr24		Dhcr24		MP:0011101		Dhcr24<tm1Lex>	50229448	HGNC:2859	DHCR24	
MGI:1298378	Dhcr7		Dhcr7		MP:0011100		Dhcr7<em1(IMPC)Mbp>	50231714	HGNC:2860	DHCR7	
MGI:1914672	Dhdds		Dhdds		MP:0011100		Dhdds<tm1b(KOMP)Wtsi>	50229073	HGNC:20603	DHDDS	
MGI:94890	Dhfr		Dhfr		MP:0011100		Dhfr<tm1b(EUCOMM)Wtsi>	50218454	HGNC:2861	DHFR	
MGI:94890	Dhfr		Dhfr		MP:0011100		Dhfr<tm1b(EUCOMM)Wtsi>	50218454	HGNC:27309	DHFR2	
MGI:1928378	Dhodh		Dhodh		MP:0011100		Dhodh<tm1b(EUCOMM)Wtsi>	50228956	HGNC:2867	DHODH	
MGI:2683592	Dhps		Dhps		MP:0011100		Dhps<tm2a(EUCOMM)Wtsi>	50228791	HGNC:2869	DHPS	
MGI:1315215	Dhrs3		Dhrs3		MP:0011100		Dhrs3<tm1Lex>	50219437	HGNC:17693	DHRS3	
MGI:2384931	Dhrs7b		Dhrs7b		MP:0011100		Dhrs7b<em1(IMPC)Mbp>	50229837	HGNC:24547	DHRS7B	
MGI:1099786	Dhx15		Dhx15		MP:0011100		Dhx15<em1(IMPC)Tcp>	50223282	HGNC:2738	DHX15	
MGI:1916442	Dhx16		Dhx16		MP:0011100		Dhx16<tm1b(EUCOMM)Wtsi>	50220431	HGNC:2739	DHX16	
MGI:2145374	Dhx29		Dhx29		MP:0011100		Dhx29<tm1.1(KOMP)Vlcg>	50231535	HGNC:15815	DHX29	
MGI:1920081	Dhx30		Dhx30		MP:0011100		Dhx30<tm1.1(KOMP)Vlcg>	50231579	HGNC:16716	DHX30	
MGI:2445102	Dhx33		Dhx33		MP:0011100		Dhx33<tm1b(KOMP)Wtsi>	50226033	HGNC:16718	DHX33	
MGI:1918965	Dhx35		Dhx35		MP:0011100		Dhx35<tm1b(EUCOMM)Wtsi>	50230326	HGNC:15861	DHX35	
MGI:3028576	Dhx37		Dhx37		MP:0011100		Dhx37<em1(IMPC)J>	50221609	HGNC:17210	DHX37	
MGI:1927617	Dhx38		Dhx38		MP:0011100		Dhx38<em1(IMPC)J>	50230817	HGNC:17211	DHX38	
MGI:1931560	Dhx58		Dhx58		MP:0011101		Dhx58<tm1Aki>	50224182	HGNC:29517	DHX58	
MGI:1306823	Dhx8		Dhx8		MP:0011100		Dhx8<em1(IMPC)Mbp>	50223854	HGNC:2749	DHX8	
MGI:1927222	Diaph3		Diaph3		MP:0011100		Diaph3<tm1b(KOMP)Mbp>	50229370	HGNC:15480	DIAPH3	
MGI:2177178	Dicer1		Dicer1		MP:0011100		Dicer1<tm1b(EUCOMM)Wtsi>	50221397	HGNC:17098	DICER1	
MGI:1344352	Dido1		Dido1		MP:0011101		Dido1<tm2Cmar>|Dido1<tm1Cmar>	50219379	HGNC:2680	DIDO1	
MGI:1913504	Dimt1		Dimt1		MP:0011100		Dimt1<em1(IMPC)J>	50233872	HGNC:30217	DIMT1	
MGI:94896	Dio1		Dio1		MP:0001260		Dio1<tm1Vag>	50218496	HGNC:2883	DIO1	
MGI:1306782	Dio3		Dio3		MP:0011101		Dio3<tm1Stg>	50219357	HGNC:2885	DIO3	
MGI:1919912	Dis3		Dis3		MP:0011100		Dis3<tm1e.1(EUCOMM)Hmgu>	50228677	HGNC:20604	DIS3	
MGI:2143272	Dis3l		Dis3l		MP:0011100		Dis3l<em1(IMPC)Ccpcz>	50230291	HGNC:28698	DIS3L	
MGI:2442555	Dis3l2		Dis3l2		MP:0011100		Dis3l2<em1(IMPC)Bay>	50226551	HGNC:28648	DIS3L2	
MGI:2385311	Dlat		Dlat		MP:0011100		Dlat<em1(IMPC)J>	50221557	HGNC:2896	DLAT	
MGI:1918478	Dlg5		Dlg5		MP:0011100		Dlg5<tm1b(EUCOMM)Wtsi>	50219472	HGNC:2904	DLG5	
MGI:1859388	Dll4		Dll4		MP:0011100,MP:0011101		Dll4<+>|Dll4<tm1Grid>|Dll4<tm1Jrt>|Dll4<+>	50226457	HGNC:2910	DLL4	
MGI:1926170	Dlst		Dlst		MP:0011100		Dlst<em1(IMPC)Hmgu>	50218456	HGNC:2911	DLST	
MGI:94903	Dlx3		Dlx3		MP:0011100		Dlx3<em1(IMPC)Mbp>	50219478	HGNC:2916	DLX3	
MGI:101926	Dlx5		Dlx5		MP:0011101		Dlx5<tm1Jlr>	50219479	HGNC:2918	DLX5	
MGI:1913483	Dmap1		Dmap1		MP:0011100		Dmap1<tm1.1(KOMP)Vlcg>	50230648	HGNC:18291	DMAP1	
MGI:94909	Dmd		Dmd		MP:0001260		Dmd<em#Tve>|Dmd<em1Cmusr>|Dmd<tm1Kmf>	50218483	HGNC:2928	DMD	
MGI:2443926	Dmxl1		Dmxl1		MP:0011100		Dmxl1<em1(IMPC)Bay>	50233890	HGNC:2937	DMXL1	
MGI:2444630	Dmxl2		Dmxl2		MP:0011100		Dmxl2<tm1a(EUCOMM)Wtsi>	50218634	HGNC:2938	DMXL2	
MGI:1859553	Dnaaf11		Dnaaf11		MP:0011069,MP:0011101		Dnaaf11<tm1.2Hmd>	50224251	HGNC:16725	DNAAF11	
MGI:1920543	Ccdc103		Ccdc103		MP:0011100		Ccdc103<em4(IMPC)H>	50218689	HGNC:32700	DNAAF19	
MGI:1923566	Dnaaf2		Dnaaf2		MP:0011069,MP:0011100		Dnaaf2<tm1.1(KOMP)Vlcg>|Dnaaf2<tm1.1Mkis>	50229660	HGNC:20188	DNAAF2	
MGI:1914935	Dnaaf4		Dnaaf4		MP:0011069,MP:0011101		Dnaaf4<b2b811.1Clo>|Dnaaf4<tm1.2Jjlo>	50220023	HGNC:21493	DNAAF4	
MGI:3616079	Dnaaf5		Dnaaf5		MP:0011069,MP:0011100,MP:0011101		Dnaaf5<em1(IMPC)Bay>|Dnaaf5<em1Slb>|Dnaaf5<em1Slb>|Dnaaf5<em2Slb>|Dnaaf5<em2Slb>	50222830	HGNC:26013	DNAAF5	
MGI:107718	Dnah5		Dnah5		MP:0011100		Dnah5<tm1b(KOMP)Wtsi>	50225833	HGNC:2950	DNAH5	
MGI:1917854	Dnajb14		Dnajb14		MP:0011100		Dnajb14<em1(IMPC)Hmgu>|Dnajb14<em1(IMPC)J>	50230173	HGNC:25881	DNAJB14	
MGI:1914285	Dnajb4		Dnajb4		MP:0001260		Dnajb4<tm1Suky>	50231292	HGNC:14886	DNAJB4	
MGI:2676368	Dnajc13		Dnajc13		MP:0011100		Dnajc13<em1(IMPC)J>	50233897	HGNC:30343	DNAJC13	
MGI:1916658	Dnajc17		Dnajc17		MP:0011100		Dnajc17<tm1b(EUCOMM)Hmgu>	50230699	HGNC:25556	DNAJC17	
MGI:99470	Dnajc2		Dnajc2		MP:0011100		Dnajc2<em1(IMPC)J>	50231200	HGNC:13192	DNAJC2	
MGI:1915848	Dnajc8		Dnajc8		MP:0011100		Dnajc8<tm1b(KOMP)Wtsi>	50222890	HGNC:15470	DNAJC8	
MGI:1915326	Dnajc9		Dnajc9		MP:0011100		Dnajc9<tm1.1(KOMP)Vlcg>	50231446	HGNC:19123	DNAJC9	
MGI:1921462	Dnal1		Dnal1		MP:0011100		Dnal1<tm1.1(KOMP)Vlcg>	50221562	HGNC:23247	DNAL1	
MGI:107384	Dnm1		Dnm1		MP:0011100		Dnm1<tm1.1(KOMP)Vlcg>	50226830	HGNC:2972	DNM1	
MGI:1921256	Dnm1l		Dnm1l		MP:0011100		Dnm1l<tm1b(KOMP)Wtsi>	50219922	HGNC:2973	DNM1L	
MGI:94912	Dnmt1		Dnmt1		MP:0011100,MP:0011101		Dnmt1<+>|Dnmt1<MommeD2>|Dnmt1<MommeD2>	50218105	HGNC:2976	DNMT1	
MGI:1261827	Dnmt3a		Dnmt3a		MP:0001260,MP:0011101		Dnmt3a<+>|Dnmt3a<em1Hsas>|Dnmt3a<+>|Dnmt3a<tm1.1Rlvn>|Dnmt3a<em1Hsas>	50219505	HGNC:2978	DNMT3A	
MGI:1261819	Dnmt3b		Dnmt3b		MP:0011100		Dnmt3b<em1(IMPC)Mbp>	50218469	HGNC:2979	DNMT3B	
MGI:1923483	Dnttip1		Dnttip1		MP:0011100		Dnttip1<tm1b(KOMP)Wtsi>	50233900	HGNC:16160	DNTTIP1	
MGI:3584043	Dok7		Dok7		MP:0011100		Dok7<tm1.1(KOMP)Vlcg>	50219508	HGNC:26594	DOK7	
MGI:2677836	Dolk		Dolk		MP:0011100		Dolk<em1(IMPC)J>|Dolk<tm1Lex>	50230370	HGNC:23406	DOLK	
MGI:2143886	Dot1l		Dot1l		MP:0011100		Dot1l<tm1.2Wezh>	50227256	HGNC:24948	DOT1L	
MGI:1196396	Dpagt1		Dpagt1		MP:0011100		Dpagt1<Gt(OST281303)Lex>	50225827	HGNC:2995	DPAGT1	
MGI:109529	Dpf2		Dpf2		MP:0011100		Dpf2<tm1b(EUCOMM)Hmgu>	50223699	HGNC:9964	DPF2	
MGI:1914978	Dph2		Dph2		MP:0011100		Dph2<tm2(EUCOMM)Wtsi>	50223073	HGNC:3004	DPH2	
MGI:1330239	Dpm1		Dpm1		MP:0011100		Dpm1<tm1b(KOMP)Wtsi>	50229388	HGNC:3005	DPM1	
MGI:1330238	Dpm2		Dpm2		MP:0011100		Dpm2<tm1b(EUCOMM)Hmgu>	50228657	HGNC:3006	DPM2	
MGI:1915813	Dpm3		Dpm3		MP:0011100		Dpm3<tm1.1(KOMP)Vlcg>	50231083	HGNC:3007	DPM3	
MGI:2443967	Dpp9		Dpp9		MP:0011100		Dpp9<tm1b(EUCOMM)Hmgu>	50223678	HGNC:18648	DPP9	
MGI:2157523	Dppa2		Dppa2		MP:0011100		Dppa2<tm1.2Reik>	50233908	HGNC:19197	DPPA2	
MGI:1913560	Dpy30		Dpy30		MP:0011100		Dpy30<tm1a(KOMP)Wtsi>	50231444	HGNC:24590	DPY30	
MGI:2146001	Ccdc65		Ccdc65		MP:0011101		Ccdc65<em11Gpt>	50218728	HGNC:29937	DRC2	
MGI:1202386	Gas8		Gas8		MP:0011069,MP:0011100		Gas8<Gt(CH0760)Wtsi>|Gas8<em1(IMPC)Bay>	50222509	HGNC:4166	DRC4	
MGI:99578	Drd1		Drd1		MP:0011100		Drd1<tm2.2Stl>	50219354	HGNC:3020	DRD1	
MGI:94924	Drd2		Drd2		MP:0001260		Drd2<+>|Drd2<tm1Low>	50219883	HGNC:3023	DRD2	
MGI:94927	Drd5		Drd5		MP:0011100		Drd5<tm1.2Stl>	50219355	HGNC:3026	DRD5	
MGI:2148204	Drgx		Drgx		MP:0011100		Drgx<em1(IMPC)Mbp>	50219907	HGNC:21536	DRGX	
MGI:1194993	Dsc3		Dsc3		MP:0011100		Dsc3<tm1b(EUCOMM)Wtsi>	50219975	HGNC:3037	DSC3	
MGI:1196281	Dscam		Dscam		MP:0011101		Dscam<del17>	50219978	HGNC:3039	DSCAM	
MGI:2443455	Dse		Dse		MP:0011100		Dse<tm1b(EUCOMM)Hmgu>	50226989	HGNC:21144	DSE	
MGI:109611	Dsp		Dsp		MP:0011100		Dsp<em1(IMPC)Mbp>	50221788	HGNC:3052	DSP	
MGI:2672905	Dtx4		Dtx4		MP:0011100		Dtx4<em1(IMPC)Ccpcz>	50219996	HGNC:29151	DTX4	
MGI:1890614	Dusp12		Dusp12		MP:0011100		Dusp12<em1(IMPC)Mbp>	50229892	HGNC:3067	DUSP12	
MGI:107736	Dync2h1		Dync2h1		MP:0011100		Dync2h1<em1(IMPC)Rbrc>	50229180	HGNC:2962	DYNC2H1	
MGI:2445085	Dync2i1		Dync2i1		MP:0011100		Dync2i1<em1(IMPC)Tcp>	50228538	HGNC:21862	DYNC2I1	
MGI:1861457	Dynll1		Dynll1		MP:0011100		Dynll1<tm1(KOMP)Wtsi>	50220017	HGNC:15476	DYNLL1	
MGI:1914318	Dynlrb1		Dynlrb1		MP:0011100		Dynlrb1<tm1a(EUCOMM)Wtsi>	50224133	HGNC:15468	DYNLRB1	
MGI:1330302	Dyrk1b		Dyrk1b		MP:0011100		Dyrk1b<tm1b(EUCOMM)Wtsi>	50226371	HGNC:3092	DYRK1B	
MGI:1919757	Dzip1l		Dzip1l		MP:0011100		Dzip1l<em1(IMPC)J>	50229923	HGNC:26551	DZIP1L	
MGI:1917433	Dzip3		Dzip3		MP:0008762		Dzip3<m1Anu>	50233933	HGNC:30938	DZIP3	
MGI:1096340	E2f3		E2f3		MP:0011100,MP:0011101		E2f3<tm1.2Gle>|E2f3<tm1b(KOMP)Wtsi>	50228994	HGNC:3115	E2F3	
MGI:1921677	Eaf1		Eaf1		MP:0011100		Eaf1<tm1b(EUCOMM)Wtsi>	50228790	HGNC:20907	EAF1	
MGI:1916322	Ebna1bp2		Ebna1bp2		MP:0011100		Ebna1bp2<em1(IMPC)Tcp>	50220038	HGNC:15531	EBNA1BP2	
MGI:107822	Ebp		Ebp		MP:0011101		Ebp<Td>|Ebp<+>	50231285	HGNC:3133	EBP	
MGI:1917851	Ecd		Ecd		MP:0011100		Ecd<tm1.1Viba>	50229172	HGNC:17029	ECD	
MGI:95281	Ect2		Ect2		MP:0011100		Ect2<tm1b(EUCOMM)Wtsi>	50231858	HGNC:3155	ECT2	
MGI:1343498	Edar		Edar		MP:0011100		Edar<dl>	50221958	HGNC:2895	EDAR	
MGI:2446249	Edc4		Edc4		MP:0011100		Edc4<tm1a(EUCOMM)Wtsi>	50221736	HGNC:17157	EDC4	
MGI:1914217	Edem3		Edem3		MP:0011100		Edem3<tm1b(EUCOMM)Hmgu>	50232147	HGNC:16787	EDEM3	
MGI:95284	Edn2		Edn2		MP:0011100		Edn2<tm1b(KOMP)Mbp>	50226212	HGNC:3177	EDN2	
MGI:105923	Ednra		Ednra		MP:0011100		Ednra<tm1b(EUCOMM)Hmgu>	50220055	HGNC:3179	EDNRA	
MGI:102720	Ednrb		Ednrb		MP:0011100		Ednrb<s-17Pub>|Ednrb<s-24Pub>|Ednrb<s-2CHLd>|Ednrb<s-4Chlc>|Ednrb<s-4Pub>	50220056	HGNC:3180	EDNRB	
MGI:1913906	Eef1d		Eef1d		MP:0011100		Eef1d<em1(IMPC)Mbp>	50220058	HGNC:3211	EEF1D	
MGI:1913393	Eef1e1		Eef1e1		MP:0011101		Eef1e1<+>|Eef1e1<Gt(OST377244)Lex>	50221729	HGNC:3212	EEF1E1	
MGI:2137092	Eefsec		Eefsec		MP:0011100		Eefsec<em1(IMPC)Hmgu>	50229943	HGNC:24614	EEFSEC	
MGI:1919127	Efhc1		Efhc1		MP:0011069		Efhc1<tm1Kzy>	50230885	HGNC:16406	EFHC1	
MGI:2141969	Efl1		Efl1		MP:0011100		Efl1<em1(IMPC)Bay>	50220076	HGNC:25789	EFL1	
MGI:109196	Efnb3		Efnb3		MP:0011101		Efnb3<lltw>	50220075	HGNC:3228	EFNB3	
MGI:1336880	Eftud2		Eftud2		MP:0011100		Eftud2<tm1b(KOMP)Wtsi>	50229140	HGNC:30858	EFTUD2	
MGI:95294	Egfr		Egfr		MP:0011100,MP:0011101		Egfr<Wa5>|Egfr<tm2(EGFR)Wag>	50220078	HGNC:3236	EGFR	
MGI:1932286	Egln1		Egln1		MP:0011100		Egln1<tm1.2Brei>	50220079	HGNC:1232	EGLN1	
MGI:2667252	Ehbp1		Ehbp1		MP:0011100		Ehbp1<em1(IMPC)J>	50221569	HGNC:29144	EHBP1	
MGI:3612340	Ehbp1l1		Ehbp1l1		MP:0011100		Ehbp1l1<tm1a(EUCOMM)Wtsi>	50223900	HGNC:30682	EHBP1L1	
MGI:1924933	Ehmt1		Ehmt1		MP:0011100		Ehmt1<tm1b(EUCOMM)Hmgu>	50227909	HGNC:24650	EHMT1	
MGI:2148922	Ehmt2		Ehmt2		MP:0011100		Ehmt2<tm1.1(KOMP)Mbp>	50217674	HGNC:14129	EHMT2	
MGI:1924095	Eid2b		Eid2b		MP:0011100		Eid2b<em1(IMPC)J>	50233951	HGNC:26796	EID2B	
MGI:1917110	Eif1ad		Eif1ad		MP:0011100		Eif1ad<tm1b(EUCOMM)Hmgu>	50230838	HGNC:28147	EIF1AD	
MGI:1341830	Eif2ak3		Eif2ak3		MP:0011101		Eif2ak3<tm1Drc>	50224996	HGNC:3255	EIF2AK3	
MGI:1313286	Eif2b3		Eif2b3		MP:0011100		Eif2b3<tm1b(EUCOMM)Hmgu>	50230763	HGNC:3259	EIF2B3	
MGI:95299	Eif2s1		Eif2s1		MP:0011100		Eif2s1<em1(IMPC)Mbp>	50220083	HGNC:3265	EIF2S1	
MGI:1914454	Eif2s2		Eif2s2		MP:0011100		Eif2s2<em3(IMPC)Bay>	50228952	HGNC:3266	EIF2S2	
MGI:99257	Eif3e		Eif3e		MP:0011100		Eif3e<em1(IMPC)Bay>	50220090	HGNC:3277	EIF3E	
MGI:1913335	Eif3f		Eif3f		MP:0011100,MP:0011101		Eif3f<em1(IMPC)Hmgu>|Eif3f<tm1(KOMP)Vlcg>|Eif3f<+>	50227579	HGNC:3275	EIF3F	
MGI:1915385	Eif3h		Eif3h		MP:0011100		Eif3h<tm1a(EUCOMM)Hmgu>	50220085	HGNC:3273	EIF3H	
MGI:1921080	Eif3k		Eif3k		MP:0011100		Eif3k<em1(IMPC)Hmgu>	50229720	HGNC:24656	EIF3K	
MGI:1351744	Eif3m		Eif3m		MP:0011100		Eif3m<tm1Nju>|Eif3m<tm1.1Nju>	50220378	HGNC:24460	EIF3M	
MGI:95304	Eif4b		Eif4b		MP:0011100		Eif4b<em1(IMPC)J>	50220094	HGNC:3285	EIF4B	
MGI:95305	Eif4e		Eif4e		MP:0011100		Eif4e<tm1b(EUCOMM)Hmgu>	50220095	HGNC:3287	EIF4E	
MGI:2384784	Eif4g1		Eif4g1		MP:0011100		Eif4g1<em1(IMPC)Hmgu>	50220857	HGNC:3296	EIF4G1	
MGI:109207	Eif4g2		Eif4g2		MP:0011100		Eif4g2<tm1b(KOMP)Wtsi>	50220098	HGNC:3297	EIF4G2	
MGI:1341822	Eif4h		Eif4h		MP:0011100		Eif4h<tm1b(EUCOMM)Wtsi>	50228529	HGNC:12741	EIF4H	
MGI:2441772	Eif5b		Eif5b		MP:0011100		Eif5b<em1(IMPC)J>	50223446	HGNC:30793	EIF5B	
MGI:1289332	Eipr1		Eipr1		MP:0011100		Eipr1<em1(IMPC)J>	50228307	HGNC:12383	EIPR1	
MGI:1890496	Elac2		Elac2		MP:0011100		Elac2<tm1b(EUCOMM)Wtsi>	50223674	HGNC:14198	ELAC2	
MGI:1100851	Elavl1		Elavl1		MP:0011100		Elavl1<tm1.1Thla>|Elavl1<tm1b(EUCOMM)Hmgu>	50220108	HGNC:3312	ELAVL1	
MGI:1100887	Elavl2		Elavl2		MP:0011100		Elavl2<em1(IMPC)J>	50231291	HGNC:3313	ELAVL2	
MGI:1351315	Eloa		Eloa		MP:0011100		Eloa<em1(IMPC)Mbp>	50221253	HGNC:11620	ELOA	
MGI:1913376	Elof1		Elof1		MP:0011100		Elof1<tm1.1(KOMP)Vlcg>	50230925	HGNC:28691	ELOF1	
MGI:1914544	Elp1		Elp1		MP:0011100		Elp1<tm1a(KOMP)Wtsi>	50223236	HGNC:5959	ELP1	
MGI:1925016	Elp4		Elp4		MP:0011100		Elp4<em1(IMPC)Bay>|Elp4<em1(IMPC)Tcp>	50221905	HGNC:1171	ELP4	
MGI:1919349	Elp6		Elp6		MP:0011100		Elp6<em1(IMPC)J>	50227645	HGNC:25976	ELP6	
MGI:1913337	Emc3		Emc3		MP:0011100		Emc3<tm1b(EUCOMM)Wtsi>	50224220	HGNC:23999	EMC3	
MGI:1915282	Emc4		Emc4		MP:0011100		Emc4<tm1(KOMP)Wtsi>	50228255	HGNC:28032	EMC4	
MGI:1913298	Emc6		Emc6		MP:0011100		Emc6<tm1.1(KOMP)Vlcg>	50228256	HGNC:28430	EMC6	
MGI:1920274	Emc7		Emc7		MP:0010770		Emc7<tm1Lex>	50220120	HGNC:24301	EMC7	
MGI:1343095	Emc8		Emc8		MP:0011100		Emc8<tm1b(EUCOMM)Hmgu>	50219123	HGNC:7864	EMC8	
MGI:1315195	Emg1		Emg1		MP:0011100		Emg1<tm1.1(KOMP)Wtsi>	50229967	HGNC:16912	EMG1	
MGI:1924203	Emsy		Emsy		MP:0011100		Emsy<em1(IMPC)Ccpcz>	50222068	HGNC:18071	EMSY	
MGI:95392	Eng		Eng		MP:0011100		Eng<em1(IMPC)Mbp>	50232903	HGNC:3349	ENG	
MGI:1916888	Enho		Enho		MP:0001260		Enho<tm1.1Butl>	50233964	HGNC:24838	ENHO	
MGI:1321390	Enpp2		Enpp2		MP:0011100		Enpp2<tm1Lex>	50217605	HGNC:3357	ENPP2	
MGI:1891189	Ensa		Ensa		MP:0011101		Ensa<tm1a(EUCOMM)Hmgu>	50220139	HGNC:3360	ENSA	
MGI:1919286	Eny2		Eny2		MP:0011100		Eny2<em1(IMPC)Bay>	50220285	HGNC:24449	ENY2	
MGI:1201683	Eomes		Eomes		MP:0011100		Eomes<tm1b(EUCOMM)Wtsi>	50220142	HGNC:3372	EOMES	
MGI:1276124	Ep400		Ep400		MP:0011100		Ep400<tm1b(EUCOMM)Hmgu>	50226373	HGNC:11958	EP400	
MGI:109169	Epas1		Epas1		MP:0011100,MP:0011101		Epas1<tm1Pec>|Epas1<tm1b(EUCOMM)Hmgu>	50220147	HGNC:3374	EPAS1	
MGI:1278321	Epc2		Epc2		MP:0011100		Epc2<tm1b(EUCOMM)Wtsi>	50230665	HGNC:24543	EPC2	
MGI:104757	Ephb4		Ephb4		MP:0011100		Ephb4<em1(IMPC)Bay>	50218357	HGNC:3395	EPHB4	
MGI:1341085	Epm2a		Epm2a		MP:0001260		Epm2a<tm1Kzy>	50225770	HGNC:3413	EPM2A	
MGI:95408	Epor		Epor		MP:0011100		Epor<tm1.1(EPOR)Jtp>|Epor<tm1.3(EPOR*)Jtp>	50232182	HGNC:3416	EPOR	
MGI:97838	Eprs1		Eprs1		MP:0011100		Eprs1<tm1b(EUCOMM)Hmgu>	50220157	HGNC:3418	EPRS1	
MGI:104583	Eps15		Eps15		MP:0001260		Eps15<tm1a(KOMP)Wtsi>	50226796	HGNC:3419	EPS15	
MGI:1889295	Eral1		Eral1		MP:0011100		Eral1<em1(IMPC)Bay>	50226285	HGNC:3424	ERAL1	
MGI:95410	Erbb2		Erbb2		MP:0002080,MP:0011100		Erbb2<tm1b(EUCOMM)Hmgu>|Erbb2<tm8(Erbb2)Mul>	50229299	HGNC:3430	ERBB2	
MGI:2151013	Erc1		Erc1		MP:0008762,MP:0011100		Erc1<Gt(RRF343)Byg>|Erc1<tm1b(EUCOMM)Hmgu>	50226405	HGNC:17072	ERC1	
MGI:95414	Ercc3		Ercc3		MP:0011100		Ercc3<tm1b(NCOM)Mfgc>	50228947	HGNC:3435	ERCC3	
MGI:1354163	Ercc4		Ercc4		MP:0011100		Ercc4<em1(IMPC)J>	50220630	HGNC:3436	ERCC4	
MGI:103582	Ercc5		Ercc5		MP:0011100		Ercc5<tm2b(EUCOMM)Hmgu>	50229733	HGNC:3437	ERCC5	
MGI:109637	Erf		Erf		MP:0011100		Erf<tm1.1(KOMP)Mbp>	50221315	HGNC:3444	ERF	
MGI:95415	Erg		Erg		MP:0011100		Erg<em1(IMPC)Bay>	50220169	HGNC:3446	ERG	
MGI:1914708	Ergic1		Ergic1		MP:0011100		Ergic1<em1(IMPC)J>	50229897	HGNC:29205	ERGIC1	
MGI:1352467	Esr1		Esr1		MP:0001260		Esr1<tm1.1Gust>|Esr1<tm1Geog>|Esr1<tm1Ksk>|Esr1<tm4.2Ksk>	50220163	HGNC:3467	ESR1	
MGI:109392	Esr2		Esr2		MP:0001260		Esr2<tm1Unc>	50220164	HGNC:3468	ESR2	
MGI:1917326	Esrp1		Esrp1		MP:0011100		Esrp1<em1(IMPC)Mbp>	50225261	HGNC:25966	ESRP1	
MGI:106092	Etfa		Etfa		MP:0011100		Etfa<em1(IMPC)J>	50218068	HGNC:3481	ETFA	
MGI:106098	Etfb		Etfb		MP:0011100		Etfb<em1(IMPC)Hmgu>	50228645	HGNC:3482	ETFB	
MGI:106100	Etfdh		Etfdh		MP:0011100		Etfdh<tm1b(EUCOMM)Hmgu>	50220323	HGNC:3483	ETFDH	
MGI:95455	Ets1		Ets1		MP:0011101		Ets1<tm1.1Dds>	50218417	HGNC:3488	ETS1	
MGI:109336	Etv6		Etv6		MP:0011100		Etv6<em1(IMPC)Rbrc>	50223035	HGNC:3495	ETV6	
MGI:99960	Ewsr1		Ewsr1		MP:0011100		Ewsr1<tm1b(EUCOMM)Wtsi>	50220834	HGNC:3508	EWSR1	
MGI:2445020	Exoc1		Exoc1		MP:0011100		Exoc1<em1(IMPC)Mbp>	50225575	HGNC:30380	EXOC1	
MGI:1913732	Exoc2		Exoc2		MP:0011100		Exoc2<em1(IMPC)J>	50225576	HGNC:24968	EXOC2	
MGI:1921713	Exoc3l2		Exoc3l2		MP:0011100		Exoc3l2<em1(IMPC)J>|Exoc3l2<tm1b(KOMP)Wtsi>	50220283	HGNC:30162	EXOC3L2	
MGI:1921363	Exoc3l4		Exoc3l4		MP:0011100		Exoc3l4<em1(IMPC)J>	50227538	HGNC:20120	EXOC3L4	
MGI:1096376	Exoc4		Exoc4		MP:0011100		Exoc4<em1(IMPC)J>	50226707	HGNC:30389	EXOC4	
MGI:1923164	Exoc6b		Exoc6b		MP:0011100		Exoc6b<em1(IMPC)Hmgu>	50220416	HGNC:17085	EXOC6B	
MGI:1859270	Exoc7		Exoc7		MP:0011100		Exoc7<em1(IMPC)Bay>	50230787	HGNC:23214	EXOC7	
MGI:2142527	Exoc8		Exoc8		MP:0011100		Exoc8<tm1.1(KOMP)Vlcg>	50230371	HGNC:24659	EXOC8	
MGI:1913833	Exosc1		Exosc1		MP:0011100		Exosc1<em1(IMPC)J>	50232288	HGNC:17286	EXOSC1	
MGI:2385133	Exosc2		Exosc2		MP:0011100		Exosc2<em1(IMPC)J>	50220479	HGNC:17097	EXOSC2	
MGI:1913612	Exosc3		Exosc3		MP:0011100		Exosc3<tm1.1(KOMP)Vlcg>	50221371	HGNC:17944	EXOSC3	
MGI:1913696	Exosc7		Exosc7		MP:0011100		Exosc7<em1(IMPC)Bay>	50229718	HGNC:28112	EXOSC7	
MGI:1916889	Exosc8		Exosc8		MP:0011100		Exosc8<tm1.1(KOMP)Vlcg>	50224802	HGNC:17035	EXOSC8	
MGI:894663	Ext1		Ext1		MP:0008762		Ext1<tm1.2Vcs>	50221597	HGNC:3512	EXT1	
MGI:1860765	Extl3		Extl3		MP:0011100		Extl3<em1(IMPC)Mbp>	50217781	HGNC:3518	EXTL3	
MGI:1337104	Eya4		Eya4		MP:0011100		Eya4<tm1b(KOMP)Wtsi>	50223974	HGNC:3522	EYA4	
MGI:107940	Ezh2		Ezh2		MP:0001260		Ezh2<em1Jbn>|Ezh2<+>|Ezh2<em1Jiaf>|Ezh2<+>	50220286	HGNC:3527	EZH2	
MGI:98931	Ezr		Ezr		MP:0011100		Ezr<tm2a(EUCOMM)Wtsi>	50218444	HGNC:12691	EZR	
MGI:103107	F10		F10		MP:0011100		F10<tm1b(EUCOMM)Hmgu>	50221805	HGNC:3528	F10	
MGI:101802	F2r		F2r		MP:0001260		F2r<tm1Ajc>	50224945	HGNC:3537	F2R	
MGI:109324	Fadd		Fadd		MP:0008762,MP:0011100		Fadd<tm1.1Mpa>|Fadd<tm1e.1(KOMP)Wtsi>	50232114	HGNC:3573	FADD	
MGI:1923827	Faf2		Faf2		MP:0011100		Faf2<em1(IMPC)Mbp>	50223729	HGNC:24666	FAF2	
MGI:95482	Fah		Fah		MP:0011100		Fah<em1(IMPC)Mbp>	50220906	HGNC:3579	FAH	
MGI:2684939	Fam170a		Fam170a		MP:0001260		Fam170a<em1Osb>	50234022	HGNC:27963	FAM170A	
MGI:1289174	Fam204a		Fam204a		MP:0011100		Fam204a<em1(IMPC)J>	50231480	HGNC:25794	FAM204A	
MGI:1914000	Fam210a		Fam210a		MP:0011100		Fam210a<tm1b(EUCOMM)Wtsi>	50220566	HGNC:28346	FAM210A	
MGI:1915172	Fam32a		Fam32a		MP:0011100		Fam32a<em1(IMPC)Mbp>	50220581	HGNC:24563	FAM32A	
MGI:2448480	Fancd2		Fancd2		MP:0011100,MP:0011101		Fancd2<em1(IMPC)Hmgu>|Fancd2<em1Tzh>	50231728	HGNC:3585	FANCD2	
MGI:1917205	Fars2		Fars2		MP:0011100		Fars2<em1(IMPC)J>	50230533	HGNC:21062	FARS2	
MGI:1913840	Farsa		Farsa		MP:0011100		Farsa<tm2a(EUCOMM)Wtsi>	50220632	HGNC:3592	FARSA	
MGI:95484	Fas		Fas		MP:0001260		Fas<lpr>	50232047	HGNC:11920	FAS	
MGI:95485	Fasn		Fasn		MP:0011101		Fasn<+>|Fasn<tm1Schi>|Fasn<tm1Schi>|Fasn<+>	50220633	HGNC:3594	FASN	
MGI:2139469	Fastkd5		Fastkd5		MP:0011100		Fastkd5<tm1.1(KOMP)Vlcg>	50234067	HGNC:25790	FASTKD5	
MGI:1923382	Faxc		Faxc		MP:0011100		Faxc<em1(IMPC)J>	50222577	HGNC:20742	FAXC	
MGI:95486	Fbl		Fbl		MP:0011101		Fbl<Gt(pGT1-3)1Jca>|Fbl<+>	50220812	HGNC:3599	FBL	
MGI:104648	Fbrs		Fbrs		MP:0011100		Fbrs<em1(IMPC)J>	50232619	HGNC:20442	FBRS	
MGI:2147134	Fbxo11		Fbxo11		MP:0011100		Fbxo11<tm2b(EUCOMM)Wtsi>	50221147	HGNC:13590	FBXO11	
MGI:1929084	Fbxo3		Fbxo3		MP:0011100		Fbxo3<em1(IMPC)J>	50229833	HGNC:13582	FBXO3	
MGI:2444639	Fbxo38		Fbxo38		MP:0011101		Fbxo38<em1Crmk>	50221275	HGNC:28844	FBXO38	
MGI:1924992	Fbxo42		Fbxo42		MP:0011100		Fbxo42<em1(IMPC)J>	50229186	HGNC:29249	FBXO42	
MGI:1914391	Fbxo5		Fbxo5		MP:0011100		Fbxo5<em1(IMPC)Mbp>	50220122	HGNC:13584	FBXO5	
MGI:2443324	Fbxw16		Fbxw16		MP:0011100		Fbxw16<em1(IMPC)Ccpcz>	50234092	HGNC:20729	FBXW12	
MGI:1915878	Fbxw9		Fbxw9		MP:0008024,MP:0011100		Fbxw9<tm1a(EUCOMM)Wtsi>	50226753	HGNC:28136	FBXW9	
MGI:3505790	Fcho2		Fcho2		MP:0011100		Fcho2<tm1b(EUCOMM)Hmgu>	50218276	HGNC:25180	FCHO2	
MGI:102706	Fdft1		Fdft1		MP:0011100		Fdft1<tm1a(KOMP)Wtsi>	50226729	HGNC:3629	FDFT1	
MGI:103224	Fdx1		Fdx1		MP:0011100		Fdx1<tm1b(EUCOMM)Wtsi>	50223399	HGNC:3638	FDX1	
MGI:104724	Fdxr		Fdxr		MP:0011100		Fdxr<em1(IMPC)Bay>	50232781	HGNC:3642	FDXR	
MGI:95513	Fech		Fech		MP:0011101		Fech<tm1.1(FECH*)Emi>|Fech<m1Pas>	50219875	HGNC:3647	FECH	
MGI:2147790	Fermt3		Fermt3		MP:0011100		Fermt3<tm1b(KOMP)Wtsi>	50223860	HGNC:23151	FERMT3	
MGI:2441731	Ffar2		Ffar2		MP:0001260		Ffar2<tm2Lex>	50232006	HGNC:4501	FFAR2	
MGI:2443369	Fgd5		Fgd5		MP:0011100		Fgd5<em1(IMPC)Mbp>	50221762	HGNC:19117	FGD5	
MGI:1099809	Fgf10		Fgf10		MP:0011100		Fgf10<tm1b(EUCOMM)Wtsi>	50219367	HGNC:3666	FGF10	
MGI:1096383	Fgf15		Fgf15		MP:0011100		Fgf15<tm1.1(KOMP)Vlcg>	50231705	HGNC:3675	FGF19	
MGI:1861377	Fgf21		Fgf21		MP:0001260		Fgf21<tm1Emf>|Fgf21<tm1Nit>	50232024	HGNC:3678	FGF21	
MGI:95517	Fgf3		Fgf3		MP:0011100		Fgf3<tm4b(EUCOMM)Hmgu>	50223060	HGNC:3681	FGF3	
MGI:95518	Fgf4		Fgf4		MP:0002080,MP:0011100		Fgf4<em1(IMPC)H>|Fgf4<tm2Mrc>	50221563	HGNC:3682	FGF4	
MGI:99604	Fgf8		Fgf8		MP:0002080,MP:0011100,MP:0011101		Fgf8<tm1.1Mrt>|Fgf8<tm1.2Mrt>|Fgf8<tm1Mrc>|Fgf8<tm1b(KOMP)Wtsi>	50217154	HGNC:3686	FGF8	
MGI:104723	Fgf9		Fgf9		MP:0011100		Fgf9<tm1b(KOMP)Wtsi>	50227462	HGNC:3687	FGF9	
MGI:95522	Fgfr1		Fgfr1		MP:0011100,MP:0011101		Fgfr1<tm1.1(KOMP)Vlcg>|Fgfr1<tm2Jrt>|Fgfr1<tm1Jrt>|Fgfr1<tm5Jrt>	50218220	HGNC:3688	FGFR1	
MGI:1914779	Fgfr1op2		Fgfr1op2		MP:0011100		Fgfr1op2<em1(IMPC)Mbp>	50229192	HGNC:23098	FGFR1OP2	
MGI:102795	Fgl1		Fgl1		MP:0001260		Fgl1<tm1Cuko>	50221773	HGNC:3695	FGL1	
MGI:2444746	Fhip1a		Fhip1a		MP:0011100		Fhip1a<tm1b(EUCOMM)Wtsi>	50220536	HGNC:34237	FHIP1A	
MGI:1925847	Fhod3		Fhod3		MP:0011100		Fhod3<em1(IMPC)Mbp>	50226300	HGNC:26178	FHOD3	
MGI:1890647	Fign		Fign		MP:0011101		Fign<tm1Frk>	50229641	HGNC:13285	FIGN	
MGI:1890648	Fignl1		Fignl1		MP:0011100		Fignl1<em1(IMPC)Wtsi>	50221059	HGNC:13286	FIGNL1	
MGI:3590554	Firrm		Firrm		MP:0011100		Firrm<tm1b(EUCOMM)Hmgu>	50221420	HGNC:25565	FIRRM	
MGI:1913687	Fis1		Fis1		MP:0011100		Fis1<tm1b(EUCOMM)Hmgu>	50223388	HGNC:21689	FIS1	
MGI:2444508	Fitm2		Fitm2		MP:0011100		Fitm2<tm1.1(KOMP)Vlcg>	50217885	HGNC:16135	FITM2	
MGI:95543	Fkbp4		Fkbp4		MP:0011101		Fkbp4<tm1Dvds>	50234119	HGNC:3720	FKBP4	
MGI:1932127	Fkbpl		Fkbpl		MP:0011100		Fkbpl<tm1.1(KOMP)Wtsi>	50226867	HGNC:13949	FKBPL	
MGI:1342286	Flii		Flii		MP:0011100		Flii<tm1b(KOMP)Mbp>	50223618	HGNC:3750	FLII	
MGI:2446089	Flnb		Flnb		MP:0011100		Flnb<tm1b(KOMP)Wtsi>	50218645	HGNC:3755	FLNB	
MGI:95557	Flnc		Flnc		MP:0011100		Flnc<em1(IMPC)Bay>	50223561	HGNC:3756	FLNC	
MGI:2384974	Flvcr2		Flvcr2		MP:0011100		Flvcr2<tm1a(EUCOMM)Hmgu>	50221193	HGNC:20105	FLVCR2	
MGI:2442638	Flywch1		Flywch1		MP:0011100		Flywch1<tm1b(EUCOMM)Hmgu>	50234123	HGNC:25404	FLYWCH1	
MGI:95564	Fmr1		Fmr1		MP:0001260		Fmr1<tm1Cgr>	50229326	HGNC:3775	FMR1	
MGI:95566	Fn1		Fn1		MP:0011101		Fn1<tm4Hyn>	50234127	HGNC:3778	FN1	
MGI:1919257	Fndc3b		Fndc3b		MP:0011100		Fndc3b<tm1.1(KOMP)Vlcg>	50223510	HGNC:24670	FNDC3B	
MGI:104683	Fnta		Fnta		MP:0011100		Fnta<tm1b(KOMP)Wtsi>	50223416	HGNC:3782	FNTA	
MGI:1861305	Fntb		Fntb		MP:0011100		Fntb<tm1b(EUCOMM)Hmgu>	50228900	HGNC:3785	FNTB	
MGI:95568	Folr1		Folr1		MP:0011100		Folr1<tm1.1(KOMP)Vlcg>	50230427	HGNC:3791	FOLR1	
MGI:1347468	Foxb2		Foxb2		MP:0011100		Foxb2<em1(IMPC)J>	50227053	HGNC:23315	FOXB2	
MGI:2443432	Foxj3		Foxj3		MP:0011100		Foxj3<tm1b(EUCOMM)Wtsi>	50229081	HGNC:29178	FOXJ3	
MGI:1918625	Foxn3		Foxn3		MP:0011100		Foxn3<em1(IMPC)Bay>	50229981	HGNC:1928	FOXN3	
MGI:1890077	Foxo1		Foxo1		MP:0011100		Foxo1<tm1.1Dac>|Foxo1<tm1b(EUCOMM)Wtsi>	50222416	HGNC:3819	FOXO1	
MGI:1914004	Foxp1		Foxp1		MP:0011100		Foxp1<tm1b(KOMP)Wtsi>	50222418	HGNC:3823	FOXP1	
MGI:2446262	Foxred1		Foxred1		MP:0011100		Foxred1<em1(IMPC)Bay>	50230519	HGNC:26927	FOXRED1	
MGI:2385368	Fras1		Fras1		MP:0011101		Fras1<bl>	50223078	HGNC:19185	FRAS1	
MGI:2670972	Frem1		Frem1		MP:0011101		Frem1<heb>	50225235	HGNC:23399	FREM1	
MGI:2444465	Frem2		Frem2		MP:0011101		Frem2<my-Ucl>	50217747	HGNC:25396	FREM2	
MGI:1919850	Frmd4a		Frmd4a		MP:0011100		Frmd4a<em1(IMPC)J>	50226346	HGNC:25491	FRMD4A	
MGI:1100860	Frs2		Frs2		MP:0011100		Frs2<tm1b(EUCOMM)Wtsi>	50227732	HGNC:16971	FRS2	
MGI:1352745	Fscn1		Fscn1		MP:0011100		Fscn1<tm1.1(KOMP)Vlcg>	50222436	HGNC:11148	FSCN1	
MGI:2442443	Fsd1l		Fsd1l		MP:0011100		Fsd1l<em1(IMPC)Bay>	50225522	HGNC:13753	FSD1L	
MGI:95583	Fshr		Fshr		MP:0001260		Fshr<tm1Saco>|Fshr<tm1Saco>|Fshr<+>	50222685	HGNC:3969	FSHR	
MGI:95586	Fst		Fst		MP:0011100		Fst<em1(IMPC)Wtsi>	50218380	HGNC:3971	FST	
MGI:95588	Fth1		Fth1		MP:0011100		Fth1<tm1.1(KOMP)Vlcg>	50220666	HGNC:3976	FTH1	
MGI:1196294	Fubp1		Fubp1		MP:0011100,MP:0011101		Fubp1<em1(IMPC)Mbp>|Fubp1<tm1.1Dlev>	50228638	HGNC:4004	FUBP1	
MGI:97513	Furin		Furin		MP:0011100		Furin<tm1b(EUCOMM)Wtsi>	50217155	HGNC:8568	FURIN	
MGI:1353633	Fus		Fus		MP:0011100		Fus<tm1.1(KOMP)Vlcg>	50230746	HGNC:4010	FUS	
MGI:1917550	Fuz		Fuz		MP:0011100		Fuz<em1(IMPC)Mbp>	50232360	HGNC:26219	FUZ	
MGI:1096879	Fxn		Fxn		MP:0011100		Fxn<em1(IMPC)J>	50230250	HGNC:3951	FXN	
MGI:95602	Fyn		Fyn		MP:0011100		Fyn<tm1a(EUCOMM)Wtsi>	50222458	HGNC:4037	FYN	
MGI:1888513	Fzd2		Fzd2		MP:0011100		Fzd2<tm1.1(KOMP)Vlcg>	50218336	HGNC:4040	FZD2	
MGI:108571	Fzd5		Fzd5		MP:0011100		Fzd5<tm1.1(KOMP)Vlcg>	50222462	HGNC:4043	FZD5	
MGI:1926790	Fzr1		Fzr1		MP:0008762,MP:0011100		Fzr1<tm1.1(KOMP)Vlcg>|Fzr1<tm1.2Stge>	50222465	HGNC:24824	FZR1	
MGI:2442040	G3bp2		G3bp2		MP:0011100		G3bp2<tm1a(EUCOMM)Wtsi>	50220841	HGNC:30291	G3BP2	
MGI:1890602	Gabarapl2		Gabarapl2		MP:0011100		Gabarapl2<tm1b(EUCOMM)Hmgu>	50231394	HGNC:13291	GABARAPL2	
MGI:95623	Gabrg2		Gabrg2		MP:0011100		Gabrg2<em1(IMPC)Mbp>	50225927	HGNC:4087	GABRG2	
MGI:2442153	Gak		Gak		MP:0011100		Gak<em1(IMPC)Ccpcz>	50227770	HGNC:4113	GAK	
MGI:894693	Galnt1		Galnt1		MP:0011101		Galnt1<tm1.1Jxm>	50221183	HGNC:4123	GALNT1	
MGI:95639	Gap43		Gap43		MP:0001260		Gap43<+>|Gap43<tm1a(EUCOMM)Wtsi>	50218279	HGNC:4140	GAP43	
MGI:95640	Gapdh		Gapdh		MP:0011100		Gapdh<M5Neu>|Gapdh<M6Neu>|Gapdh<M7Neu>|Gapdh<M8Neu>|Gapdh<M9Neu>|Gapdh<em1(IMPC)Mbp>|Gapdh<m1Neu>|Gapdh<m2Neu>|Gapdh<m3Neu>|Gapdh<m4Neu>	50217676	HGNC:4141	GAPDH	
MGI:1913941	Gapvd1		Gapvd1		MP:0011100		Gapvd1<em1(IMPC)Mbp>	50231451	HGNC:23375	GAPVD1	
MGI:2449057	Gars1		Gars1		MP:0002080,MP:0011100,MP:0011101		Gars1<C201R>|Gars1<Gt(XM256)6Byg>|Gars1<C201R>|Gars1<em1(IMPC)Tcp>	50222506	HGNC:4162	GARS1	
MGI:95654	Gart		Gart		MP:0011100		Gart<tm1b(EUCOMM)Wtsi>	50228747	HGNC:4163	GART	
MGI:95659	Gas5		Gas5		MP:0002080		Gas5<em1Gpt>	50226189	HGNC:16355	GAS5	
MGI:95661	Gata1		Gata1		MP:0011101		Gata1<tm2Sho>	50220227	HGNC:4170	GATA1	
MGI:95662	Gata2		Gata2		MP:0011100		Gata2<tm1b(KOMP)Wtsi>	50222513	HGNC:4171	GATA2	
MGI:95663	Gata3		Gata3		MP:0002080		Gata3<tm1Jeng>	50218437	HGNC:4172	GATA3	
MGI:107516	Gata6		Gata6		MP:0011101		Gata6<+>|Gata6<tm1Hadj>	50218458	HGNC:4174	GATA6	
MGI:2443225	Gatad2b		Gatad2b		MP:0011100		Gatad2b<tm1b(EUCOMM)Hmgu>	50227810	HGNC:30778	GATAD2B	
MGI:2442496	Gatb		Gatb		MP:0011100		Gatb<em1(IMPC)Hmgu>	50225008	HGNC:8849	GATB	
MGI:95665	Gba1		Gba1		MP:0011100		Gba1<em1(IMPC)H>	50222517	HGNC:4177	GBA1	
MGI:1861607	Gbf1		Gbf1		MP:0011100		Gbf1<tm1a(KOMP)Wtsi>	50225520	HGNC:4181	GBF1	
MGI:95668	Gbx2		Gbx2		MP:0011100		Gbx2<tm1.1Mrt>|Gbx2<tm1.2Alj>	50221601	HGNC:4186	GBX2	
MGI:95674	Gcg		Gcg		MP:0001260		Gcg<tm1Yhys>	50222602	HGNC:4191	GCG	
MGI:99572	Gcgr		Gcgr		MP:0011101		Gcgr<tm1Mjch>	50222603	HGNC:4192	GCGR	
MGI:95675	Gch1		Gch1		MP:0011100		Gch1<em1(IMPC)H>	50217983	HGNC:4193	GCH1	
MGI:1270854	Gck		Gck		MP:0001260		Gck<+>|Gck<Gena348>	50234184	HGNC:4195	GCK	
MGI:108045	Gcm1		Gcm1		MP:0002080		Gcm1<tm1Weg>	50234185	HGNC:4197	GCM1	
MGI:2444248	Gcn1		Gcn1		MP:0011100		Gcn1<em1(IMPC)J>	50222607	HGNC:4199	GCN1	
MGI:1915383	Gcsh		Gcsh		MP:0011100		Gcsh<em1(IMPC)H>	50228694	HGNC:4208	GCSH	
MGI:95683	Gdf1		Gdf1		MP:0011101		Gdf1<tm1.1Dmus>	50218441	HGNC:4214	GDF1	
MGI:1338027	Gdf11		Gdf11		MP:0011100		Gdf11<tm2b(EUCOMM)Hmgu>	50217759	HGNC:4216	GDF11	
MGI:1346047	Gdf15		Gdf15		MP:0001260		Gdf15<tm1Breit>|Gdf15<tm1Kuns>	50234189	HGNC:30142	GDF15	
MGI:95686	Gdf3		Gdf3		MP:0011101		Gdf3<tm1Zuk>	50218440	HGNC:4218	GDF3	
MGI:95689	Gdf6		Gdf6		MP:0011100		Gdf6<em1(IMPC)Ccpcz>	50217761	HGNC:4221	GDF6	
MGI:99845	Gdi2		Gdi2		MP:0011100		Gdi2<tm1b(EUCOMM)Hmgu>	50221211	HGNC:4227	GDI2	
MGI:2449311	Gemin5		Gemin5		MP:0011100		Gemin5<em1(IMPC)H>	50218622	HGNC:20043	GEMIN5	
MGI:1914492	Gemin6		Gemin6		MP:0011100		Gemin6<em1(IMPC)Bay>	50232323	HGNC:20044	GEMIN6	
MGI:2136882	Get1		Get1		MP:0011100		Get1<tm1.1(KOMP)Vlcg>	50225039	HGNC:12790	GET1	
MGI:1914854	Get4		Get4		MP:0011100		Get4<em1(IMPC)Bay>	50218849	HGNC:21690	GET4	
MGI:1276578	Gfi1b		Gfi1b		MP:0002080,MP:0011100		Gfi1b<em1(IMPC)Ccpcz>|Gfi1b<tm1b(EUCOMM)Hmgu>	50226385	HGNC:4238	GFI1B	
MGI:2444783	Gfm2		Gfm2		MP:0011100		Gfm2<em1(IMPC)Mbp>	50227505	HGNC:29682	GFM2	
MGI:95698	Gfpt1		Gfpt1		MP:0011100		Gfpt1<tm1b(EUCOMM)Wtsi>	50220034	HGNC:4241	GFPT1	
MGI:2387356	Ggnbp2		Ggnbp2		MP:0011101		Ggnbp2<Gt(IST12476F10)Tigm>|Ggnbp2<tm1Bbs>	50223345	HGNC:19357	GGNBP2	
MGI:1341724	Ggps1		Ggps1		MP:0011100		Ggps1<tm1b(EUCOMM)Wtsi>	50220656	HGNC:4249	GGPS1	
MGI:1923675	Gid8		Gid8		MP:0011100		Gid8<em1(IMPC)J>	50217883	HGNC:15857	GID8	
MGI:1888677	Gigyf1		Gigyf1		MP:0011100		Gigyf1<em1(IMPC)Bay>	50222631	HGNC:9126	GIGYF1	
MGI:1921019	Gins2		Gins2		MP:0011100		Gins2<tm1b(EUCOMM)Wtsi>	50227428	HGNC:24575	GINS2	
MGI:1926083	Gins3		Gins3		MP:0011100		Gins3<em1(IMPC)Tcp>	50222393	HGNC:25851	GINS3	
MGI:1923847	Gins4		Gins4		MP:0011100		Gins4<tm1b(EUCOMM)Hmgu>	50223515	HGNC:28226	GINS4	
MGI:95713	Gja1		Gja1		MP:0011100,MP:0011101		Gja1<tm3Gfi>|Gja1<tm7(Gja2)Kwi>	50219279	HGNC:4274	GJA1	
MGI:99953	Gja8		Gja8		MP:0001260		Gja8<dcm>	50219282	HGNC:4281	GJA8	
MGI:95721	Gjb3		Gjb3		MP:0011100		Gjb3<tm1.1(KOMP)Vlcg>	50219277	HGNC:4285	GJB3	
MGI:95718	Gjc1		Gjc1		MP:0011100		Gjc1<tm1.1(KOMP)Vlcg>	50219286	HGNC:4280	GJC1	
MGI:1341155	Gldc		Gldc		MP:0011100		Gldc<tm1a(EUCOMM)Wtsi>	50220753	HGNC:4313	GLDC	
MGI:1921662	Gle1		Gle1		MP:0011100		Gle1<tm1a(EUCOMM)Wtsi>	50222642	HGNC:4315	GLE1	
MGI:95728	Gli2		Gli2		MP:0011100		Gli2<tm3.1(Gli1)Alj>	50220197	HGNC:4318	GLI2	
MGI:95729	Gli3		Gli3		MP:0002080,MP:0008762,MP:0011101		Gli3<Mos1>|Gli3<Xt-3H>|Gli3<Xt-J>|Gli3<Xt>	50222425	HGNC:4319	GLI3	
MGI:2141180	Glmn		Glmn		MP:0011100		Glmn<em1(IMPC)Bay>	50222644	HGNC:14373	GLMN	
MGI:95747	Glra1		Glra1		MP:0011100		Glra1<m1Cpai>|Glra1<spd-ot>|Glra1<spd-ot9J>	50217624	HGNC:4326	GLRA1	
MGI:95751	Glrb		Glrb		MP:0011100		Glrb<em1(IMPC)Tcp>|Glrb<spa-Alb>	50217663	HGNC:4329	GLRB	
MGI:1353653	Glrx3		Glrx3		MP:0011100		Glrx3<tm1.1(KOMP)Vlcg>	50222745	HGNC:15987	GLRX3	
MGI:95752	Gls		Gls		MP:0011100		Gls<em1(IMPC)H>	50222645	HGNC:4331	GLS	
MGI:2652836	Gmeb2		Gmeb2		MP:0011100		Gmeb2<em1(IMPC)J>	50226824	HGNC:4371	GMEB2	
MGI:2448526	Gmps		Gmps		MP:0011100		Gmps<em1(IMPC)Tcp>	50218468	HGNC:4378	GMPS	
MGI:95768	Gna13		Gna13		MP:0011100		Gna13<tm1b(KOMP)Wtsi>	50222195	HGNC:4381	GNA13	
MGI:95775	Gnao1		Gnao1		MP:0011100		Gnao1<tm1b(EUCOMM)Hmgu>	50222494	HGNC:4389	GNAO1	
MGI:95777	Gnas		Gnas		MP:0002080,MP:0011101		Gnas<Oedsml>|Gnas<+>|Gnas<tm4Lsw>	50222497	HGNC:4392	GNAS	
MGI:95781	Gnb1		Gnb1		MP:0011100		Gnb1<em1(IMPC)Bay>	50220827	HGNC:4396	GNB1	
MGI:1338057	Gnb1l		Gnb1l		MP:0011100		Gnb1l<em1(IMPC)Tcp>	50229725	HGNC:4397	GNB1L	
MGI:1354951	Gne		Gne		MP:0011100		Gne<em1(IMPC)Mbp>	50231171	HGNC:23657	GNE	
MGI:2385207	Gnl2		Gnl2		MP:0011100		Gnl2<em1(IMPC)Ccpcz>	50228924	HGNC:29925	GNL2	
MGI:1347054	Gnpda1		Gnpda1		MP:0011100		Gnpda1<tm1b(KOMP)Mbp>	50229712	HGNC:4417	GNPDA1	
MGI:3643902	Gnptab		Gnptab		MP:0011101		Gnptab<nym>	50226403	HGNC:29670	GNPTAB	
MGI:95790	Gnrhr		Gnrhr		MP:0001260		Gnrhr<Gt(181A6)Cmhd>	50222676	HGNC:4421	GNRHR	
MGI:2139395	Golga2		Golga2		MP:0011101		Golga2<tm1(KOMP)Vlcg>	50218998	HGNC:4425	GOLGA2	
MGI:1931029	Golga7		Golga7		MP:0011100		Golga7<tm1b(KOMP)Wtsi>	50228941	HGNC:24876	GOLGA7	
MGI:2149946	Gopc		Gopc		MP:0011101		Gopc<tm1a(EUCOMM)Wtsi>	50221745	HGNC:17643	GOPC	
MGI:1927204	Gosr2		Gosr2		MP:0011100		Gosr2<tm1b(EUCOMM)Hmgu>	50228965	HGNC:4431	GOSR2	
MGI:95791	Got1		Got1		MP:0011100		Got1<tm1b(EUCOMM)Hmgu>	50229231	HGNC:4432	GOT1	
MGI:95792	Got2		Got2		MP:0011100		Got2<em1(IMPC)Mbp>	50222090	HGNC:4433	GOT2	
MGI:1202392	Gpaa1		Gpaa1		MP:0011100		Gpaa1<em1(IMPC)Bay>	50226741	HGNC:4446	GPAA1	
MGI:1914721	Gpatch1		Gpatch1		MP:0011100		Gpatch1<em1(IMPC)Wtsi>	50223459	HGNC:24658	GPATCH1	
MGI:1920524	Gpbp1		Gpbp1		MP:0011100		Gpbp1<tm1b(EUCOMM)Wtsi>	50234229	HGNC:29520	GPBP1	
MGI:104903	Gpc3		Gpc3		MP:0001260		Gpc3<+>|Gpc3<tm1Fil>|Gpc3<tm1Arge>|Gpc3<tm1Fil>	50231724	HGNC:4451	GPC3	
MGI:104898	Gpcpd1		Gpcpd1		MP:0011100		Gpcpd1<em1(IMPC)Tcp>	50227928	HGNC:26957	GPCPD1	
MGI:99778	Gpd2		Gpd2		MP:0011101		Gpd2<tm1Lbr>	50218577	HGNC:4456	GPD2	
MGI:95797	Gpi1		Gpi1		MP:0002080,MP:0011100		Gpi1<a-m1Ehs>|Gpi1<b-M5H>|Gpi1<b-m3Neu>	50225016	HGNC:4458	GPI	
MGI:1921504	Gpn1		Gpn1		MP:0011100		Gpn1<em1(IMPC)J>	50229366	HGNC:17030	GPN1	
MGI:2139054	Gpr107		Gpr107		MP:0011100		Gpr107<tm1a(KOMP)Wtsi>	50221949	HGNC:17830	GPR107	
MGI:101909	Gpr12		Gpr12		MP:0001260		Gpr12<tm1Dgen>	50232413	HGNC:4466	GPR12	
MGI:1918361	Gpr39		Gpr39		MP:0001260		Gpr39<tm1Lex>	50230931	HGNC:4496	GPR39	
MGI:2135882	Gpr45		Gpr45		MP:0001260		Gpr45<Tn(pb-Act-RFP)1.1Zhu>|Gpr45<Tn(pb-Act-RFP)1.2Zhu>|Gpr45<em2Zz>|Gpr45<m1Btlr>|Gpr45<m2Btlr>	50227759	HGNC:4503	GPR45	
MGI:2441719	Gpr61		Gpr61		MP:0001260		Gpr61<tm1Dgen>	50226687	HGNC:13300	GPR61	
MGI:1914799	Gpr89		Gpr89		MP:0011100		Gpr89<em1(IMPC)J>	50232562	HGNC:31984	GPR89A	
MGI:1914799	Gpr89		Gpr89		MP:0011100		Gpr89<em1(IMPC)J>	50232562	HGNC:13840	GPR89B	
MGI:2442071	Gprasp2		Gprasp2		MP:0001260		Gprasp2<tm1.1Jpe>	50233108	HGNC:25169	GPRASP2	
MGI:2384801	Gps1		Gps1		MP:0011100		Gps1<tm1b(KOMP)Wtsi>	50223412	HGNC:4549	GPS1	
MGI:105102	Gpx3		Gpx3		MP:0011100		Gpx3<tm1b(KOMP)Wtsi>	50232085	HGNC:4555	GPX3	
MGI:104767	Gpx4		Gpx4		MP:0011100		Gpx4<tm1.1(KOMP)Vlcg>	50218443	HGNC:4556	GPX4	
MGI:103232	Grb10		Grb10		MP:0001260,MP:0011100		Grb10<Gt(XC302)Byg>	50222728	HGNC:4564	GRB10	
MGI:95805	Grb2		Grb2		MP:0011100		Grb2<tm1a(EUCOMM)Wtsi>	50220735	HGNC:4566	GRB2	
MGI:3576497	Greb1l		Greb1l		MP:0011100		Greb1l<em1(IMPC)J>	50221506	HGNC:31042	GREB1L	
MGI:2182543	Grhl2		Grhl2		MP:0011100		Grhl2<em1(IMPC)Mbp>	50222731	HGNC:2799	GRHL2	
MGI:2655333	Grhl3		Grhl3		MP:0011100		Grhl3<tm1Jane>	50218394	HGNC:25839	GRHL3	
MGI:95809	Gria2		Gria2		MP:0011100		Gria2<em1(IMPC)H>	50222654	HGNC:4572	GRIA2	
MGI:1351345	Grm8		Grm8		MP:0001260		Grm8<tm1Duv>	50222742	HGNC:4600	GRM8	
MGI:95832	Grn		Grn		MP:0001260		Grn<tm1.1Hiok>|Grn<+>	50221999	HGNC:4601	GRN	
MGI:1861437	Gsk3b		Gsk3b		MP:0011100		Gsk3b<tm1Dgen>	50220945	HGNC:4617	GSK3B	
MGI:1316728	Gspt1		Gspt1		MP:0011100		Gspt1<em1(IMPC)Bay>	50222750	HGNC:4621	GSPT1	
MGI:95864|MGI:95865	Gstp1/Gstp2		Gstp1|Gstp2		MP:0001260		Gstp1/Gstp2<tm1Wolf>	50218313|50218314	HGNC:4638	GSTP1	
MGI:1933277	Gtf2a1		Gtf2a1		MP:0011100		Gtf2a1<tm1a(KOMP)Wtsi>	50221258	HGNC:4646	GTF2A1	
MGI:2385191	Gtf2b		Gtf2b		MP:0011100		Gtf2b<tm1b(EUCOMM)Wtsi>	50228984	HGNC:4648	GTF2B	
MGI:1915403	Gtf2e2		Gtf2e2		MP:0011100		Gtf2e2<tm1b(EUCOMM)Wtsi>	50228573	HGNC:4651	GTF2E2	
MGI:1345669	Gtf2h2		Gtf2h2		MP:0011100		Gtf2h2<tm1a(EUCOMM)Wtsi>	50224903	HGNC:4656	GTF2H2	
MGI:1345669	Gtf2h2		Gtf2h2		MP:0011100		Gtf2h2<tm1a(EUCOMM)Wtsi>	50224903	HGNC:31394	GTF2H2C	
MGI:1345669	Gtf2h2		Gtf2h2		MP:0011100		Gtf2h2<tm1a(EUCOMM)Wtsi>	50224903	HGNC:35418	GTF2H2C_2	
MGI:1277143	Gtf2h3		Gtf2h3		MP:0011100		Gtf2h3<em1(IMPC)J>	50234277	HGNC:4657	GTF2H3	
MGI:1202722	Gtf2i		Gtf2i		MP:0011101		Gtf2i<tm1Vcam>	50234278	HGNC:4659	GTF2I	
MGI:107887	Gtf3c1		Gtf3c1		MP:0011100		Gtf3c1<em1(IMPC)Bay>	50234280	HGNC:4664	GTF3C1	
MGI:1916487	Gtpbp4		Gtpbp4		MP:0011100		Gtpbp4<em1(IMPC)Tcp>	50221865	HGNC:21535	GTPBP4	
MGI:106903	Gucy2c		Gucy2c		MP:0001260		Gucy2c<tm1Gar>	50222765	HGNC:4688	GUCY2C	
MGI:95871	Guk1		Guk1		MP:0011100		Guk1<em1(IMPC)J>	50222766	HGNC:4693	GUK1	
MGI:2684933	Gxylt1		Gxylt1		MP:0011100		Gxylt1<em1(IMPC)Bay>	50222647	HGNC:27482	GXYLT1	
MGI:1351614	Gyg1		Gyg1		MP:0011100		Gyg1<tm1b(KOMP)Wtsi>	50221236	HGNC:4699	GYG1	
MGI:101805	Gys1		Gys1		MP:0011100		Gys1<em1(IMPC)Bay>	50230859	HGNC:4706	GYS1	
MGI:95891	H19		H19		MP:0001260		H19<+>|H19<tm1Lda>|H19<tm1Lda>|H19<tm1Tilg>|H19<+>	50234290	HGNC:4713	H19	
MGI:1888388	H2az1		H2az1		MP:0011100		H2az1<em1(IMPC)J>	50222777	HGNC:4741	H2AZ1	
MGI:1353592	Hacd1		Hacd1		MP:0011100		Hacd1<em1(IMPC)Mbp>	50232902	HGNC:9639	HACD1	
MGI:1261831	Hap1		Hap1		MP:0011100		Hap1<tm1b(KOMP)Wtsi>	50227472	HGNC:4812	HAP1	
MGI:1337006	Hapln1		Hapln1		MP:0011100		Hapln1<tm1.1(KOMP)Mbp>	50219195	HGNC:2380	HAPLN1	
MGI:1918041	Hars2		Hars2		MP:0011100		Hars2<em1(IMPC)J>	50223479	HGNC:4817	HARS2	
MGI:96013	Hat1		Hat1		MP:0011101		Hat1<tm1.1Mrpa>	50231445	HGNC:4821	HAT1	
MGI:2387633	Haus3		Haus3		MP:0008762		Haus3<L5Jcs31>	50225370	HGNC:28719	HAUS3	
MGI:1261794	Haus4		Haus4		MP:0011100		Haus4<em1(IMPC)J>	50231450	HGNC:20163	HAUS4	
MGI:3039605	Timd6		Timd6		MP:0011100		Timd6<tm1b(KOMP)Wtsi>	50234325	HGNC:17866	HAVCR1	
MGI:96019	Hba-x		Hba-x		MP:0011101		Hba-x<tm1Led>	50217107	HGNC:4835	HBZ	
MGI:108086	Hdac1		Hdac1		MP:0011100,MP:0011101		Hdac1<tm1Sei>|Hdac1<+>|Hdac1<tm1b(EUCOMM)Wtsi>	50218974	HGNC:4852	HDAC1	
MGI:1097691	Hdac2		Hdac2		MP:0011100,MP:0011101		Hdac2<Gt(W035F03)Joe>|Hdac2<em1(IMPC)Kmpc>|Hdac2<tm1.2Rdp>	50234330	HGNC:4853	HDAC2	
MGI:1343091	Hdac3		Hdac3		MP:0011100		Hdac3<tm1a(EUCOMM)Wtsi>	50230680	HGNC:4854	HDAC3	
MGI:1333752	Hdac6		Hdac6		MP:0001260		Hdac6<tm1.1Pmt>	50228960	HGNC:14064	HDAC6	
MGI:1194493	Hdgfl1		Hdgfl1		MP:0011100		Hdgfl1<em1(IMPC)Tcp>	50234332	HGNC:21095	HDGFL1	
MGI:99256	Hdlbp		Hdlbp		MP:0011100		Hdlbp<em1(IMPC)H>	50218453	HGNC:4857	HDLBP	
MGI:106209	Hells		Hells		MP:0011100		Hells<tm1b(EUCOMM)Wtsi>	50218478	HGNC:4861	HELLS	
MGI:96071	Hesx1		Hesx1		MP:0011100		Hesx1<em1(IMPC)J>	50217372	HGNC:4877	HESX1	
MGI:109191	Hfe		Hfe		MP:0001260		Hfe<tm1.1Jrco>|Hfe<tm1Gfn>	50231304	HGNC:4886	HFE	
MGI:104681	Hgs		Hgs		MP:0011100		Hgs<tm1b(EUCOMM)Wtsi>	50221890	HGNC:4897	HGS	
MGI:2444681	Hhat		Hhat		MP:0011100		Hhat<em1(IMPC)Ccpcz>	50234337	HGNC:18270	HHAT	
MGI:1923792	Hibch		Hibch		MP:0011100		Hibch<em1(IMPC)Tcp>	50229731	HGNC:4908	HIBCH	
MGI:1929869	Hic2		Hic2		MP:0010770,MP:0011101		Hic2<+>|Hic2<Gt(RRN127)Byg>	50222959	HGNC:18595	HIC2	
MGI:106918	Hif1a		Hif1a		MP:0011101		Hif1a<tm1.1Mcs>|Hif1a<+>	50222852	HGNC:4910	HIF1A	
MGI:96738	Hikeshi		Hikeshi		MP:0011100,MP:0011101		Hikeshi<1R>|Hikeshi<em1(IMPC)Rbrc>	50229616	HGNC:26938	HIKESHI	
MGI:1916167	Hint2		Hint2		MP:0001260		Hint2<tm1.1Geno>	50227701	HGNC:18344	HINT2	
MGI:2384910	Hkdc1		Hkdc1		MP:0011100		Hkdc1<tm1a(KOMP)Wtsi>	50218325	HGNC:23302	HKDC1	
MGI:894646	Hlcs		Hlcs		MP:0011100		Hlcs<em1(IMPC)J>	50220190	HGNC:4976	HLCS	
MGI:95886	H13		H13		MP:0011100		H13<tm1b(KOMP)Wtsi>	50218218	HGNC:16435	HM13	
MGI:96112	Hmbs		Hmbs		MP:0011100		Hmbs<tm1b(EUCOMM)Hmgu>	50222864	HGNC:4982	HMBS	
MGI:1914117	Hmg20a		Hmg20a		MP:0011100		Hmg20a<em1(IMPC)J>	50221747	HGNC:5001	HMG20A	
MGI:107592	Hmgcs1		Hmgcs1		MP:0011100		Hmgcs1<em1(IMPC)J>	50230765	HGNC:5007	HMGCS1	
MGI:96163	Hmox1		Hmox1		MP:0011100,MP:0011101		Hmox1<em1(IMPC)Mbp>|Hmox1<tm1Poss>	50221338	HGNC:5013	HMOX1	
MGI:98504	Hnf1a		Hnf1a		MP:0011101		Hnf1a<tm1.1Ylee>|Hnf1a<tm1Mya>|Hnf1a<tm2Mya>	50217254	HGNC:11621	HNF1A	
MGI:109128	Hnf4a		Hnf4a		MP:0011100		Hnf4a<tm1.2Gonz>|Hnf4a<tm1Gonz>	50220903	HGNC:5024	HNF4A	
MGI:1353604	Hnf4g		Hnf4g		MP:0001260		Hnf4g<tm1Dgen>	50224723	HGNC:5026	HNF4G	
MGI:104820	Hnrnpa1		Hnrnpa1		MP:0011101		Hnrnpa1<tm1.1Cyf>	50222923	HGNC:5031	HNRNPA1	
MGI:104820	Hnrnpa1		Hnrnpa1		MP:0011101		Hnrnpa1<tm1.1Cyf>	50222923	HGNC:27067	HNRNPA1L2	
MGI:104820	Hnrnpa1		Hnrnpa1		MP:0011101		Hnrnpa1<tm1.1Cyf>	50222923	HGNC:48778	HNRNPA1L3	
MGI:107795	Hnrnpc		Hnrnpc		MP:0011100		Hnrnpc<tm1b(EUCOMM)Hmgu>	50220896	HGNC:5035	HNRNPC	
MGI:107795	Hnrnpc		Hnrnpc		MP:0011100		Hnrnpc<tm1b(EUCOMM)Hmgu>	50220896	HGNC:29295	HNRNPCL1	
MGI:107795	Hnrnpc		Hnrnpc		MP:0011100		Hnrnpc<tm1b(EUCOMM)Hmgu>	50220896	HGNC:48813	HNRNPCL2	
MGI:107795	Hnrnpc		Hnrnpc		MP:0011100		Hnrnpc<tm1b(EUCOMM)Hmgu>	50220896	HGNC:51333	HNRNPCL4	
MGI:1891925	Hnrnph1		Hnrnph1		MP:0011100		Hnrnph1<tm1b(KOMP)Wtsi>	50220744	HGNC:5041	HNRNPH1	
MGI:1201779	Hnrnph2		Hnrnph2		MP:0011101		Hnrnph2<em1Jpat>	50220743	HGNC:5042	HNRNPH2	
MGI:1921013	Hoatz		Hoatz		MP:0011069		Hoatz<em1Seta>	50227460	HGNC:25061	HOATZ	
MGI:96174	Hoxa2		Hoxa2		MP:0011100		Hoxa2<tm1b(EUCOMM)Wtsi>	50220249	HGNC:5103	HOXA2	
MGI:96185	Hoxb4		Hoxb4		MP:0011101		Hoxb4<tm1Bay>	50220253	HGNC:5115	HOXB4	
MGI:108085	Hpgd		Hpgd		MP:0011100		Hpgd<tm1b(EUCOMM)Hmgu>	50231112	HGNC:5154	HPGD	
MGI:96217	Hprt1		Hprt1		MP:0001260		Hprt1<tm1Detl>	50223020	HGNC:5157	HPRT1	
MGI:96223	Hr		Hr		MP:0001260		Hr<rh>	50234366	HGNC:5172	HR	
MGI:107619	Hrh1		Hrh1		MP:0001260		Hrh1<tm1Wtn>	50232112	HGNC:5182	HRH1	
MGI:1354958	Hs6st1		Hs6st1		MP:0011101		Hs6st1<tm1.1Wvc>	50217040	HGNC:5201	HS6ST1	
MGI:107177	Hsd17b3		Hsd17b3		MP:0001260		Hsd17b3<tm1.2Mpo>	50230896	HGNC:5212	HSD17B3	
MGI:96238	Hsf1		Hsf1		MP:0011101		Hsf1<tm1Ijb>	50222971	HGNC:5224	HSF1	
MGI:96239	Hsf2		Hsf2		MP:0011101		Hsf2<tm1Miv>	50229323	HGNC:5225	HSF2	
MGI:1921627	Hsf2bp		Hsf2bp		MP:0001260,MP:0011101		Hsf2bp<em1Roka>|Hsf2bp<tm1a(EUCOMM)Hmgu>	50220962	HGNC:5226	HSF2BP	
MGI:95835	Hspa5		Hspa5		MP:0011100		Hspa5<tm1.1(KOMP)Vlcg>	50217742	HGNC:5238	HSPA5	
MGI:96242	Hspd1		Hspd1		MP:0011100		Hspd1<em1(IMPC)J>	50218586	HGNC:5261	HSPD1	
MGI:96274	Htr1b		Htr1b		MP:0001260		Htr1b<tm1Rhn>	50230605	HGNC:5287	HTR1B	
MGI:96281	Htr2c		Htr2c		MP:0001260		Htr2c<tm1Jul>	50225720	HGNC:5295	HTR2C	
MGI:96067	Htt		Htt		MP:0011100,MP:0011101		Htt<em1(IMPC)H>|Htt<tm5Detl>|Htt<+>|Htt<tm8Mem>	50220250	HGNC:4851	HTT	
MGI:2389007	Hydin		Hydin		MP:0011069		Hydin<hy3-Tg(Bdnf)459Ove>	50226462	HGNC:19368	HYDIN	
MGI:1924082	Hyls1		Hyls1		MP:0011100		Hyls1<em1(IMPC)Tcp>	50227335	HGNC:26558	HYLS1	
MGI:96382	Iapp		Iapp		MP:0001260		Iapp<tm1Sgm>	50234379	HGNC:5329	IAPP	
MGI:1919586	Iars2		Iars2		MP:0011100		Iars2<em1(IMPC)Tcp>	50234380	HGNC:29685	IARS2	
MGI:96392	Icam1		Icam1		MP:0001260		Icam1<tm1Bay>	50226398	HGNC:5344	ICAM1	
MGI:96397	Id2		Id2		MP:0008024		Id2<tm1Ago>|Id2<tm1Yyk>	50218282	HGNC:5361	ID2	
MGI:1915084	Idh3a		Idh3a		MP:0011100		Idh3a<em1(IMPC)Kmpc>	50230744	HGNC:5384	IDH3A	
MGI:2442264	Idi1		Idi1		MP:0011100		Idi1<tm1b(EUCOMM)Hmgu>	50229910	HGNC:5387	IDI1	
MGI:96418	Idua		Idua		MP:0001260		Idua<tm1Clk>	50225881	HGNC:5391	IDUA	
MGI:1913441	Ier3ip1		Ier3ip1		MP:0011100		Ier3ip1<em1(IMPC)J>	50222979	HGNC:18550	IER3IP1	
MGI:3780953	Mndal		Mndal		MP:0011100		Mndal<em1(IMPC)Bay>|Mndal<em1(IMPC)Wtsi>	50234390	HGNC:5395	IFI16	
MGI:1934923	Ifitm5		Ifitm5		MP:0011101		Ifitm5<tm1Nha>	50217779	HGNC:16644	IFITM5	
MGI:107656	Ifng		Ifng		MP:0011100		Ifng<tm1.1(KOMP)Vlcg>	50223143	HGNC:5438	IFNG	
MGI:2682064	Ift172		Ift172		MP:0011100		Ift172<tm2b(EUCOMM)Hmgu>	50224194	HGNC:30391	IFT172	
MGI:1920188	Ift25		Ift25		MP:0011100		Ift25<tm1a(EUCOMM)Wtsi>	50234396	HGNC:25019	IFT25	
MGI:1923661	Ift43		Ift43		MP:0011100		Ift43<tm1b(EUCOMM)Hmgu>	50234397	HGNC:29669	IFT43	
MGI:2387217	Ift52		Ift52		MP:0011100		Ift52<em1(IMPC)Bay>	50231834	HGNC:15901	IFT52	
MGI:2444853	Ift56		Ift56		MP:0011100,MP:0011101		Ift56<em1(IMPC)J>|Ift56<hop>	50223634	HGNC:21882	IFT56	
MGI:1098597	Ift81		Ift81		MP:0011100		Ift81<tm1b(EUCOMM)Wtsi>	50218842	HGNC:14313	IFT81	
MGI:98715	Ift88		Ift88		MP:0011100		Ift88<tm1.1(KOMP)Vlcg>	50220809	HGNC:20606	IFT88	
MGI:96432	Igf1		Igf1		MP:0011101		Igf1<tm1.1Dlr>	50223145	HGNC:5464	IGF1	
MGI:1890357	Igf2bp1		Igf2bp1		MP:0011100		Igf2bp1<em1(IMPC)J>	50221118	HGNC:28866	IGF2BP1	
MGI:96435	Igf2r		Igf2r		MP:0001260		Igf2r<+>|Igf2r<tm1.1(IGF2R)Arte>	50218991	HGNC:5467	IGF2R	
MGI:96438	Igfbp3		Igfbp3		MP:0001260		Igfbp3<tm1Lex>	50223148	HGNC:5472	IGFBP3	
MGI:99954	Ighmbp2		Ighmbp2		MP:0011100		Ighmbp2<em1(IMPC)Tcp>	50223153	HGNC:5542	IGHMBP2	
MGI:2147913	Igsf1		Igsf1		MP:0001260		Igsf1<tm1Zuk>	50234470	HGNC:5948	IGSF1	
MGI:1345142	Ik		Ik		MP:0011100		Ik<em2(IMPC)Kmpc>	50228795	HGNC:5958	IK	
MGI:1338071	Ikbkb		Ikbkb		MP:0001260		Ikbkb<+>|Ikbkb<tm1a(EUCOMM)Wtsi>	50223239	HGNC:5960	IKBKB	
MGI:1338074	Ikbkg		Ikbkg		MP:0011100		Ikbkg<tm1.1Dwat>	50222046	HGNC:5961	IKBKG	
MGI:1342541	Ikzf2		Ikzf2		MP:0011100		Ikzf2<tm1Kast>	50227942	HGNC:13177	IKZF2	
MGI:96545	Il1r1		Il1r1		MP:0001260		Il1r1<tm1Imx>	50234484	HGNC:5993	IL1R1	
MGI:96557	Il5		Il5		MP:0001260		Il5<tm1Kopf>	50234503	HGNC:6016	IL5	
MGI:96560	Il6st		Il6st		MP:0011100		Il6st<tm1b(KOMP)Mbp>	50222688	HGNC:6021	IL6ST	
MGI:96561	Il7		Il7		MP:0008024		Il7<tm1Dnax>	50234505	HGNC:6023	IL7	
MGI:1915031	Ilf2		Ilf2		MP:0008762		Ilf2<tm1Pnk>	50228756	HGNC:6037	ILF2	
MGI:1195267	Ilk		Ilk		MP:0011100		Ilk<tm1.1(KOMP)Vlcg>	50224212	HGNC:6040	ILK	
MGI:96570	Inhba		Inhba		MP:0001260		Inhba<tm1Zuk>|Inhba<+>	50217181	HGNC:6066	INHBA	
MGI:1915392	Ino80		Ino80		MP:0011100		Ino80<tm1.1Schg>|Ino80<tm1a(EUCOMM)Hmgu>	50226456	HGNC:26956	INO80	
MGI:1917270	Ino80b		Ino80b		MP:0011100		Ino80b<tm1.1(KOMP)Mbp>	50230127	HGNC:13324	INO80B	
MGI:2443014	Ino80c		Ino80c		MP:0011100		Ino80c<em1(IMPC)J>	50222182	HGNC:26994	INO80C	
MGI:2141881	Ino80e		Ino80e		MP:0001260		Ino80e<tm1a(EUCOMM)Wtsi>|Ino80e<+>	50226882	HGNC:26905	INO80E	
MGI:104848	Inpp1		Inpp1		MP:0001260		Inpp1<tm1a(KOMP)Wtsi>	50232858	HGNC:6071	INPP1	
MGI:2686961	Inpp5a		Inpp5a		MP:0011100		Inpp5a<Gt(OST50073)Lex>|Inpp5a<em1(IMPC)Tcp>	50234514	HGNC:6076	INPP5A	
MGI:1927753	Inpp5e		Inpp5e		MP:0011100		Inpp5e<tm1.1(KOMP)Vlcg>	50223834	HGNC:21474	INPP5E	
MGI:1194899	Inpp5k		Inpp5k		MP:0011100		Inpp5k<em1(IMPC)H>	50223984	HGNC:33882	INPP5K	
MGI:1918135	Ints10		Ints10		MP:0011100		Ints10<tm1b(KOMP)Wtsi>	50221358	HGNC:25548	INTS10	
MGI:1919207	Ints11		Ints11		MP:0011100		Ints11<tm2b(EUCOMM)Wtsi>	50219142	HGNC:26052	INTS11	
MGI:1919043	Ints12		Ints12		MP:0011100		Ints12<tm1a(EUCOMM)Wtsi>|Ints12<tm1b(EUCOMM)Wtsi>	50229135	HGNC:25067	INTS12	
MGI:1917672	Ints2		Ints2		MP:0011100		Ints2<tm1a(KOMP)Wtsi>	50229595	HGNC:29241	INTS2	
MGI:2140050	Ints3		Ints3		MP:0011100		Ints3<em1(IMPC)J>	50227453	HGNC:26153	INTS3	
MGI:1924315	Ints7		Ints7		MP:0011100		Ints7<em1(IMPC)J>	50218972	HGNC:24484	INTS7	
MGI:1919906	Ints8		Ints8		MP:0011100		Ints8<em1(IMPC)Tcp>	50229742	HGNC:26048	INTS8	
MGI:1098533	Ints9		Ints9		MP:0011100		Ints9<tm1b(KOMP)Wtsi>	50223663	HGNC:25592	INTS9	
MGI:1335082	Invs		Invs		MP:0011100		Invs<em1(IMPC)Bay>	50229101	HGNC:17870	INVS	
MGI:2442377	Ipo11		Ipo11		MP:0011100		Ipo11<tm1.1(KOMP)Vlcg>	50231287	HGNC:20628	IPO11	
MGI:2385205	Ipo13		Ipo13		MP:0011100		Ipo13<Gt(XS0873)Wtsi>	50223993	HGNC:16853	IPO13	
MGI:1923001	Ipo4		Ipo4		MP:0011100		Ipo4<em1(IMPC)J>	50226162	HGNC:19426	IPO4	
MGI:2152414	Ipo7		Ipo7		MP:0011100		Ipo7<em1(IMPC)Mbp>	50220785	HGNC:9852	IPO7	
MGI:1918944	Ipo9		Ipo9		MP:0011100		Ipo9<em1(IMPC)Bay>	50228944	HGNC:19425	IPO9	
MGI:1922928	Ippk		Ippk		MP:0011100		Ippk<tm1b(KOMP)Wtsi>	50223991	HGNC:14645	IPPK	
MGI:1350924	Irf5		Irf5		MP:0011100		Irf5<em1(IMPC)Bay>	50223880	HGNC:6120	IRF5	
MGI:99454	Irs1		Irs1		MP:0011100		Irs1<em1(IMPC)H>	50220862	HGNC:6125	IRS1	
MGI:1197515	Irx1		Irx1		MP:0011100		Irx1<tm1.1(KOMP)Vlcg>	50224004	HGNC:14358	IRX1	
MGI:1916296	Isca1		Isca1		MP:0011100		Isca1<tm1b(KOMP)Wtsi>	50224301	HGNC:28660	ISCA1	
MGI:101791	Isl1		Isl1		MP:0011100		Isl1<tm1.2Whk>	50224012	HGNC:6132	ISL1	
MGI:1919205	Ist1		Ist1		MP:0011100		Ist1<em1(IMPC)J>	50220725	HGNC:28977	IST1	
MGI:1923310	Isy1		Isy1		MP:0011100		Isy1<em1(IMPC)J>	50223940	HGNC:29201	ISY1	
MGI:1923310	Isy1		Isy1		MP:0011100		Isy1<em1(IMPC)J>	50223940	HGNC:42969	ISY1-RAB43	
MGI:1919030	Isyna1		Isyna1		MP:0002080		Isyna1<em1(IMPC)Bay>	50234537	HGNC:29821	ISYNA1	
MGI:96602	Itga3		Itga3		MP:0011100		Itga3<em1(IMPC)Mbp>	50217646	HGNC:6139	ITGA3	
MGI:102700	Itga7		Itga7		MP:0011101		Itga7<tm1Burk>	50232099	HGNC:6143	ITGA7	
MGI:96610	Itgb1		Itgb1		MP:0011100		Itgb1<em1(IMPC)Bay>|Itgb1<tm5.1Ref>	50217706	HGNC:6153	ITGB1	
MGI:1338035	Itgb8		Itgb8		MP:0011100		Itgb8<tm1b(KOMP)Wtsi>	50223445	HGNC:6163	ITGB8	
MGI:96622	Itpa		Itpa		MP:0011101		Itpa<tm1Skmi>	50226767	HGNC:6176	ITPA	
MGI:96623	Itpr1		Itpr1		MP:0011101		Itpr1<tm1Tno>	50224025	HGNC:6180	ITPR1	
MGI:96624	Itpr3		Itpr3		MP:0001260		Itpr3<tf>	50227057	HGNC:6182	ITPR3	
MGI:1929242	Ivd		Ivd		MP:0011100		Ivd<tm1b(EUCOMM)Hmgu>	50225405	HGNC:6186	IVD	
MGI:1920723	Iws1		Iws1		MP:0011100		Iws1<em1(IMPC)J>	50234545	HGNC:25467	IWS1	
MGI:1098270	Jag2		Jag2		MP:0011100		Jag2<tm1b(KOMP)Wtsi>	50224029	HGNC:6189	JAG2	
MGI:99928	Jak3		Jak3		MP:0008024		Jak3<tm1Ljb>|Jak3<tm1Tks>	50225479	HGNC:6193	JAK3	
MGI:1933825	Jam3		Jam3		MP:0011101		Jam3<tm1.2Chav>	50224031	HGNC:15532	JAM3	
MGI:104813	Jarid2		Jarid2		MP:0002080		Jarid2<Gt(pGT1.8geo)6Pgr>	50224032	HGNC:6196	JARID2	
MGI:1858910	Jmjd6		Jmjd6		MP:0011100,MP:0011101		Jmjd6<tm1Gbf>|Jmjd6<tm1b(EUCOMM)Wtsi>	50224040	HGNC:19355	JMJD6	
MGI:1346082	Jtb		Jtb		MP:0011100		Jtb<tm1b(EUCOMM)Hmgu>	50226118	HGNC:6201	JTB	
MGI:96646	Jun		Jun		MP:0011100		Jun<em1(IMPC)Mbp>	50219002	HGNC:6204	JUN	
MGI:96647	Junb		Junb		MP:0011100		Junb<tm1b(EUCOMM)Hmgu>	50224046	HGNC:6205	JUNB	
MGI:96650	Jup		Jup		MP:0008762,MP:0011100		Jup<tm1.1(KOMP)Vlcg>|Jup<tm1.2Glr>	50218556	HGNC:6207	JUP	
MGI:1918055	Kansl3		Kansl3		MP:0011100		Kansl3<em1(IMPC)J>	50220839	HGNC:25473	KANSL3	
MGI:1934754	Kars1		Kars1		MP:0011100		Kars1<tm2b(EUCOMM)Hmgu>	50218426	HGNC:6215	KARS1	
MGI:1932051	Kat5		Kat5		MP:0011100		Kat5<tm1.1(KOMP)Vlcg>	50222982	HGNC:5275	KAT5	
MGI:1915023	Kat8		Kat8		MP:0011100		Kat8<em1(IMPC)Mbp>	50224552	HGNC:17933	KAT8	
MGI:2387638	Katnal1		Katnal1		MP:0011100		Katnal1<em1(IMPC)Tcp>	50229461	HGNC:28361	KATNAL1	
MGI:1921437	Katnb1		Katnb1		MP:0011100		Katnb1<tm1b(EUCOMM)Hmgu>	50229198	HGNC:6217	KATNB1	
MGI:1921742	Kbtbd13		Kbtbd13		MP:0001260		Kbtbd13<em1Coeo>	50224051	HGNC:37227	KBTBD13	
MGI:3037820	Kcna10		Kcna10		MP:0011100		Kcna10<em3(IMPC)Mbp>	50224054	HGNC:6219	KCNA10	
MGI:96659	Kcna2		Kcna2		MP:0011100		Kcna2<em1(IMPC)H>	50230540	HGNC:6220	KCNA2	
MGI:1194504	Kcnj10		Kcnj10		MP:0011100		Kcnj10<tm1b(KOMP)Wtsi>	50224109	HGNC:6256	KCNJ10	
MGI:3781032	Kcnj13		Kcnj13		MP:0011100		Kcnj13<tm1b(KOMP)Wtsi>	50224028	HGNC:6259	KCNJ13	
MGI:1336175	Kcnk5		Kcnk5		MP:0011101		Kcnk5<Gt(pGT1.8TM)1Gray>	50217324	HGNC:6280	KCNK5	
MGI:2153182	Kcnn2		Kcnn2		MP:0011101		Kcnn2<bc-6J>	50227634	HGNC:6291	KCNN2	
MGI:1309503	Kcnq2		Kcnq2		MP:0011101		Kcnq2<tm1.1Naas>	50230485	HGNC:6296	KCNQ2	
MGI:1336181	Kcnq3		Kcnq3		MP:0011101		Kcnq3<tm1.1Naas>	50226668	HGNC:6297	KCNQ3	
MGI:1924937	Kcnq5		Kcnq5		MP:0011101		Kcnq5<tm1.1Tjj>	50224078	HGNC:6299	KCNQ5	
MGI:2385276	Kctd15		Kctd15		MP:0011100		Kctd15<tm1b(EUCOMM)Wtsi>	50220299	HGNC:23297	KCTD15	
MGI:2444629	Kctd3		Kctd3		MP:0011100		Kctd3<em1(IMPC)Tcp>	50234584	HGNC:21305	KCTD3	
MGI:1916509	Kctd5		Kctd5		MP:0011100		Kctd5<em1(IMPC)J>	50220836	HGNC:21423	KCTD5	
MGI:1196256	Kdm1a		Kdm1a		MP:0011100		Kdm1a<tm1(NCOM)Mfgc>	50217411	HGNC:29079	KDM1A	
MGI:1924054	Kdm4c		Kdm4c		MP:0011101		Kdm4c<tm1d(KOMP)Wtsi>	50224037	HGNC:17071	KDM4C	
MGI:99781	Kdm5c		Kdm5c		MP:0011100		Kdm5c<tm1d(EUCOMM)Hmgu>	50223917	HGNC:11114	KDM5C	
MGI:1095419	Kdm6a		Kdm6a		MP:0011101		Kdm6a<tm1.2Afst>	50228406	HGNC:12637	KDM6A	
MGI:1924285	Kdm8		Kdm8		MP:0001260,MP:0002080,MP:0011100		Kdm8<+>|Kdm8<tm1a(EUCOMM)Wtsi>|Kdm8<tm1Tasu>|Kdm8<tm1b(EUCOMM)Wtsi>	50224039	HGNC:25840	KDM8	
MGI:1913378	Mrps36		Mrps36		MP:0011100		Mrps36<em1(IMPC)Bay>	50224493	HGNC:16631	KGD4	
MGI:1924730	Kidins220		Kidins220		MP:0008762		Kidins220<tm1.1Mvc>	50222065	HGNC:29508	KIDINS220	
MGI:2446979	Kif18b		Kif18b		MP:0011100		Kif18b<tm1a(EUCOMM)Wtsi>	50234603	HGNC:27102	KIF18B	
MGI:108391	Kif1a		Kif1a		MP:0011101		Kif1a<lgdg>	50227409	HGNC:888	KIF1A	
MGI:108426	Kif1b		Kif1b		MP:0008762,MP:0011100		Kif1b<Gt(XC445)Byg>|Kif1b<tm1b(KOMP)Wtsi>	50228392	HGNC:16636	KIF1B	
MGI:1201682	Kif20a		Kif20a		MP:0011100		Kif20a<tm1b(EUCOMM)Hmgu>	50229158	HGNC:9787	KIF20A	
MGI:109188	Kif21a		Kif21a		MP:0011100		Kif21a<tm1b(EUCOMM)Hmgu>	50225715	HGNC:19349	KIF21A	
MGI:2447076	Kif26b		Kif26b		MP:0011100		Kif26b<tm2b(KOMP)Wtsi>	50224102	HGNC:25484	KIF26B	
MGI:2686151	Kif28		Kif28		MP:0011100		Kif28<em1(IMPC)Hmgu>	50227930	HGNC:49205	KIF28P	
MGI:108390	Kif2a		Kif2a		MP:0011100		Kif2a<em1(IMPC)Mbp>	50222152	HGNC:6318	KIF2A	
MGI:1921054	Kif2c		Kif2c		MP:0011100		Kif2c<tm1.1(KOMP)Vlcg>	50226658	HGNC:6393	KIF2C	
MGI:107688	Kif3b		Kif3b		MP:0011100		Kif3b<tm1b(EUCOMM)Wtsi>	50230421	HGNC:6320	KIF3B	
MGI:107979	Kif3c		Kif3c		MP:0011100		Kif3c<tm1.1(KOMP)Vlcg>	50224103	HGNC:6321	KIF3C	
MGI:109564	Kif5a		Kif5a		MP:0011100		Kif5a<tm1b(EUCOMM)Wtsi>	50224104	HGNC:6323	KIF5A	
MGI:1098268	Kif5b		Kif5b		MP:0011100		Kif5b<tm1.1Njen>	50226025	HGNC:6324	KIF5B	
MGI:107566	Kifap3		Kifap3		MP:0011100		Kifap3<tm1a(KOMP)Wtsi>	50221141	HGNC:17060	KIFAP3	
MGI:1919570	Kifbp		Kifbp		MP:0011100		Kifbp<tm1a(KOMP)Wtsi>	50221496	HGNC:23419	KIFBP	
MGI:96676	Kin		Kin		MP:0011100		Kin<em1(IMPC)J>	50221445	HGNC:6327	KIN	
MGI:1891396	Kirrel1		Kirrel1		MP:0011100		Kirrel1<em1(IMPC)Mbp>	50224112	HGNC:15734	KIRREL1	
MGI:96677	Kit		Kit		MP:0002080,MP:0011101		Kit<W-34J>|Kit<W-35J>|Kit<W-36H>|Kit<W-36J>|Kit<W-37J>|Kit<W-38J>|Kit<W-38J>|Kit<W-39J>|Kit<W-39J>|Kit<W-39J>|Kit<W-34J>|Kit<W-39J>|Kit<W-37J>|Kit<W-39J>|Kit<W-40J>|Kit<W-40J>|Kit<W-41J>|Kit<W-39J>|Kit<W-42J>|Kit<W-39J>|Kit<W-43J>|Kit<W-39J>|Kit<W-73J>|Kit<W-ct>|Kit<W>	50219009	HGNC:6342	KIT	
MGI:96974	Kitl		Kitl		MP:0008762,MP:0011101		Kitl<Sl-18H>|Kitl<Sl-22R>|Kitl<Sl-28R>|Kitl<Sl-31H>|Kitl<Sl-31R>|Kitl<Sl-42R>|Kitl<Sl-gb>	50224115	HGNC:6343	KITLG	
MGI:1346318	Klf6		Klf6		MP:0001260		Klf6<tm1Fdmn>|Klf6<+>	50218430	HGNC:2235	KLF6	
MGI:1935151	Klf7		Klf7		MP:0011100		Klf7<tm1b(EUCOMM)Hmgu>	50224123	HGNC:6350	KLF7	
MGI:1916804	Klhdc2		Klhdc2		MP:0001260,MP:0011100		Klhdc2<+>|Klhdc2<tm1a(EUCOMM)Hmgu>|Klhdc2<tm1b(EUCOMM)Hmgu>	50230377	HGNC:20231	KLHDC2	
MGI:1921249	Klhl14		Klhl14		MP:0011100		Klhl14<tm1.1Jyw>	50227832	HGNC:29266	KLHL14	
MGI:96995	Kmt2a		Kmt2a		MP:0002080		Kmt2a<tm2(MLLT3)Thr>	50223744	HGNC:7132	KMT2A	
MGI:2444557	Kmt5b		Kmt5b		MP:0011101		Kmt5b<tm1.1Jnw>	50228051	HGNC:24283	KMT5B	
MGI:1923714	Knl1		Knl1		MP:0008762,MP:0011100		Knl1<m1Anu>|Knl1<tm1b(EUCOMM)Hmgu>	50218041	HGNC:24054	KNL1	
MGI:103561	Kpna2		Kpna2		MP:0011101		Kpna2<em1Alfon>	50222887	HGNC:6395	KPNA2	
MGI:1100836	Kpna6		Kpna6		MP:0011101		Kpna6<Gt(AJ0609)Wtsi>|Kpna6<tm1Bdr>	50231536	HGNC:6399	KPNA6	
MGI:1890380	Kptn		Kptn		MP:0001260		Kptn<tm1a(EUCOMM)Wtsi>	50228921	HGNC:6404	KPTN	
MGI:2384899	Kri1		Kri1		MP:0011100		Kri1<em1(IMPC)J>	50222392	HGNC:25769	KRI1	
MGI:1930618	Krit1		Krit1		MP:0011100		Krit1<tm1.1(KOMP)Vlcg>	50218760	HGNC:1573	KRIT1	
MGI:96688	Krt14		Krt14		MP:0011100		Krt14<tm1.1(KOMP)Vlcg>	50218121	HGNC:6416	KRT14	
MGI:96702	Krt5		Krt5		MP:0011100		Krt5<tm1.1(KOMP)Vlcg>	50219007	HGNC:6442	KRT5	
MGI:96705	Krt8		Krt8		MP:0011100		Krt8<tm1b(EUCOMM)Hmgu>	50218180	HGNC:6446	KRT8	
MGI:3045312	Krt90		Krt90		MP:0011101		Krt90<whnl>	50218179	HGNC:30195	KRT90P	
MGI:3610315	Ksr2		Ksr2		MP:0001260		Ksr2<m1Btlr>	50222128	HGNC:18610	KSR2	
MGI:1923547	Kti12		Kti12		MP:0011100		Kti12<tm1.1(KOMP)Vlcg>	50227640	HGNC:25160	KTI12	
MGI:96721	L1cam		L1cam		MP:0011101		L1cam<tm1.1Vlem>|L1cam<tm1Sor>	50224145	HGNC:6470	L1CAM	
MGI:2443584	L3mbtl2		L3mbtl2		MP:0011100		L3mbtl2<tm2a(EUCOMM)Wtsi>	50223498	HGNC:18594	L3MBTL2	
MGI:2143628	L3mbtl3		L3mbtl3		MP:0011100		L3mbtl3<em2(IMPC)Tcp>	50218882	HGNC:23035	L3MBTL3	
MGI:99892	Lama1		Lama1		MP:0011100		Lama1<tm2b(EUCOMM)Hmgu>	50217660	HGNC:6481	LAMA1	
MGI:105382	Lama5		Lama5		MP:0011100		Lama5<tm1b(KOMP)Wtsi>	50218348	HGNC:6485	LAMA5	
MGI:96743	Lamb1		Lamb1		MP:0011100		Lamb1<em1(IMPC)Bay>	50218632	HGNC:6486	LAMB1	
MGI:1913758	Lamtor1		Lamtor1		MP:0011100		Lamtor1<tm1b(KOMP)Wtsi>	50232792	HGNC:26068	LAMTOR1	
MGI:1929467	Lamtor3		Lamtor3		MP:0011100		Lamtor3<em1(IMPC)Hmgu>	50224322	HGNC:15606	LAMTOR3	
MGI:1913346	Lamtor4		Lamtor4		MP:0011100		Lamtor4<em1(IMPC)Ccpcz>	50222010	HGNC:33772	LAMTOR4	
MGI:1915826	Lamtor5		Lamtor5		MP:0011100		Lamtor5<tm1b(EUCOMM)Hmgu>	50222816	HGNC:17955	LAMTOR5	
MGI:1890494	Laptm4b		Laptm4b		MP:0011100		Laptm4b<tm1e.1(KOMP)Wtsi>	50221698	HGNC:13646	LAPTM4B	
MGI:1890165	Larp1		Larp1		MP:0011100		Larp1<em1(IMPC)Mbp>	50228888	HGNC:29531	LARP1	
MGI:1913808	Lars1		Lars1		MP:0011100		Lars1<tm1b(KOMP)Wtsi>	50218484	HGNC:6512	LARS1	
MGI:1333883	Lats1		Lats1		MP:0011101		Lats1<tm1Noj>	50227110	HGNC:6514	LATS1	
MGI:2138281	Lbr		Lbr		MP:0002080,MP:0011101		Lbr<Gt(XE569)Byg>|Lbr<ic-2J>|Lbr<ic-3J>|Lbr<ic-J>	50225403	HGNC:6518	LBR	
MGI:1353593	Lcmt1		Lcmt1		MP:0011100		Lcmt1<Gt(A050A04)Wrst>|Lcmt1<em1(IMPC)Rbrc>	50229408	HGNC:17557	LCMT1	
MGI:104808	Lcp1		Lcp1		MP:0011100		Lcp1<tm1e.1(KOMP)Wtsi>	50218230	HGNC:6528	LCP1	
MGI:1321402	Lcp2		Lcp2		MP:0011100		Lcp2<tm1b(KOMP)Wtsi>	50224162	HGNC:6529	LCP2	
MGI:1344412	Ldb3		Ldb3		MP:0011100		Ldb3<tm2b(EUCOMM)Hmgu>	50219344	HGNC:15710	LDB3	
MGI:96759	Ldha		Ldha		MP:0011100		Ldha<l7R2-1R>	50224167	HGNC:6535	LDHA	
MGI:96770	Lef1		Lef1		MP:0011100		Lef1<tm1.1(KOMP)Vlcg>	50220257	HGNC:6551	LEF1	
MGI:107405	Lefty1		Lefty1		MP:0011100		Lefty1<tm1b(KOMP)Wtsi>	50217405	HGNC:6552	LEFTY1	
MGI:2385045	Lemd2		Lemd2		MP:0011100		Lemd2<em1(IMPC)Bay>	50234834	HGNC:21244	LEMD2	
MGI:3580376	Lemd3		Lemd3		MP:0011100		Lemd3<em1(IMPC)Bay>	50223923	HGNC:28887	LEMD3	
MGI:2685031	Leo1		Leo1		MP:0011100		Leo1<tm1a(EUCOMM)Wtsi>	50231149	HGNC:30401	LEO1	
MGI:104663	Lep		Lep		MP:0001260		Lep<m1Yst>|Lep<ob>|Lep<tm1.2Gvcao>	50224174	HGNC:6553	LEP	
MGI:104993	Lepr		Lepr		MP:0001260		Lepr<+>|Lepr<m6Btlr>|Lepr<Db-2Btlr>|Lepr<+>|Lepr<Db-Btlr>|Lepr<+>|Lepr<KK>|Lepr<db-1R>|Lepr<db-3J>|Lepr<db-ad>|Lepr<db>|Lepr<db>|Lepr<+>|Lepr<m10Btlr>|Lepr<m4Btlr>|Lepr<m5Btlr>|Lepr<m6Btlr>|Lepr<m8Btlr>|Lepr<m9Btlr>|Lepr<tm1.2Chua>|Lepr<tm1Mgmj>|Lepr<+>|Lepr<tm1Yli>|Lepr<tm2Yli>|Lepr<tm4Mgmj>|Lepr<tm5Mgmj>	50224776	HGNC:6554	LEPR	
MGI:1095413	Lfng		Lfng		MP:0011101		Lfng<tm1.2Egan>	50223039	HGNC:6560	LFNG	
MGI:96778	Lgals3		Lgals3		MP:0001260		Lgals3<tm1Poi>	50219910	HGNC:6563	LGALS3	
MGI:2180197	Lgi4		Lgi4		MP:0011100		Lgi4<tm1.1(KOMP)Vlcg>	50221026	HGNC:18712	LGI4	
MGI:1891468	Lgr4		Lgr4		MP:0011101		Lgr4<tm1.1(cre/ERT2)Npa>	50232596	HGNC:13299	LGR4	
MGI:1341817	Lgr5		Lgr5		MP:0011100		Lgr5<em1(IMPC)Kmpc>	50234838	HGNC:4504	LGR5	
MGI:96783	Lhcgr		Lhcgr		MP:0001260		Lhcgr<tm1Zmlei>	50222760	HGNC:6585	LHCGR	
MGI:107792	Lhx5		Lhx5		MP:0011100		Lhx5<em1(IMPC)Ccpcz>	50224193	HGNC:14216	LHX5	
MGI:1306803	Lhx6		Lhx6		MP:0011100		Lhx6<tm1b(KOMP)Wtsi>	50224188	HGNC:21735	LHX6	
MGI:1934604	Lias		Lias		MP:0011100		Lias<Gt(OST266609)Lex>	50230977	HGNC:16429	LIAS	
MGI:96788	Lifr		Lifr		MP:0011100,MP:0011101		Lifr<tm1Imx>|Lifr<tm1b(EUCOMM)Hmgu>	50226981	HGNC:6597	LIFR	
MGI:1335098	Lig4		Lig4		MP:0011101		Lig4<tiny>	50230434	HGNC:6601	LIG4	
MGI:1197517	Limk2		Limk2		MP:0001260		Limk2<tm1a(EUCOMM)Wtsi>|Limk2<+>	50228653	HGNC:6614	LIMK2	
MGI:3045391	Lin52		Lin52		MP:0011100		Lin52<em1(IMPC)J>	50223942	HGNC:19856	LIN52	
MGI:2140902	Lin54		Lin54		MP:0011100		Lin54<em1(IMPC)J>	50224197	HGNC:25397	LIN54	
MGI:1919818	Lin9		Lin9		MP:0001260,MP:0011100		Lin9<tm1.2Sgau>|Lin9<tm1Orc>	50227224	HGNC:30830	LIN9	
MGI:1926003	Lipm		Lipm		MP:0011100		Lipm<em1(IMPC)J>	50234861	HGNC:23455	LIPM	
MGI:3645211	Lipt1		Lipt1		MP:0011100		Lipt1<em1(IMPC)Bay>	50221951	HGNC:29569	LIPT1	
MGI:1914414	Lipt2		Lipt2		MP:0011100		Lipt2<em1(IMPC)Bay>	50230021	HGNC:37216	LIPT2	
MGI:1918843	Llgl2		Llgl2		MP:0011100		Llgl2<tm1b(KOMP)Wtsi>	50218421	HGNC:6629	LLGL2	
MGI:2443010	Lman2l		Lman2l		MP:0011100		Lman2l<em1(IMPC)Bay>	50223400	HGNC:19263	LMAN2L	
MGI:1915671	Lmbrd1		Lmbrd1		MP:0011100		Lmbrd1<tm1b(EUCOMM)Hmgu>	50221200	HGNC:23038	LMBRD1	
MGI:1923733	Lmf1		Lmf1		MP:0011100		Lmf1<em1(IMPC)Bay>	50232721	HGNC:14154	LMF1	
MGI:96794	Lmna		Lmna		MP:0001260,MP:0011100		Lmna<+>|Lmna<em1Fenz>|Lmna<tm1b(EUCOMM)Wtsi>	50218631	HGNC:6636	LMNA	
MGI:102811	Lmo2		Lmo2		MP:0002080		Lmo2<tm4Thr>	50228314	HGNC:6642	LMO2	
MGI:3036247	Lmtk2		Lmtk2		MP:0011101		Lmtk2<tm1Tya>	50234868	HGNC:17880	LMTK2	
MGI:1921392	Lonp1		Lonp1		MP:0011100		Lonp1<tm1b(EUCOMM)Hmgu>	50234871	HGNC:9479	LONP1	
MGI:96817	Lox		Lox		MP:0011100		Lox<em1(IMPC)Mbp>	50224229	HGNC:6664	LOX	
MGI:108429	Lpar1		Lpar1		MP:0011100		Lpar1<tm1b(EUCOMM)Wtsi>	50220051	HGNC:3166	LPAR1	
MGI:1925384	Lpar4		Lpar4		MP:0011101		Lpar4<tm1Sati>	50227915	HGNC:4478	LPAR4	
MGI:96820	Lpl		Lpl		MP:0001260		Lpl<tm1Bres>|Lpl<+>	50220925	HGNC:6677	LPL	
MGI:96828	Lrp1		Lrp1		MP:0011100		Lrp1<tm1.1(KOMP)Wtsi>	50222347	HGNC:6692	LRP1	
MGI:2151136	Lrp1b		Lrp1b		MP:0011100		Lrp1b<tm1Wtsi>	50224246	HGNC:6693	LRP1B	
MGI:1298218	Lrp6		Lrp6		MP:0002080,MP:0011101		Lrp6<Cd>|Lrp6<Cd>|Lrp6<Gt(Ex187)Byg>	50232374	HGNC:6698	LRP6	
MGI:1916956	Lrr1		Lrr1		MP:0011100		Lrr1<em1(IMPC)H>	50231134	HGNC:19742	LRR1	
MGI:2652847	Lrrc8a		Lrrc8a		MP:0011100,MP:0011101		Lrrc8a<tm1.1(KOMP)Vlcg>|Lrrc8a<tm1.1Geha>	50224253	HGNC:19027	LRRC8A	
MGI:107236	Lsg1		Lsg1		MP:0011100		Lsg1<em1(IMPC)Bay>	50221132	HGNC:25652	LSG1	
MGI:1919592	Lsm12		Lsm12		MP:0011100		Lsm12<em1(IMPC)J>	50224258	HGNC:26407	LSM12	
MGI:90676	Lsm2		Lsm2		MP:0011100		Lsm2<em1(IMPC)Bay>	50229104	HGNC:13940	LSM2	
MGI:1923772	Lsm8		Lsm8		MP:0011100		Lsm8<em1(IMPC)Mbp>	50232124	HGNC:20471	LSM8	
MGI:1336155	Lss		Lss		MP:0011100		Lss<tm1b(KOMP)Wtsi>	50231889	HGNC:6708	LSS	
MGI:104797	Lta|Lta/Tnf|Ltb/Tnf/Lta		Lta		MP:0001260,MP:0008024		Lta/Tnf<tm1Eug>|Lta/Tnf<tm1Jods>|Lta<hlb382>|Lta<tm1Tab>|Ltb/Tnf/Lta<tm1Dvk>	50224262	HGNC:6709	LTA	
MGI:1914027	4933434E20Rik		4933434E20Rik		MP:0011100		4933434E20Rik<tm1a(EUCOMM)Wtsi>	50229938	HGNC:29876	LTAP1	
MGI:104796	Ltb/Tnf/Lta		Ltb		MP:0008024		Ltb/Tnf/Lta<tm1Dvk>	50234909	HGNC:6711	LTB	
MGI:1926163	Ltn1		Ltn1		MP:0008762		Ltn1<Gt(RRR322)Byg>	50227097	HGNC:13082	LTN1	
MGI:2447810	Ltv1		Ltv1		MP:0011100		Ltv1<em1(IMPC)J>	50217916	HGNC:21173	LTV1	
MGI:1914934	Luc7l3		Luc7l3		MP:0011100		Luc7l3<em1(IMPC)J>	50229969	HGNC:24309	LUC7L3	
MGI:109347	Lum		Lum		MP:0011100		Lum<tm1.1(KOMP)Vlcg>	50224265	HGNC:6724	LUM	
MGI:107629	Luzp1		Luzp1		MP:0011101		Luzp1<tm1Acch>	50222349	HGNC:14985	LUZP1	
MGI:106651	Ly6e		Ly6e		MP:0002080,MP:0011100		Ly6e<em1(IMPC)Bay>	50234917	HGNC:6727	LY6E	
MGI:5313101	Ly6l		Ly6l		MP:0011100		Ly6l<em1(IMPC)Tcp>	50234926	HGNC:52284	LY6L	
MGI:1934860	Lztfl1		Lztfl1		MP:0001260		Lztfl1<tm1e(KOMP)Wtsi>	50220879	HGNC:6741	LZTFL1	
MGI:1914113	Lztr1		Lztr1		MP:0011100,MP:0011101		Lztr1<+>|Lztr1<em2Tumg>|Lztr1<tm1a(EUCOMM)Wtsi>	50222253	HGNC:6742	LZTR1	
MGI:1346022	Mab21l2		Mab21l2		MP:0011100		Mab21l2<em1(IMPC)Mbp>	50223057	HGNC:6758	MAB21L2	
MGI:1891748	Maea		Maea		MP:0011100		Maea<tm1b(EUCOMM)Wtsi>	50228712	HGNC:13731	MAEA	
MGI:96909	Maf		Maf		MP:0011100		Maf<em1(IMPC)Mbp>	50219047	HGNC:6776	MAF	
MGI:96911	Mafg		Mafg		MP:0011101		Mafg<tm1Jeng>	50224289	HGNC:6781	MAFG	
MGI:1351648	Magel2		Magel2		MP:0011101		Magel2<tm1Stw>	50224290	HGNC:6814	MAGEL2	
MGI:1915170	Mak16		Mak16		MP:0011100		Mak16<em1(IMPC)J>	50218977	HGNC:13703	MAK16	
MGI:1346866	Map2k1		Map2k1		MP:0011100		Map2k1<em1(IMPC)H>	50224359	HGNC:6840	MAP2K1	
MGI:1346871	Map2k7		Map2k7		MP:0011100		Map2k7<tm1a(EUCOMM)Wtsi>	50224448	HGNC:6847	MAP2K7	
MGI:1346881	Map3k12		Map3k12		MP:0011100		Map3k12<tm1b(EUCOMM)Hmgu>	50231147	HGNC:6851	MAP3K12	
MGI:1858204	Map3k14		Map3k14		MP:0008024		Map3k14<aly>|Map3k14<m1Btlr>|Map3k14<tm1Rds>	50227400	HGNC:6853	MAP3K14	
MGI:1346877	Map3k7		Map3k7		MP:0011100		Map3k7<tm1b(EUCOMM)Wtsi>	50226369	HGNC:6859	MAP3K7	
MGI:1346878	Map3k8		Map3k8		MP:0011101		Map3k8<M1Btlr>|Map3k8<M1Btlr>|Map3k8<+>	50232427	HGNC:6860	MAP3K8	
MGI:2384297	Map7d1		Map7d1		MP:0011100		Map7d1<em1(IMPC)J>	50226289	HGNC:25514	MAP7D1	
MGI:1346858	Mapk1		Mapk1		MP:0011100		Mapk1<tm1a(EUCOMM)Wtsi>	50220173	HGNC:6871	MAPK1	
MGI:2444554	Mapkap1		Mapkap1		MP:0011100		Mapkap1<tm1a(EUCOMM)Wtsi>|Mapkap1<tm1b(EUCOMM)Wtsi>	50223641	HGNC:18752	MAPKAP1	
MGI:1345633	Mars1		Mars1		MP:0011100		Mars1<em1(IMPC)Bay>	50223085	HGNC:6898	MARS1	
MGI:2444136	Mars2		Mars2		MP:0011100		Mars2<tm1.1(KOMP)Vlcg>	50232617	HGNC:25133	MARS2	
MGI:2446166	Marveld2		Marveld2		MP:0001260		Marveld2<+>|Marveld2<tm1.1Sria>|Marveld2<tm1.1Sria>	50223492	HGNC:26401	MARVELD2	
MGI:2443731	Mat2a		Mat2a		MP:0011100		Mat2a<tm1b(EUCOMM)Hmgu>	50221611	HGNC:6904	MAT2A	
MGI:1921799	Mau2		Mau2		MP:0011100		Mau2<tm1b(KOMP)Wtsi>	50225528	HGNC:29140	MAU2	
MGI:2138934	Mbd5		Mbd5		MP:0011100		Mbd5<tm1b(EUCOMM)Wtsi>	50230288	HGNC:20444	MBD5	
MGI:106378	Mbd6		Mbd6		MP:0011100		Mbd6<tm1.1(KOMP)Vlcg>	50231877	HGNC:20445	MBD6	
MGI:1918320	Mbip		Mbip		MP:0011100		Mbip<em1(IMPC)J>	50220271	HGNC:20427	MBIP	
MGI:1927235	Mbtps1		Mbtps1		MP:0011100,MP:0011101		Mbtps1<Gt(PST115)Byg>|Mbtps1<+>|Mbtps1<tm1.1Jdh>	50222687	HGNC:15456	MBTPS1	
MGI:96929	Mc3r		Mc3r		MP:0001260		Mc3r<tm1Cone>|Mc3r<tm1Lvp>	50230580	HGNC:6931	MC3R	
MGI:99457	Mc4r		Mc4r		MP:0001260		Mc4r<+>|Mc4r<M4Btlr>|Mc4r<+>|Mc4r<Mhdahwe13>|Mc4r<+>|Mc4r<Y302C>|Mc4r<+>|Mc4r<tm1.1Fbz>|Mc4r<Glu3>|Mc4r<Glu3>|Mc4r<+>|Mc4r<I194F>|Mc4r<I194F>|Mc4r<+>|Mc4r<M4Btlr>|Mc4r<M5Btlr>|Mc4r<M6Btlr>|Mc4r<Y302C>|Mc4r<m1Btlr>|Mc4r<m2Btlr>|Mc4r<m3Btlr>|Mc4r<m3Btlr>|Mc4r<+>|Mc4r<m7Btlr>|Mc4r<tm1.1Fbz>|Mc4r<tm1Dhu>|Mc4r<tm2Lowl>	50227029	HGNC:6932	MC4R	
MGI:1919289	Mccc1		Mccc1		MP:0011100		Mccc1<em1(IMPC)Bay>	50227511	HGNC:6936	MCCC1	
MGI:1925288	Mccc2		Mccc2		MP:0011100		Mccc2<em1(IMPC)J>	50227574	HGNC:6937	MCCC2	
MGI:101769	Mcl1		Mcl1		MP:0011100		Mcl1<em1(IMPC)Mbp>	50220948	HGNC:6943	MCL1	
MGI:101845	Mcm3		Mcm3		MP:0011101		Mcm3<tm1.1Geno>	50220126	HGNC:6945	MCM3	
MGI:103199	Mcm4		Mcm4		MP:0011100		Mcm4<tm1b(KOMP)Mbp>	50218070	HGNC:6947	MCM4	
MGI:103197	Mcm5		Mcm5		MP:0008762		Mcm5<m1Anu>	50224345	HGNC:6948	MCM5	
MGI:1920977	Mcmbp		Mcmbp		MP:0011100		Mcmbp<em1(IMPC)J>	50217844	HGNC:25782	MCMBP	
MGI:1890500	Mcoln3		Mcoln3		MP:0011101		Mcoln3<Va-J>|Mcoln3<Va>	50223906	HGNC:13358	MCOLN3	
MGI:1858420	Mcrs1		Mcrs1		MP:0011100		Mcrs1<tm1.1(KOMP)Vlcg>	50229248	HGNC:6960	MCRS1	
MGI:3026965	Mcu		Mcu		MP:0011100		Mcu<tm1b(EUCOMM)Hmgu>	50218693	HGNC:23526	MCU	
MGI:97051	Mdh1		Mdh1		MP:0011100		Mdh1<em1(IMPC)Bay>	50221969	HGNC:6970	MDH1	
MGI:97050	Mdh2		Mdh2		MP:0011100		Mdh2<em1(IMPC)Bay>	50229219	HGNC:6971	MDH2	
MGI:96952	Mdm2		Mdm2		MP:0011101		Mdm2<tm1Bay>|Mdm2<tm1Mep>	50220241	HGNC:6973	MDM2	
MGI:95457	Mecom		Mecom		MP:0011100		Mecom<em1(IMPC)J>	50220279	HGNC:3498	MECOM	
MGI:99918	Mecp2		Mecp2		MP:0001260		Mecp2<tm1.1Bird>|Mecp2<tm1.1Irsf>|Mecp2<tm1.1Irsf>|Mecp2<+>|Mecp2<tm1.1Joez>|Mecp2<+>|Mecp2<tm1Bird>|Mecp2<tm1Nlnd>|Mecp2<tm2.1Jae>	50229281	HGNC:6990	MECP2	
MGI:1100846	Med1		Med1		MP:0011100		Med1<tm3b(EUCOMM)Wtsi>	50226788	HGNC:9234	MED1	
MGI:106331	Med10		Med10		MP:0011100		Med10<em1(IMPC)J>	50225077	HGNC:28760	MED10	
MGI:1913422	Med11		Med11		MP:0011100		Med11<tm1.1(KOMP)Vlcg>	50232404	HGNC:32687	MED11	
MGI:2158394	Med16		Med16		MP:0011100		Med16<tm1b(KOMP)Wtsi>	50221308	HGNC:17556	MED16	
MGI:2182585	Med17		Med17		MP:0011100		Med17<tm1b(EUCOMM)Hmgu>	50219193	HGNC:2375	MED17	
MGI:1914234	Med19		Med19		MP:0011100		Med19<tm1a(EUCOMM)Wtsi>	50224158	HGNC:29600	MED19	
MGI:1929648	Med20		Med20		MP:0011100		Med20<em1(IMPC)J>	50228273	HGNC:16840	MED20	
MGI:98446	Med22		Med22		MP:0011100		Med22<tm1a(EUCOMM)Wtsi>	50228049	HGNC:11477	MED22	
MGI:1917458	Med23		Med23		MP:0011100		Med23<em1(IMPC)Wtsi>	50219191	HGNC:2372	MED23	
MGI:1922863	Med25		Med25		MP:0011100		Med25<tm1b(KOMP)Wtsi>	50230826	HGNC:28845	MED25	
MGI:1916225	Med27		Med27		MP:0011100		Med27<em1(IMPC)Bay>	50219192	HGNC:2377	MED27	
MGI:1914249	Med28		Med28		MP:0011100		Med28<tm1.1(KOMP)Vlcg>	50229017	HGNC:24628	MED28	
MGI:1917040	Med30		Med30		MP:0011100		Med30<Gt(CH0776)Wtsi>|Med30<m1Btlr>	50228206	HGNC:23032	MED30	
MGI:99458	Mef2c		Mef2c		MP:0002080		Mef2c<m1Anu>	50222933	HGNC:6996	MEF2C	
MGI:1202886	Meg3		Meg3		MP:0011101		Meg3<tm1Kono>|Meg3<+>	50234992	HGNC:14575	MEG3	
MGI:104717	Meis1		Meis1		MP:0011100		Meis1<tm1b(EUCOMM)Hmgu>	50218217	HGNC:7000	MEIS1	
MGI:1924140	Memo1		Memo1		MP:0011100		Memo1<m1Will>|Memo1<tm1a(EUCOMM)Wtsi>|Memo1<tm1b(EUCOMM)Wtsi>	50221787	HGNC:14014	MEMO1	
MGI:96964	Mep1b		Mep1b		MP:0001260,MP:0011101		Mep1b<tm1Bond>	50221828	HGNC:7020	MEP1B	
MGI:106477	Mepce		Mepce		MP:0011100		Mepce<tm1.1(KOMP)Vlcg>	50217690	HGNC:20247	MEPCE	
MGI:2442926	Mettl14		Mettl14		MP:0011100		Mettl14<em1(IMPC)Tcp>	50231137	HGNC:29330	METTL14	
MGI:1914743	Mettl16		Mettl16		MP:0011100		Mettl16<tm1b(KOMP)Mbp>	50221798	HGNC:28484	METTL16	
MGI:1927165	Mettl3		Mettl3		MP:0011100		Mettl3<em1(IMPC)Tcp>	50222237	HGNC:17563	METTL3	
MGI:1919890	Mex3a		Mex3a		MP:0011101		Mex3a<tm1.1(KOMP)Vlcg>	50232759	HGNC:33482	MEX3A	
MGI:99559	Mfap2		Mfap2		MP:0001260		Mfap2<tm1a(KOMP)Wtsi>	50220308	HGNC:7033	MFAP2	
MGI:1914664	Mfn1		Mfn1		MP:0011100		Mfn1<em1(IMPC)Hmgu>	50224388	HGNC:18262	MFN1	
MGI:2442230	Mfn2		Mfn2		MP:0011100		Mfn2<tm1b(EUCOMM)Wtsi>	50224421	HGNC:16877	MFN2	
MGI:3604804	Mfsd12		Mfsd12		MP:0011101		Mfsd12<gr>	50221671	HGNC:28299	MFSD12	
MGI:96973	Mgat1		Mgat1		MP:0011100		Mgat1<tm1b(EUCOMM)Hmgu>	50225984	HGNC:7044	MGAT1	
MGI:2384966	Mgat2		Mgat2		MP:0011101		Mgat2<tm1.1Jxm>	50230365	HGNC:7045	MGAT2	
MGI:2447670	Mgrn1		Mgrn1		MP:0002080,MP:0011101		Mgrn1<md-2J>|Mgrn1<md-nc>	50224422	HGNC:20254	MGRN1	
MGI:2443157	Mib1		Mib1		MP:0008762		Mib1<tm1Kong>	50218874	HGNC:21086	MIB1	
MGI:1890222	Midn		Midn		MP:0011100		Midn<em1(IMPC)Bay>	50221197	HGNC:16298	MIDN	
MGI:1917728	Mipep		Mipep		MP:0011100		Mipep<em1(IMPC)Mbp>	50223357	HGNC:7104	MIPEP	
MGI:2676828	Mir143		Mir143		MP:0011100		Mir143<tm1Wtsi>	50235064	HGNC:31530	MIR143	
MGI:2676880	Mir205		Mir205		MP:0008762		Mir205<tm1.1Mtm>	50235119	HGNC:31583	MIR205	
MGI:3619332	Mir320		Mir320		MP:0011100		Mir320<tm1Wtsi>	50235183	HGNC:31632	MIR320A	
MGI:3629955	Mir505		Mir505		MP:0001260		Mir505<em1Xhj>	50235269	HGNC:32140	MIR505	
MGI:3629661	Mir592		Mir592		MP:0001260		Mir592<em1Jzhan>	50235282	HGNC:32848	MIR592	
MGI:1891836	Mkks		Mkks		MP:0011101		Mkks<tm1Vcs>	50217685	HGNC:7108	MKKS	
MGI:1329038	Mllt10		Mllt10		MP:0011100		Mllt10<em1(IMPC)Mbp>	50223086	HGNC:16063	MLLT10	
MGI:1917372	Mllt3		Mllt3		MP:0011100		Mllt3<tm1b(EUCOMM)Hmgu>	50221396	HGNC:7136	MLLT3	
MGI:1924947	Mmab		Mmab		MP:0011100		Mmab<em1(IMPC)Hmgu>	50227141	HGNC:19331	MMAB	
MGI:1914346	Mmachc		Mmachc		MP:0011100		Mmachc<tm1.1(NCOM)Mfgc>	50221349	HGNC:24525	MMACHC	
MGI:101900	Mmp14		Mmp14		MP:0011101		Mmp14<m1Btlr>	50218337	HGNC:7160	MMP14	
MGI:109320	Mmp15		Mmp15		MP:0008024		Mmp15<tm1b(KOMP)Wtsi>	50229034	HGNC:7161	MMP15	
MGI:97011	Mmp9		Mmp9		MP:0001260		Mmp9<tm1Tvu>	50221968	HGNC:7176	MMP9	
MGI:2684980	Mms22l		Mms22l		MP:0008762,MP:0010770		Mms22l<tm1a(EUCOMM)Wtsi>	50221486	HGNC:21475	MMS22L	
MGI:1919891	Mob2		Mob2		MP:0011100		Mob2<tm1b(KOMP)Wtsi>	50230009	HGNC:24904	MOB2	
MGI:104899	Mob4		Mob4		MP:0011100		Mob4<em1(IMPC)J>	50224469	HGNC:17261	MOB4	
MGI:1336894	Mocs2		Mocs2		MP:0011100		Mocs2<tm1b(EUCOMM)Wtsi>	50225779	HGNC:7193	MOCS2	
MGI:1929872	Mogs		Mogs		MP:0008024,MP:0011100		Mogs<+>|Mogs<tm1(KOMP)Vlcg>|Mogs<tm1(KOMP)Vlcg>|Mogs<tm1.1(KOMP)Vlcg>	50223956	HGNC:24862	MOGS	
MGI:1914324	Mon2		Mon2		MP:0011100		Mon2<em1(IMPC)J>	50221265	HGNC:29177	MON2	
MGI:1921772	Morc2a		Morc2a		MP:0011100,MP:0011101		Morc2a<+>|Morc2a<em1Snupy>|Morc2a<em1(IMPC)Wtsi>|Morc2a<tm1b(KOMP)Wtsi>	50220389	HGNC:23573	MORC2	
MGI:2136841	Morc3		Morc3		MP:0011100		Morc3<tm1b(EUCOMM)Hmgu>	50220973	HGNC:23572	MORC3	
MGI:1915223	Mphosph10		Mphosph10		MP:0011100		Mphosph10<em1(IMPC)J>	50221128	HGNC:7213	MPHOSPH10	
MGI:1922589	Mphosph8		Mphosph8		MP:0011100		Mphosph8<em1(IMPC)J>	50221388	HGNC:29810	MPHOSPH8	
MGI:1913558	Mplkip		Mplkip		MP:0011101		Mplkip<em2Nimo>	50226217	HGNC:16002	MPLKIP	
MGI:1349438	Mprip		Mprip		MP:0011100		Mprip<em1(IMPC)J>	50223865	HGNC:30321	MPRIP	
MGI:1924287	Mrap		Mrap		MP:0011100		Mrap<em1(IMPC)Tcp>	50224486	HGNC:1304	MRAP	
MGI:3609239	Mrap2		Mrap2		MP:0001260		Mrap2<tm1.1Maj>|Mrap2<+>	50226180	HGNC:21232	MRAP2	
MGI:1920497	Mrgbp		Mrgbp		MP:0011100		Mrgbp<em1(IMPC)J>	50217888	HGNC:15866	MRGBP	
MGI:1915267	Mrm2		Mrm2		MP:0011100		Mrm2<em1(IMPC)Bay>	50222444	HGNC:16352	MRM2	
MGI:1914640	Mrm3		Mrm3		MP:0011100		Mrm3<tm1.1(KOMP)Vlcg>	50222915	HGNC:18485	MRM3	
MGI:1926273	Mrpl12		Mrpl12		MP:0011100		Mrpl12<em1(IMPC)Tcp>	50223303	HGNC:10378	MRPL12	
MGI:1914931	Mrpl18		Mrpl18		MP:0011100		Mrpl18<tm1.1(KOMP)Vlcg>	50230149	HGNC:14477	MRPL18	
MGI:1333794	Mrpl22		Mrpl22		MP:0011100		Mrpl22<tm1b(KOMP)Mbp>	50230488	HGNC:14480	MRPL22	
MGI:1196612	Mrpl23		Mrpl23		MP:0011100		Mrpl23<tm2b(EUCOMM)Wtsi>	50231239	HGNC:10322	MRPL23	
MGI:2137204	Mrpl3		Mrpl3		MP:0011100		Mrpl3<em1(IMPC)J>	50222184	HGNC:10379	MRPL3	
MGI:2137225	Mrpl33		Mrpl33		MP:0011100		Mrpl33<tm1b(KOMP)Wtsi>	50223431	HGNC:14487	MRPL33	
MGI:1351620	Mrpl39		Mrpl39		MP:0011100		Mrpl39<em1(IMPC)J>	50220368	HGNC:14027	MRPL39	
MGI:1333816	Mrpl41		Mrpl41		MP:0011100		Mrpl41<em1(IMPC)Bay>	50229813	HGNC:14492	MRPL41	
MGI:1916413	Mrpl44		Mrpl44		MP:0011100		Mrpl44<em1(IMPC)J>	50229903	HGNC:16650	MRPL44	
MGI:1921850	Mrpl47		Mrpl47		MP:0011100		Mrpl47<tm1.1(KOMP)Vlcg>	50222998	HGNC:16652	MRPL47	
MGI:1913743	Mrpl51		Mrpl51		MP:0011100		Mrpl51<tm1.1(KOMP)Vlcg>	50226500	HGNC:14044	MRPL51	
MGI:1915822	Mrpl58		Mrpl58		MP:0011100		Mrpl58<tm1b(EUCOMM)Hmgu>	50222994	HGNC:5359	MRPL58	
MGI:1346333	Mrps12		Mrps12		MP:0011100		Mrps12<em1(IMPC)Bay>	50227104	HGNC:10380	MRPS12	
MGI:1915985	Mrps18c		Mrps18c		MP:0002080,MP:0011100		Mrps18c<tm1.1(KOMP)Vlcg>	50226694	HGNC:16633	MRPS18C	
MGI:1913542	Mrps21		Mrps21		MP:0011100		Mrps21<tm1e(EUCOMM)Wtsi>	50230416	HGNC:14046	MRPS21	
MGI:1928137	Mrps22		Mrps22		MP:0011100		Mrps22<tm1.1(KOMP)Vlcg>	50230435	HGNC:14508	MRPS22	
MGI:1928140	Mrps25		Mrps25		MP:0011100		Mrps25<tm1.1(KOMP)Vlcg>	50229717	HGNC:14511	MRPS25	
MGI:1924971	Mrps5		Mrps5		MP:0011100		Mrps5<tm1b(EUCOMM)Wtsi>	50230180	HGNC:14498	MRPS5	
MGI:2685748	Mrs2		Mrs2		MP:0011101		Mrs2<em1Muma>	50235410	HGNC:13785	MRS2	
MGI:2384495	Mrtfa		Mrtfa		MP:0011101		Mrtfa<tm1Swm>	50220826	HGNC:14334	MRTFA	
MGI:1923876	Msi2		Msi2		MP:0011101		Msi2<Gt(E035H03)Wrst>	50218525	HGNC:18585	MSI2	
MGI:95691	Mstn		Mstn		MP:0001260		Mstn<+>|Mstn<Cmpt>|Mstn<tm1.1Mgs>|Mstn<tm1.1Swel>|Mstn<tm1Sjl>	50222610	HGNC:4223	MSTN	
MGI:2385175	Msto1		Msto1		MP:0011100		Msto1<em1(IMPC)Tcp>	50229167	HGNC:29678	MSTO1	
MGI:97168	Msx1		Msx1		MP:0011100		Msx1<tm1b(KOMP)Wtsi>	50218370	HGNC:7391	MSX1	
MGI:1914152	Mtap		Mtap		MP:0011100		Mtap<em1(IMPC)Mbp>	50230972	HGNC:7413	MTAP	
MGI:1929260	Mtch2		Mtch2		MP:0011100		Mtch2<tm1b(EUCOMM)Hmgu>	50220202	HGNC:17587	MTCH2	
MGI:101786	Mtf1		Mtf1		MP:0011100		Mtf1<tm1b(KOMP)Wtsi>	50224512	HGNC:7428	MTF1	
MGI:2685015	Mtg1		Mtg1		MP:0011100		Mtg1<em1(IMPC)Bay>	50222762	HGNC:32159	MTG1	
MGI:106565	Mtg2		Mtg2		MP:0011100		Mtg2<em1(IMPC)Bay>	50221137	HGNC:16239	MTG2	
MGI:1342005	Mthfd1		Mthfd1		MP:0001260,MP:0011100		Mthfd1<+>|Mthfd1<tm1.1Rzn>|Mthfd1<Gt(XB175)Byg>|Mthfd1<+>|Mthfd1<tm1.1Rzn>|Mthfd1<tm2b(KOMP)Wtsi>	50218283	HGNC:7432	MTHFD1	
MGI:1924836	Mthfd1l		Mthfd1l		MP:0008762		Mthfd1l<tm1b(EUCOMM)Wtsi>	50222304	HGNC:21055	MTHFD1L	
MGI:1338850	Mthfd2		Mthfd2		MP:0011100		Mthfd2<tm1b(EUCOMM)Wtsi>	50228765	HGNC:7434	MTHFD2	
MGI:1923616	Mtif3		Mtif3		MP:0011100		Mtif3<tm1b(EUCOMM)Wtsi>	50221612	HGNC:29788	MTIF3	
MGI:1924366	Mtmr2		Mtmr2		MP:0011101		Mtmr2<tm1.1Abol>	50230208	HGNC:7450	MTMR2	
MGI:1928394	Mtor		Mtor		MP:0008762,MP:0011100		Mtor<tm1.1Clyn>|Mtor<tm1a(EUCOMM)Wtsi>	50222429	HGNC:3942	MTOR	
MGI:1914690	Mtpap		Mtpap		MP:0011100		Mtpap<tm1.1(KOMP)Vlcg>	50228321	HGNC:25532	MTPAP	
MGI:1891037	Mtrr		Mtrr		MP:0011100		Mtrr<em1(IMPC)Bay>	50232510	HGNC:7473	MTRR	
MGI:2142572	Mtus1		Mtus1		MP:0001260		Mtus1<Gt(RRA048)Byg>	50220382	HGNC:29789	MTUS1	
MGI:1859652	Mtx2		Mtx2		MP:0011100		Mtx2<em1(IMPC)J>	50221160	HGNC:7506	MTX2	
MGI:2179327	Mvd		Mvd		MP:0011100		Mvd<em1(IMPC)J>	50224536	HGNC:7529	MVD	
MGI:107624	Mvk		Mvk		MP:0011100		Mvk<em1(IMPC)Tcp>	50229510	HGNC:7530	MVK	
MGI:106181	Mybbp1a		Mybbp1a		MP:0011100		Mybbp1a<tm1b(EUCOMM)Hmgu>	50218400	HGNC:7546	MYBBP1A	
MGI:101785	Mybl2		Mybl2		MP:0011100		Mybl2<tm1.1(KOMP)Vlcg>	50217772	HGNC:7548	MYBL2	
MGI:1336213	Mybpc1		Mybpc1		MP:0011100		Mybpc1<em1(IMPC)Bay>	50227982	HGNC:7549	MYBPC1	
MGI:97250	Myc		Myc		MP:0011100		Myc<em1(IMPC)Kmpc>	50219057	HGNC:7553	MYC	
MGI:2179432	Mycbp2		Mycbp2		MP:0011100		Mycbp2<em1(IMPC)Mbp>	50220189	HGNC:23386	MYCBP2	
MGI:108005	Myd88		Myd88		MP:0001260		Myd88<tm1a(EUCOMM)Wtsi>	50229528	HGNC:7562	MYD88	
MGI:104592	Myef2		Myef2		MP:0011100		Myef2<tm1b(EUCOMM)Wtsi>	50229958	HGNC:17940	MYEF2	
MGI:1930780	Myh10		Myh10		MP:0011100,MP:0011101		Myh10<em1(IMPC)J>|Myh10<tm2Rsad>	50224687	HGNC:7568	MYH10	
MGI:1339709	Myh3		Myh3		MP:0011101		Myh3<tm1.2Sajm>	50222401	HGNC:7573	MYH3	
MGI:1339712	Myh8		Myh8		MP:0011100		Myh8<em1(IMPC)Tcp>	50218202	HGNC:7578	MYH8	
MGI:107717	Myh9		Myh9		MP:0011100		Myh9<+>|Myh9<tm1.1Dash>	50220887	HGNC:7579	MYH9	
MGI:97272	Myl2		Myl2		MP:0011100		Myl2<tm1b(EUCOMM)Hmgu>	50224451	HGNC:7583	MYL2	
MGI:2667185	Myo18a		Myo18a		MP:0011100		Myo18a<tm1a(KOMP)Wtsi>|Myo18a<tm1b(KOMP)Wtsi>	50224542	HGNC:31104	MYO18A	
MGI:1921626	Myo18b		Myo18b		MP:0011100		Myo18b<em2(IMPC)Ics>	50235484	HGNC:18150	MYO18B	
MGI:107752	Myo1b		Myo1b		MP:0011100		Myo1b<em1(IMPC)J>	50224543	HGNC:7596	MYO1B	
MGI:106621	Myo1e		Myo1e		MP:0011101		Myo1e<Gt(ROSA)74Sor>	50224544	HGNC:7599	MYO1E	
MGI:1914674	Myo1h		Myo1h		MP:0011100		Myo1h<tm1b(KOMP)Wtsi>	50227139	HGNC:13879	MYO1H	
MGI:2684944	Myrf		Myrf		MP:0011100		Myrf<em1(IMPC)Bay>	50217850	HGNC:1181	MYRF	
MGI:1915255	Naa10		Naa10		MP:0011101		Naa10<tm1.1Yzhg>	50217458	HGNC:18704	NAA10	
MGI:1351613	Txnl4a		Txnl4a		MP:0011100		Txnl4a<em1(IMPC)Bay>	50229554	HGNC:28125	NAA11	
MGI:1915127	Naa20		Naa20		MP:0011100		Naa20<em1(IMPC)Bay>	50223792	HGNC:15908	NAA20	
MGI:2442563	Naa25		Naa25		MP:0011100		Naa25<em1(IMPC)Tcp>	50223649	HGNC:25783	NAA25	
MGI:1925939	Naa35		Naa35		MP:0011100		Naa35<em1(IMPC)J>	50220077	HGNC:24340	NAA35	
MGI:1925554	Naa38		Naa38		MP:0011100		Naa38<em1(IMPC)Ccpcz>	50222051	HGNC:28212	NAA38	
MGI:1919367	Naa50		Naa50		MP:0011100		Naa50<em1(IMPC)Mbp>	50224303	HGNC:29533	NAA50	
MGI:1917167	Nabp2		Nabp2		MP:0011100		Nabp2<tm1b(KOMP)Wtsi>	50226769	HGNC:28412	NABP2	
MGI:2183149	Nadk		Nadk		MP:0011100		Nadk<em2(IMPC)Bay>	50223314	HGNC:29831	NADK	
MGI:1915896	Nadk2		Nadk2		MP:0011100		Nadk2<em1(IMPC)J>|Nadk2<tm1b(EUCOMM)Wtsi>	50224561	HGNC:26404	NADK2	
MGI:2384561	Nae1		Nae1		MP:0011100		Nae1<tm1b(EUCOMM)Wtsi>	50217444	HGNC:621	NAE1	
MGI:2444306	Nalcn		Nalcn		MP:0011100		Nalcn<em1(IMPC)Mbp>	50229873	HGNC:19082	NALCN	
MGI:2142765	Nalf1		Nalf1		MP:0011100		Nalf1<em1(IMPC)H>	50220533	HGNC:33877	NALF1	
MGI:1929865	Nampt		Nampt		MP:0011100		Nampt<Gt(RRR084)Byg>|Nampt<tm1.1(KOMP)Vlcg>	50223455	HGNC:30092	NAMPT	
MGI:2149820	Nans		Nans		MP:0011100		Nans<em1(IMPC)Tcp>	50220972	HGNC:19237	NANS	
MGI:1855693	Nap1l1		Nap1l1		MP:0011101		Nap1l1<em1Jwji>	50218507	HGNC:7637	NAP1L1	
MGI:104563	Napa		Napa		MP:0011100		Napa<em1(IMPC)Ccpcz>	50217349	HGNC:7641	NAPA	
MGI:1917473	Nars1		Nars1		MP:0011100		Nars1<em1(IMPC)Bay>	50220891	HGNC:7643	NARS1	
MGI:2142075	Nars2		Nars2		MP:0011100		Nars2<em1(IMPC)J>	50230098	HGNC:26274	NARS2	
MGI:1913353	Naxd		Naxd		MP:0011100		Naxd<em1(IMPC)Bay>	50218032	HGNC:25576	NAXD	
MGI:1918419	Nbas		Nbas		MP:0011100		Nbas<tm1b(EUCOMM)Hmgu>	50226321	HGNC:15625	NBAS	
MGI:1347075	Nbea		Nbea		MP:0011100		Nbea<em1(IMPC)Bay>	50223535	HGNC:7648	NBEA	
MGI:1196326	Ncald		Ncald		MP:0011100		Ncald<tm1Rsha>	50224574	HGNC:7655	NCALD	
MGI:2142989	Ncapd3		Ncapd3		MP:0011100		Ncapd3<em1(IMPC)J>	50223033	HGNC:28952	NCAPD3	
MGI:1891840	Ncbp1		Ncbp1		MP:0011100		Ncbp1<em1(IMPC)J>	50235510	HGNC:7658	NCBP1	
MGI:1915342	Ncbp2		Ncbp2		MP:0011100		Ncbp2<em1(IMPC)J>	50218973	HGNC:7659	NCBP2	
MGI:1915342	Ncbp2		Ncbp2		MP:0011100		Ncbp2<em1(IMPC)J>	50218973	HGNC:31795	NCBP2L	
MGI:97286	Ncl		Ncl		MP:0011100		Ncl<em1Mfz>	50220360	HGNC:7667	NCL	
MGI:1926081	Ncln		Ncln		MP:0011100		Ncln<em1(IMPC)J>	50224221	HGNC:26923	NCLN	
MGI:1276535	Ncoa3		Ncoa3		MP:0001260		Ncoa3<tm1.1Bwo>	50225466	HGNC:7670	NCOA3	
MGI:2385165	Ncoa5		Ncoa5		MP:0011100		Ncoa5<tm1.1(KOMP)Mbp>	50231352	HGNC:15909	NCOA5	
MGI:1929915	Ncoa6		Ncoa6		MP:0011101		Ncoa6<tm1Hhs>|Ncoa6<+>	50222563	HGNC:15936	NCOA6	
MGI:1337080	Ncor2		Ncor2		MP:0011100		Ncor2<em1(IMPC)Mbp>	50222542	HGNC:7673	NCOR2	
MGI:1914302	Ndc80		Ndc80		MP:0011100		Ndc80<em1(IMPC)J>	50222833	HGNC:16909	NDC80	
MGI:1932915	Ndel1		Ndel1		MP:0011100		Ndel1<tm1b(KOMP)Wtsi>	50229142	HGNC:17620	NDEL1	
MGI:1352499	Ndrg3		Ndrg3		MP:0011100		Ndrg3<Gt(OST12106)Lex>|Ndrg3<em1(IMPC)Mbp>	50221175	HGNC:14462	NDRG3	
MGI:1914523	Ndufa10		Ndufa10		MP:0011100		Ndufa10<tm1e.1(EUCOMM)Hmgu>	50228772	HGNC:7684	NDUFA10	
MGI:1917125	Ndufa11		Ndufa11		MP:0011100		Ndufa11<em1(IMPC)Bay>	50231017	HGNC:20371	NDUFA11	
MGI:1914380	Ndufa6		Ndufa6		MP:0011100		Ndufa6<em1(IMPC)Bay>	50230805	HGNC:7690	NDUFA6	
MGI:1915625	Ndufa8		Ndufa8		MP:0011100		Ndufa8<tm1b(EUCOMM)Hmgu>	50231043	HGNC:7692	NDUFA8	
MGI:1913358	Ndufa9		Ndufa9		MP:0011100		Ndufa9<em1(IMPC)J>	50224591	HGNC:7693	NDUFA9	
MGI:1916737	Ndufaf5		Ndufaf5		MP:0011100		Ndufaf5<em1(IMPC)Bay>	50230401	HGNC:15899	NDUFAF5	
MGI:1924197	Ndufaf6		Ndufaf6		MP:0001260		Ndufaf6<+>|Ndufaf6<tm1a(EUCOMM)Wtsi>	50222536	HGNC:28625	NDUFAF6	
MGI:1913676	Ndufaf8		Ndufaf8		MP:0011100		Ndufaf8<em1(IMPC)Bay>	50221187	HGNC:33551	NDUFAF8	
MGI:1913745	Ndufb3		Ndufb3		MP:0011100		Ndufb3<em1(IMPC)Bay>	50227760	HGNC:7698	NDUFB3	
MGI:1913296	Ndufb5		Ndufb5		MP:0011100		Ndufb5<em1(IMPC)Bay>	50222872	HGNC:7700	NDUFB5	
MGI:1914514	Ndufb8		Ndufb8		MP:0011100		Ndufb8<tm1a(EUCOMM)Wtsi>	50224588	HGNC:7703	NDUFB8	
MGI:1913468	Ndufb9		Ndufb9		MP:0011100		Ndufb9<tm1b(EUCOMM)Hmgu>	50228680	HGNC:7704	NDUFB9	
MGI:2443241	Ndufs1		Ndufs1		MP:0011100		Ndufs1<tm1b(EUCOMM)Hmgu>	50228748	HGNC:7707	NDUFS1	
MGI:2385112	Ndufs2		Ndufs2		MP:0011100		Ndufs2<em1(IMPC)Tcp>	50235518	HGNC:7708	NDUFS2	
MGI:1890889	Ndufs5		Ndufs5		MP:0011100		Ndufs5<em1(IMPC)Bay>	50229751	HGNC:7712	NDUFS5	
MGI:107932	Ndufs6		Ndufs6		MP:0002080,MP:0011100		Ndufs6<em1(IMPC)Bay>	50229576	HGNC:7713	NDUFS6	
MGI:1922656	Ndufs7		Ndufs7		MP:0011100		Ndufs7<tm1b(EUCOMM)Hmgu>	50235519	HGNC:7714	NDUFS7	
MGI:2385079	Ndufs8		Ndufs8		MP:0011100		Ndufs8<em1(IMPC)J>	50224593	HGNC:7715	NDUFS8	
MGI:107851	Ndufv1		Ndufv1		MP:0011100		Ndufv1<tm1.1(KOMP)Vlcg>	50228902	HGNC:7716	NDUFV1	
MGI:1920150	Ndufv2		Ndufv2		MP:0011100		Ndufv2<em1(IMPC)Bay>	50231052	HGNC:7717	NDUFV2	
MGI:97292	Neb		Neb		MP:0011100		Neb<m2Anu>	50223382	HGNC:7720	NEB	
MGI:97293	Nedd1		Nedd1		MP:0011100		Nedd1<em1(IMPC)H>	50221025	HGNC:7723	NEDD1	
MGI:97297	Nedd4		Nedd4		MP:0011100		Nedd4<Gt(XA209)Byg>|Nedd4<Gt(XB398)Byg>|Nedd4<tm2b(EUCOMM)Hmgu>	50226690	HGNC:7727	NEDD4	
MGI:1890645	Nek7		Nek7		MP:0011100		Nek7<tm1Mot>|Nek7<tm1b(EUCOMM)Hmgu>	50229235	HGNC:13386	NEK7	
MGI:2387995	Nek9		Nek9		MP:0011100		Nek9<tm1a(EUCOMM)Wtsi>	50235527	HGNC:18591	NEK9	
MGI:1346098	Nelfa		Nelfa		MP:0011100		Nelfa<em1(IMPC)Tcp>	50221946	HGNC:12768	NELFA	
MGI:1926424	Nelfcd		Nelfcd		MP:0011100		Nelfcd<em1(IMPC)J>	50228192	HGNC:15934	NELFCD	
MGI:102744	Nelfe		Nelfe		MP:0011100		Nelfe<tm1a(EUCOMM)Wtsi>	50225272	HGNC:13974	NELFE	
MGI:2443902	Nell1		Nell1		MP:0011100,MP:0011101		Nell1<l7R6-1R>|Nell1<l7R6-1R>|Nell1<l7R6-8R>|Nell1<l7R6-2R>|Nell1<l7R6-3R>|Nell1<l7R6-4R>|Nell1<l7R6-1R>|Nell1<l7R6-5R>|Nell1<l7R6-1R>|Nell1<l7R6-7R>|Nell1<l7R6-1R>|Nell1<l7R6-8R>	50235528	HGNC:7750	NELL1	
MGI:1918305	Nemf		Nemf		MP:0011100		Nemf<em8Cx>|Nemf<tm1b(EUCOMM)Hmgu>	50235529	HGNC:10663	NEMF	
MGI:1344417	Neu2		Neu2		MP:0001260		Neu2<em1Kyp>	50235531	HGNC:7759	NEU2	
MGI:97306	Nf1		Nf1		MP:0001260,MP:0011100		Nf1<tm1a(KOMP)Wtsi>|Nf1<tm1a(KOMP)Wtsi>|Nf1<+>	50221716	HGNC:7765	NF1	
MGI:102469	Nfatc1		Nfatc1		MP:0011100		Nfatc1<em1(IMPC)Bay>	50226182	HGNC:7775	NFATC1	
MGI:103296	Nfatc3		Nfatc3		MP:0011100,MP:0011101		Nfatc3<tm1.1Grc>|Nfatc3<tm1Glm>|Nfatc3<tm1b(EUCOMM)Hmgu>	50223538	HGNC:7777	NFATC3	
MGI:1931595	Nfkbiz		Nfkbiz		MP:0011101		Nfkbiz<tm1Aki>|Nfkbiz<tm1Mamo>	50232180	HGNC:29805	NFKBIZ	
MGI:1916216	Ngdn		Ngdn		MP:0011100		Ngdn<tm1b(EUCOMM)Wtsi>	50231020	HGNC:20271	NGDN	
MGI:1913276	Ngly1		Ngly1		MP:0008762		Ngly1<em10Lutzy>|Ngly1<em9Lutzy>	50223313	HGNC:17646	NGLY1	
MGI:1933212	Ngrn		Ngrn		MP:0011100		Ngrn<tm1a(KOMP)Wtsi>	50226203	HGNC:18077	NGRN	
MGI:1349482	Nherf1		Nherf1		MP:0011101		Nherf1<tm1Ssl>	50218609	HGNC:11075	NHERF1	
MGI:1914116	Nhlrc2		Nhlrc2		MP:0011100		Nhlrc2<tm1a(KOMP)Wtsi>	50232430	HGNC:24731	NHLRC2	
MGI:1098547	Nhp2		Nhp2		MP:0011100		Nhp2<tm1a(KOMP)Wtsi>	50224698	HGNC:14377	NHP2	
MGI:1915199	Nifk		Nifk		MP:0011100		Nifk<em1(IMPC)Mbp>	50218135	HGNC:17838	NIFK	
MGI:105108	Nin		Nin		MP:0011101		Nin<tm1d(EUCOMM)Hmgu>	50226571	HGNC:14906	NIN	
MGI:1913414	Nip7		Nip7		MP:0008762		Nip7<m1Anu>	50229674	HGNC:24328	NIP7	
MGI:2143205	Nkapd1		Nkapd1		MP:0011100		Nkapd1<em1(IMPC)Mbp>	50230381	HGNC:25569	NKAPD1	
MGI:1201387	Nlk		Nlk		MP:0011100		Nlk<tm2b(KOMP)Wtsi>	50224671	HGNC:29858	NLK	
MGI:1861676	Nme6		Nme6		MP:0011100		Nme6<tm1.1(KOMP)Vlcg>	50222044	HGNC:20567	NME6	
MGI:2444155	Nmnat2		Nmnat2		MP:0011100		Nmnat2<em1(IMPC)Mbp>	50229225	HGNC:16789	NMNAT2	
MGI:102579	Nmt1		Nmt1		MP:0011101		Nmt1<+>|Nmt1<Gt(XE400)Byg>	50223281	HGNC:7857	NMT1	
MGI:2140843	Noc4l		Noc4l		MP:0011100		Noc4l<em1(IMPC)J>	50218427	HGNC:28461	NOC4L	
MGI:97359	Nodal		Nodal		MP:0011100,MP:0011101		Nodal<tm1b(EUCOMM)Wtsi>|Nodal<tm2Rob>|Nodal<tm4Rob>	50218956	HGNC:7865	NODAL	
MGI:104327	Nog		Nog		MP:0011100		Nog<em1(IMPC)Mbp>	50221323	HGNC:7866	NOG	
MGI:2684913	Nol10		Nol10		MP:0011100		Nol10<em1(IMPC)Bay>	50220326	HGNC:25862	NOL10	
MGI:1918180	Nol8		Nol8		MP:0011100		Nol8<tm1b(EUCOMM)Hmgu>	50225783	HGNC:23387	NOL8	
MGI:1921285	Nol9		Nol9		MP:0011100		Nol9<em1(IMPC)J>	50232123	HGNC:26265	NOL9	
MGI:1913431	Nop10		Nop10		MP:0011100		Nop10<tm1.1(KOMP)Vlcg>	50224699	HGNC:14378	NOP10	
MGI:97361	Nos2		Nos2		MP:0001260		Nos2<tm1Mrl>	50223980	HGNC:7873	NOS2	
MGI:97362	Nos3		Nos3		MP:0001260		Nos3<tm1Plh>	50235565	HGNC:7876	NOS3	
MGI:1913644	Nosip		Nosip		MP:0011100		Nosip<em1(IMPC)Tcp>	50228879	HGNC:17946	NOSIP	
MGI:97363	Notch1		Notch1		MP:0008762,MP:0011100		Notch1<tm1.1(cre/ERT2)Sat>|Notch1<tm1b(EUCOMM)Hmgu>	50219409	HGNC:7881	NOTCH1	
MGI:97364	Notch2		Notch2		MP:0008762,MP:0011101		Notch2<tm1.1(cre/ERT2)Sat>|Notch2<tm1Grid>	50224701	HGNC:7882	NOTCH2	
MGI:1351610	Npas3		Npas3		MP:0011100		Npas3<tm1b(KOMP)Wtsi>	50235569	HGNC:19311	NPAS3	
MGI:107605	Npat		Npat		MP:0011100		Npat<tm1b(EUCOMM)Wtsi>	50235570	HGNC:7896	NPAT	
MGI:2387153	Npb		Npb		MP:0001260		Npb<+>|Npb<tm1Ywa>|Npb<tm1Ywa>	50225399	HGNC:30099	NPB	
MGI:1097712	Npc1		Npc1		MP:0011101		Npc1<tm1Tacf>|Npc1<tm1Tacf>|Npc1<tm2Tacf>|Npc1<tm2Tacf>	50223761	HGNC:7897	NPC1	
MGI:2679787	Nploc4		Nploc4		MP:0011100		Nploc4<tm1a(EUCOMM)Wtsi>	50224712	HGNC:18261	NPLOC4	
MGI:104963	Npy1r		Npy1r		MP:0001260		Npy1r<tm1Mnak>	50227385	HGNC:7956	NPY1R	
MGI:108418	Npy2r		Npy2r		MP:0001260		Npy2r<tm1Pern>	50219902	HGNC:7957	NPY2R	
MGI:1352451	Nr2f1		Nr2f1		MP:0011100		Nr2f1<tm1.1(KOMP)Mbp>	50219117	HGNC:7975	NR2F1	
MGI:1352457	Nr4a3		Nr4a3		MP:0011101		Nr4a3<tm1Wnt>|Nr4a3<+>	50224700	HGNC:7982	NR4A3	
MGI:1346834	Nr5a2		Nr5a2		MP:0011101		Nr5a2<tm1Lex>|Nr5a2<+>	50221759	HGNC:7984	NR5A2	
MGI:1352459	Nr6a1		Nr6a1		MP:0011100		Nr6a1<tm1b(EUCOMM)Wtsi>	50222608	HGNC:7985	NR6A1	
MGI:97376	Nras		Nras		MP:0011100		Nras<tm1.1Emfu>|Nras<tm1b(EUCOMM)Hmgu>	50220206	HGNC:7989	NRAS	
MGI:2183436	Nrbp1		Nrbp1		MP:0011100		Nrbp1<tm3b(EUCOMM)Wtsi>	50226997	HGNC:7993	NRBP1	
MGI:2670969	Nrde2		Nrde2		MP:0011100		Nrde2<tm2a(KOMP)Wtsi>	50217856	HGNC:20186	NRDE2	
MGI:96083	Nrg1		Nrg1		MP:0011100		Nrg1<tm1Lex>	50229288	HGNC:7997	NRG1	
MGI:106206	Nrp1		Nrp1		MP:0011100		Nrp1<tm1b(EUCOMM)Hmgu>	50224706	HGNC:8004	NRP1	
MGI:1100492	Nrp2		Nrp2		MP:0011101		Nrp2<tm1.2Mom>	50223043	HGNC:8005	NRP2	
MGI:1913883	Nsa2		Nsa2		MP:0011100		Nsa2<em1(IMPC)Mbp>	50235586	HGNC:30728	NSA2	
MGI:1099438	Nsdhl		Nsdhl		MP:0002080		Nsdhl<Bpa-7H>	50229831	HGNC:13398	NSDHL	
MGI:104560	Nsf		Nsf		MP:0011100		Nsf<tm1b(KOMP)Mbp>	50224738	HGNC:8016	NSF	
MGI:2685830	Nsl1		Nsl1		MP:0011100		Nsl1<em1(IMPC)J>	50225936	HGNC:24548	NSL1	
MGI:1914961	Nsmce1		Nsmce1		MP:0011100		Nsmce1<em1(IMPC)Wtsi>	50231472	HGNC:29897	NSMCE1	
MGI:1915751	Nsmce2		Nsmce2		MP:0011100		Nsmce2<em1(IMPC)Bay>	50230601	HGNC:26513	NSMCE2	
MGI:2144305	Nsrp1		Nsrp1		MP:0011100		Nsrp1<em1(IMPC)Mbp>	50218723	HGNC:25305	NSRP1	
MGI:97383	Ntrk1		Ntrk1		MP:0011100		Ntrk1<tm1b(EUCOMM)Wtsi>	50228281	HGNC:8031	NTRK1	
MGI:97386	Ntsr1		Ntsr1		MP:0001260		Ntsr1<tm1Fer>	50227745	HGNC:8039	NTSR1	
MGI:1921387	Nuak2		Nuak2		MP:0001260		Nuak2<+>|Nuak2<tm1Esu>	50227891	HGNC:29558	NUAK2	
MGI:1347072	Nubp2		Nubp2		MP:0011100		Nubp2<tm1b(EUCOMM)Hmgu>	50229955	HGNC:8042	NUBP2	
MGI:1924076	Nubpl		Nubpl		MP:0011100		Nubpl<tm1b(KOMP)Wtsi>	50231443	HGNC:20278	NUBPL	
MGI:1934811	Nucks1		Nucks1		MP:0001260		Nucks1<tm1.2Vter>	50221616	HGNC:29923	NUCKS1	
MGI:1277103	Nudcd2		Nudcd2		MP:0002080,MP:0011100		Nudcd2<em1(IMPC)Bay>	50229342	HGNC:30535	NUDCD2	
MGI:2144158	Nudcd3		Nudcd3		MP:0011101		Nudcd3<em1(IMPC)Wtsi>	50231109	HGNC:22208	NUDCD3	
MGI:1915469	Nudt21		Nudt21		MP:0011100		Nudt21<em1(IMPC)Bay>	50219143	HGNC:13870	NUDT21	
MGI:1351474	Nufip1		Nufip1		MP:0011100		Nufip1<em1(IMPC)Mbp>	50221907	HGNC:8057	NUFIP1	
MGI:1915814	Nufip2		Nufip2		MP:0011100		Nufip2<em1(IMPC)J>	50235595	HGNC:17634	NUFIP2	
MGI:2442620	Nup133		Nup133		MP:0011100		Nup133<tm1b(EUCOMM)Wtsi>	50228570	HGNC:18016	NUP133	
MGI:2385621	Nup153		Nup153		MP:0011100		Nup153<em1(IMPC)J>	50221656	HGNC:8062	NUP153	
MGI:2181182	Nup155		Nup155		MP:0011100		Nup155<em1(IMPC)Mbp>	50230636	HGNC:8063	NUP155	
MGI:2141625	Nup205		Nup205		MP:0011100		Nup205<em1(IMPC)J>	50229739	HGNC:18658	NUP205	
MGI:1916732	Nup35		Nup35		MP:0011100,MP:0011101		Nup35<m1Apb>|Nup35<tm1b(EUCOMM)Wtsi>	50222215	HGNC:29797	NUP35	
MGI:1920460	Nup54		Nup54		MP:0011100		Nup54<em1(IMPC)Bay>	50229291	HGNC:17359	NUP54	
MGI:1351500	Nup62		Nup62		MP:0011100		Nup62<tm1b(KOMP)Wtsi>	50220697	HGNC:8066	NUP62	
MGI:3046173	Nup85		Nup85		MP:0011100		Nup85<tm1a(KOMP)Wtsi>	50224969	HGNC:8734	NUP85	
MGI:109404	Nup98		Nup98		MP:0011100		Nup98<em1(IMPC)Bay>	50223804	HGNC:8068	NUP98	
MGI:1915301	Nutf2		Nutf2		MP:0011100		Nutf2<tm1b(KOMP)Mbp>	50220831	HGNC:13722	NUTF2	
MGI:2442268	Nwd1		Nwd1		MP:0011101		Nwd1<em2.1Sisa>	50224559	HGNC:27619	NWD1	
MGI:109331	Nxn		Nxn		MP:0011100		Nxn<em1(IMPC)Bay>|Nxn<em1(IMPC)J>|Nxn<em1(IMPC)Mbp>|Nxn<tm1b(EUCOMM)Wtsi>	50224742	HGNC:18008	NXN	
MGI:97429	Oas1g		Oas1g		MP:0011100		Oas1g<tm1b(KOMP)Wtsi>	50235614	HGNC:8086	OAS1	
MGI:97454	Oca2		Oca2		MP:0001260,MP:0002080,MP:0011100		Oca2<p-12DTR>|Oca2<p-132G>|Oca2<p-30PUb>|Oca2<p-x>|Oca2<p-81H>|Oca2<p-82H>|Oca2<p-87H>|Oca2<p-96H>	50225014	HGNC:8101	OCA2	
MGI:97402	Odc1		Odc1		MP:0011100		Odc1<tm1b(EUCOMM)Hmgu>	50218976	HGNC:8109	ODC1	
MGI:1098267	Ogdh		Ogdh		MP:0011100		Ogdh<tm1e(KOMP)Wtsi>	50223453	HGNC:8124	OGDH	
MGI:1914309	Ola1		Ola1		MP:0011100		Ola1<em1(IMPC)Bay>	50221739	HGNC:28833	OLA1	
MGI:1355331	Olig2		Olig2		MP:0011100		Olig2<tm1Rth>	50229008	HGNC:9398	OLIG2	
MGI:1914263	Oma1		Oma1		MP:0001260		Oma1<tm1Otin>	50226790	HGNC:29661	OMA1	
MGI:1921393	Opa1		Opa1		MP:0011100		Opa1<em1(IMPC)Bay>	50222319	HGNC:8140	OPA1	
MGI:97441	Oprm1		Oprm1		MP:0001260		Oprm1<tm1Jep>	50229325	HGNC:8156	OPRM1	
MGI:1925542	Orai1		Orai1		MP:0011100,MP:0011101		Orai1<tm1Rao>|Orai1<tm1b(EUCOMM)Hmgu>	50223692	HGNC:25896	ORAI1	
MGI:1328337	Orc1		Orc1		MP:0011100		Orc1<tm1a(KOMP)Wtsi>|Orc1<tm1b(KOMP)Wtsi>	50224863	HGNC:8487	ORC1	
MGI:1328306	Orc2		Orc2		MP:0011100		Orc2<em1(IMPC)J>	50230061	HGNC:8488	ORC2	
MGI:1354944	Orc3		Orc3		MP:0011100		Orc3<tm1a(EUCOMM)Wtsi>	50221916	HGNC:8489	ORC3	
MGI:1929285	Orc6		Orc6		MP:0011100		Orc6<em1(IMPC)J>	50224865	HGNC:17151	ORC6	
MGI:97447	Osbp		Osbp		MP:0011100		Osbp<em1(IMPC)Tcp>	50225952	HGNC:8503	OSBP	
MGI:2146553	Osbpl11		Osbpl11		MP:0011100		Osbpl11<tm1b(EUCOMM)Hmgu>	50226914	HGNC:16397	OSBPL11	
MGI:1913496	Osgep		Osgep		MP:0011100		Osgep<em1(IMPC)Bay>	50222079	HGNC:18028	OSGEP	
MGI:99835	Otp		Otp		MP:0011100		Otp<M1H>|Otp<M1H>|Otp<tm1Asim>|Otp<tm1b(EUCOMM)Wtsi>	50218650	HGNC:8518	OTP	
MGI:2147616	Otub1		Otub1		MP:0011100		Otub1<tm1b(EUCOMM)Hmgu>	50220392	HGNC:23077	OTUB1	
MGI:2654703	Otud7b		Otud7b		MP:0011100		Otud7b<tm1b(EUCOMM)Wtsi>	50229309	HGNC:16683	OTUD7B	
MGI:3577015	Otulin		Otulin		MP:0011100		Otulin<em1(IMPC)Bay>	50220513	HGNC:25118	OTULIN	
MGI:1916339	Oxa1l		Oxa1l		MP:0011100		Oxa1l<em1(IMPC)Bay>	50230414	HGNC:8526	OXA1L	
MGI:1859158	Pabpn1		Pabpn1		MP:0002080		Pabpn1<tm1.2Gpvl>|Pabpn1<tm2.2Gpvl>	50220746	HGNC:8565	PABPN1	
MGI:1277113	Pacs1		Pacs1		MP:0011100		Pacs1<em1(IMPC)Hmgu>	50223698	HGNC:30032	PACS1	
MGI:1923988	Paf1		Paf1		MP:0011100		Paf1<em1(IMPC)J>	50217331	HGNC:25459	PAF1	
MGI:1914304	Paics		Paics		MP:0011100		Paics<em1(IMPC)Mbp>	50218259	HGNC:8587	PAICS	
MGI:1915333	Pak1ip1		Pak1ip1		MP:0011100		Pak1ip1<em1(IMPC)Tcp>	50220692	HGNC:20882	PAK1IP1	
MGI:1339984	Pak2		Pak2		MP:0011100		Pak2<em1(IMPC)H>|Pak2<tm1Dgen>|Pak2<tm1Rjak>	50218360	HGNC:8591	PAK2	
MGI:3040695	Palb2		Palb2		MP:0011100		Palb2<tm1.1(KOMP)Vlcg>	50220628	HGNC:26144	PALB2	
MGI:1913699	Pam16		Pam16		MP:0011100		Pam16<tm1b(EUCOMM)Wtsi>	50231079	HGNC:29679	PAM16	
MGI:1918984	Pan2		Pan2		MP:0008762		Pan2<m1Anu>	50221343	HGNC:20074	PAN2	
MGI:1922985	Pank1		Pank1		MP:0001260		Pank1<tm1.1Suja>	50221030	HGNC:8598	PANK1	
MGI:1921700	Pank2		Pank2		MP:0011100		Pank2<tm1.1Suja>	50230304	HGNC:15894	PANK2	
MGI:109301	Papola		Papola		MP:0011100		Papola<em1(IMPC)J>	50224937	HGNC:14981	PAPOLA	
MGI:1330587	Papss1		Papss1		MP:0011100		Papss1<em1(IMPC)Bay>	50225458	HGNC:8603	PAPSS1	
MGI:1330223	Papss2		Papss2		MP:0011100		Papss2<em1(IMPC)Bay>	50223044	HGNC:8604	PAPSS2	
MGI:2135608	Pard3		Pard3		MP:0011100		Pard3<tm1b(KOMP)Wtsi>	50217536	HGNC:16051	PARD3	
MGI:1347094	Parg		Parg		MP:0011100		Parg<tm2b(KOMP)Mbp>	50220270	HGNC:8605	PARG	
MGI:1340806	Parp1		Parp1		MP:0011101		Parp1<tm1Jmdm>	50227223	HGNC:270	PARP1	
MGI:1931144	Parva		Parva		MP:0011100		Parva<em1(IMPC)Ccpcz>	50224952	HGNC:14652	PARVA	
MGI:2153063	Parvb		Parvb		MP:0001260		Parvb<tm1a(EUCOMM)Wtsi>	50217258	HGNC:14653	PARVB	
MGI:2147679	Patl1		Patl1		MP:0011100		Patl1<tm1b(EUCOMM)Wtsi>	50220345	HGNC:26721	PATL1	
MGI:1891832	Patz1		Patz1		MP:0002080,MP:0011100,MP:0011101		Patz1<tm1.1(KOMP)Vlcg>|Patz1<tm1.1Welm>	50232622	HGNC:13071	PATZ1	
MGI:97487	Pax3		Pax3		MP:0008762,MP:0011101		Pax3<Rwa>|Pax3<Sp-4H>|Pax3<+>	50220246	HGNC:8617	PAX3	
MGI:97488	Pax4		Pax4		MP:0011100		Pax4<tm1b(EUCOMM)Hmgu>	50219456	HGNC:8618	PAX4	
MGI:97489	Pax5		Pax5		MP:0011100		Pax5<tm1b(EUCOMM)Wtsi>	50231676	HGNC:8619	PAX5	
MGI:97490	Pax6		Pax6		MP:0011100,MP:0011101		Pax6<Sey-Dey>|Pax6<+>|Pax6<em1(IMPC)Mbp>	50218251	HGNC:8620	PAX6	
MGI:97491	Pax7		Pax7		MP:0011100		Pax7<tm1.1(KOMP)Vlcg>	50224955	HGNC:8621	PAX7	
MGI:1923998	Pbrm1		Pbrm1		MP:0011100		Pbrm1<tm1b(EUCOMM)Wtsi>	50224956	HGNC:30064	PBRM1	
MGI:97496	Pbx3		Pbx3		MP:0011100		Pbx3<tm1b(EUCOMM)Wtsi>	50224960	HGNC:8634	PBX3	
MGI:97520	Pcx		Pcx		MP:0011100		Pcx<tm1b(EUCOMM)Wtsi>	50223981	HGNC:8636	PC	
MGI:1914154	Pccb		Pccb		MP:0011100		Pccb<tm1.1(KOMP)Vlcg>	50231217	HGNC:8654	PCCB	
MGI:1917087	Pcgf1		Pcgf1		MP:0011100		Pcgf1<tm1.1(KOMP)Vlcg>	50224739	HGNC:17615	PCGF1	
MGI:99161	Pcgf2		Pcgf2		MP:0011100		Pcgf2<tm1b(KOMP)Mbp>	50236115	HGNC:12929	PCGF2	
MGI:1916837	Pcgf3		Pcgf3		MP:0011100		Pcgf3<em1(IMPC)Bay>	50236116	HGNC:10066	PCGF3	
MGI:1918291	Pcgf6		Pcgf6		MP:0011101		Pcgf6<tm1.2Hko>	50223668	HGNC:21156	PCGF6	
MGI:2443003	Pcid2		Pcid2		MP:0011100		Pcid2<em1(IMPC)Ccpcz>	50220348	HGNC:25653	PCID2	
MGI:1923552	Pcnp		Pcnp		MP:0011100		Pcnp<em1(IMPC)Mbp>	50229502	HGNC:30023	PCNP	
MGI:102722	Pcnt		Pcnt		MP:0011100		Pcnt<em1(IMPC)Mbp>	50221555	HGNC:16068	PCNT	
MGI:97511	Pcsk1		Pcsk1		MP:0001260,MP:0011101		Pcsk1<N222D>|Pcsk1<tm1Dfs>	50232171	HGNC:8743	PCSK1	
MGI:97515	Pcsk5		Pcsk5		MP:0011100		Pcsk5<tm1b(KOMP)Mbp>	50224962	HGNC:8747	PCSK5	
MGI:104643	Pdcd2		Pdcd2		MP:0011100		Pdcd2<tm1b(EUCOMM)Wtsi>	50230854	HGNC:8762	PDCD2	
MGI:1333753	Pdcd6ip		Pdcd6ip		MP:0011069		Pdcd6ip<tm1.2Adz>	50228859	HGNC:8766	PDCD6IP	
MGI:1859170	Pdcd7		Pdcd7		MP:0011100		Pdcd7<em1(IMPC)Mbp>	50229741	HGNC:8767	PDCD7	
MGI:2443226	Pde12		Pde12		MP:0011100		Pde12<tm1b(KOMP)Wtsi>	50221493	HGNC:25386	PDE12	
MGI:2446107	Pde2a		Pde2a		MP:0011100		Pde2a<em1(IMPC)H>	50236124	HGNC:8777	PDE2A	
MGI:1333863	Pde3b		Pde3b		MP:0001260		Pde3b<tm1Yhc>	50236125	HGNC:8779	PDE3B	
MGI:1891434	Pde4dip		Pde4dip		MP:0011100		Pde4dip<tm1b(KOMP)Wtsi>	50220978	HGNC:15580	PDE4DIP	
MGI:1919035	Pdgfd		Pdgfd		MP:0001260		Pdgfd<tm1Ueks>	50231636	HGNC:30620	PDGFD	
MGI:97530	Pdgfra		Pdgfra		MP:0002080,MP:0011100		Pdgfra<em1(IMPC)Ccpcz>|Pdgfra<tm11(EGFP)Sor>	50220212	HGNC:8803	PDGFRA	
MGI:97531	Pdgfrb		Pdgfrb		MP:0011100		Pdgfrb<tm1b(EUCOMM)Hmgu>	50224987	HGNC:8804	PDGFRB	
MGI:1915513	Pdhb		Pdhb		MP:0011100		Pdhb<em1(IMPC)Bay>	50224635	HGNC:8808	PDHB	
MGI:1351627	Pdhx		Pdhx		MP:0011100		Pdhx<tm1b(EUCOMM)Hmgu>	50230981	HGNC:21350	PDHX	
MGI:95834	Pdia3		Pdia3		MP:0011100		Pdia3<em1(IMPC)Hmgu>	50220181	HGNC:4606	PDIA3	
MGI:1919103	Pdia6		Pdia6		MP:0011100		Pdia6<em1Btlr>|Pdia6<tm1b(EUCOMM)Hmgu>	50224988	HGNC:30168	PDIA6	
MGI:1859274	Pdlim3		Pdlim3		MP:0011101		Pdlim3<tm1Krc>	50217341	HGNC:20767	PDLIM3	
MGI:1338068	Pdpk1		Pdpk1		MP:0011101		Pdpk1<+>|Pdpk1<tm2Ejm>|Pdpk1<tm1.2Mlw>|Pdpk1<tm1Mlw>|Pdpk1<tm1Mlw>	50223919	HGNC:8816	PDPK1	
MGI:1338068	Pdpk1		Pdpk1		MP:0011101		Pdpk1<+>|Pdpk1<tm2Ejm>|Pdpk1<tm1.2Mlw>|Pdpk1<tm1Mlw>|Pdpk1<tm1Mlw>	50223919	HGNC:49897	PDPK2P	
MGI:1918771	Pds5a		Pds5a		MP:0011101		Pds5a<tm1.1Alos>	50230201	HGNC:29088	PDS5A	
MGI:2140945	Pds5b		Pds5b		MP:0011101		Pds5b<tm1.2Alos>	50232407	HGNC:20418	PDS5B	
MGI:1889278	Pdss1		Pdss1		MP:0011100		Pdss1<em1(IMPC)Mbp>	50228271	HGNC:17759	PDSS1	
MGI:1918615	Pdss2		Pdss2		MP:0011100		Pdss2<tm1b(EUCOMM)Hmgu>	50231345	HGNC:23041	PDSS2	
MGI:102851	Pdx1		Pdx1		MP:0011100		Pdx1<tm1b(EUCOMM)Wtsi>	50223990	HGNC:6107	PDX1	
MGI:1351869	Pdxk		Pdxk		MP:0011100		Pdxk<tm1a(EUCOMM)Wtsi>	50218091	HGNC:8819	PDXK	
MGI:104748	Peg3		Peg3		MP:0001260		Peg3<+>|Peg3<tm1.1Jkim>	50236135	HGNC:8826	PEG3	
MGI:97542	Pepd		Pepd		MP:0010770,MP:0011101		Pepd<dal>	50218059	HGNC:8840	PEPD	
MGI:1195265	Per2		Per2		MP:0001260		Per2<tm1Brd>	50222105	HGNC:8846	PER2	
MGI:1890613	Pes1		Pes1		MP:0011100		Pes1<tm1b(EUCOMM)Wtsi>	50220231	HGNC:8848	PES1	
MGI:1918632	Pex1		Pex1		MP:0011100		Pex1<tm1e.1(EUCOMM)Hmgu>	50232111	HGNC:8850	PEX1	
MGI:1338788	Pex11a		Pex11a		MP:0001260		Pex11a<tm1Itl>	50227840	HGNC:8852	PEX11A	
MGI:1927868	Pex14		Pex14		MP:0011100		Pex14<em1(IMPC)Bay>	50220995	HGNC:8856	PEX14	
MGI:1334458	Pex19		Pex19		MP:0011100		Pex19<em1(IMPC)Bay>	50225198	HGNC:9713	PEX19	
MGI:1921293	Pex26		Pex26		MP:0011100		Pex26<tm1.1(KOMP)Vlcg>	50222296	HGNC:22965	PEX26	
MGI:2385054	Pex6		Pex6		MP:0011100		Pex6<em1(IMPC)Bay>|Pex6<em1(IMPC)Tcp>	50226776	HGNC:8859	PEX6	
MGI:2684864	Pfas		Pfas		MP:0011100		Pfas<em1(IMPC)J>	50221588	HGNC:8863	PFAS	
MGI:1914449	Pfdn1		Pfdn1		MP:0011100		Pfdn1<em1(IMPC)J>	50229723	HGNC:8866	PFDN1	
MGI:1276111	Pfdn2		Pfdn2		MP:0011100		Pfdn2<em1(IMPC)Bay>	50223317	HGNC:8867	PFDN2	
MGI:1928753	Pfdn5		Pfdn5		MP:0002080,MP:0011100		Pfdn5<tm1b(EUCOMM)Wtsi>	50228576	HGNC:8869	PFDN5	
MGI:97547	Pfkl		Pfkl		MP:0011100		Pfkl<tm1a(EUCOMM)Wtsi>	50225012	HGNC:8876	PFKL	
MGI:97549	Pfn1		Pfn1		MP:0011100,MP:0011101		Pfn1<+>|Pfn1<tm1Wit>|Pfn1<tm1Wit>|Pfn1<+>|Pfn1<tm1a(EUCOMM)Wtsi>	50220428	HGNC:8881	PFN1	
MGI:1919792	Pgam5		Pgam5		MP:0011101		Pgam5<tm1d(EUCOMM)Wtsi>	50220828	HGNC:28763	PGAM5	
MGI:2443342	Pgap1		Pgap1		MP:0011100,MP:0011101		Pgap1<em1(IMPC)J>|Pgap1<oto>	50227155	HGNC:25712	PGAP1	
MGI:2385286	Pgap2		Pgap2		MP:0011100		Pgap2<tm1b(EUCOMM)Wtsi>	50222428	HGNC:17893	PGAP2	
MGI:1913421	Pgls		Pgls		MP:0011100		Pgls<em1(IMPC)Bay>	50220693	HGNC:8903	PGLS	
MGI:97565	Pgm1		Pgm1		MP:0011100		Pgm1<em1(IMPC)J>	50230861	HGNC:8905	PGM1	
MGI:97566	Pgm3		Pgm3		MP:0011100		Pgm3<em1(IMPC)Hmgu>	50221204	HGNC:8907	PGM3	
MGI:1921701	Pgs1		Pgs1		MP:0011100		Pgs1<tm1b(EUCOMM)Hmgu>	50236146	HGNC:30029	PGS1	
MGI:2140327	Phactr4		Phactr4		MP:0011100		Phactr4<em1(IMPC)Hmgu>	50225020	HGNC:25793	PHACTR4	
MGI:97572	Phb1		Phb1		MP:0011100,MP:0011101		Phb1<Gt(OST368818)Lex>|Phb1<em1(IMPC)H>|Phb1<tm1Bwo>	50220384	HGNC:8912	PHB1	
MGI:102520	Phb2		Phb2		MP:0011101		Phb2<+>|Phb2<tm1Katz>	50217689	HGNC:30306	PHB2	
MGI:1919307	Phf10		Phf10		MP:0011100		Phf10<tm1b(EUCOMM)Hmgu>	50229301	HGNC:18250	PHF10	
MGI:1923539	Phf14		Phf14		MP:0011100		Phf14<em1(IMPC)Hmgu>	50221045	HGNC:22203	PHF14	
MGI:1918248	Phf6		Phf6		MP:0011100		Phf6<tm1b(EUCOMM)Wtsi>	50228612	HGNC:18145	PHF6	
MGI:1355330	Phgdh		Phgdh		MP:0002080,MP:0011100		Phgdh<tm1b(KOMP)Wtsi>	50220819	HGNC:8923	PHGDH	
MGI:1932404	Phip		Phip		MP:0011100		Phip<em1(IMPC)Tcp>	50223703	HGNC:15673	PHIP	
MGI:2448506	Pi4ka		Pi4ka		MP:0011100		Pi4ka<tm1b(EUCOMM)Wtsi>	50225030	HGNC:8983	PI4KA	
MGI:1261910	Pibf1		Pibf1		MP:0011100		Pibf1<tm1.1(KOMP)Vlcg>	50229403	HGNC:23352	PIBF1	
MGI:1916577	Pierce1		Pierce1		MP:0011101		Pierce1<tm2b(EUCOMM)Wtsi>	50218987	HGNC:28435	PIERCE1	
MGI:3603204	Piezo1		Piezo1		MP:0011100,MP:0011101		Piezo1<em1Dbee>|Piezo1<tm1b(KOMP)Wtsi>	50220582	HGNC:28993	PIEZO1	
MGI:1918781	Piezo2		Piezo2		MP:0011100		Piezo2<em1(IMPC)J>|Piezo2<em2(IMPC)J>	50236154	HGNC:26270	PIEZO2	
MGI:1914542	Pigc		Pigc		MP:0011100		Pigc<em1(IMPC)J>	50228928	HGNC:8960	PIGC	
MGI:99462	Pigf		Pigf		MP:0011100		Pigf<tm1a(KOMP)Wtsi>	50231122	HGNC:8962	PIGF	
MGI:99463	Pigh		Pigh		MP:0011100		Pigh<tm1.1(KOMP)Vlcg>	50231467	HGNC:8964	PIGH	
MGI:1913863	Pigk		Pigk		MP:0011100		Pigk<em1(IMPC)Bay>	50222696	HGNC:8965	PIGK	
MGI:2681271	Pigl		Pigl		MP:0011100		Pigl<tm1b(KOMP)Wtsi>	50223352	HGNC:8966	PIGL	
MGI:1914806	Pigm		Pigm		MP:0011100		Pigm<tm1.1(KOMP)Vlcg>	50230930	HGNC:18858	PIGM	
MGI:1351629	Pign		Pign		MP:0011100		Pign<em1(IMPC)Mbp>	50230529	HGNC:8967	PIGN	
MGI:1861452	Pigo		Pigo		MP:0011100		Pigo<tm1b(EUCOMM)Wtsi>	50227193	HGNC:23215	PIGO	
MGI:1333114	Pigq		Pigq		MP:0011100		Pigq<tm2b(EUCOMM)Wtsi>	50218317	HGNC:14135	PIGQ	
MGI:1926178	Pigt		Pigt		MP:0011100		Pigt<tm1Lex>	50225985	HGNC:14938	PIGT	
MGI:3039607	Pigu		Pigu		MP:0011100		Pigu<tm1b(EUCOMM)Hmgu>	50232456	HGNC:15791	PIGU	
MGI:1919334	Pigx		Pigx		MP:0011100		Pigx<em1(IMPC)Bay>	50226749	HGNC:26046	PIGX	
MGI:1913518	Pigyl		Pigyl		MP:0011100		Pigyl<em1(IMPC)Mbp>	50236156	HGNC:28213	PIGY	
MGI:1203729	Pik3c2a		Pik3c2a		MP:0011100		Pik3c2a<tm1b(EUCOMM)Hmgu>	50225393	HGNC:8971	PIK3C2A	
MGI:1203730	Pik3c2g		Pik3c2g		MP:0001260		Pik3c2g<tm1Ehi>	50225691	HGNC:8973	PIK3C2G	
MGI:1922019	Pik3cb		Pik3cb		MP:0011100		Pik3cb<Gt(OST147188)Lex>	50221064	HGNC:8976	PIK3CB	
MGI:1919650	Pinx1		Pinx1		MP:0011101		Pinx1<tm1.1Kplu>|Pinx1<+>	50218305	HGNC:30046	PINX1	
MGI:2448501	Pip4p1		Pip4p1		MP:0001260		Pip4p1<em1(IMPC)Ccpcz>	50221721	HGNC:19299	PIP4P1	
MGI:1298224	Pip5k1c		Pip5k1c		MP:0011100		Pip5k1c<tm1b(KOMP)Wtsi>	50225045	HGNC:8996	PIP5K1C	
MGI:1916867	Pitrm1		Pitrm1		MP:0011100		Pitrm1<tm1a(KOMP)Wtsi>	50228565	HGNC:17663	PITRM1	
MGI:107374	Pitx1		Pitx1		MP:0011100		Pitx1<em1(IMPC)Wtsi>	50230030	HGNC:9004	PITX1	
MGI:109340	Pitx2		Pitx2		MP:0002080,MP:0011100		Pitx2<tm1b(EUCOMM)Wtsi>	50225050	HGNC:9005	PITX2	
MGI:97603	Pkd1		Pkd1		MP:0011100,MP:0011101		Pkd1<tm1b(EUCOMM)Hmgu>|Pkd1<tm3.1Jzh>	50225053	HGNC:9008	PKD1	
MGI:2147077	Pkdcc		Pkdcc		MP:0011100		Pkdcc<em1(IMPC)Mbp>	50225054	HGNC:25123	PKDCC	
MGI:2155808	Pkhd1		Pkhd1		MP:0011101		Pkhd1<tm1Gwu>	50236173	HGNC:9016	PKHD1	
MGI:97591	Pkm		Pkm		MP:0011100		Pkm<em1(IMPC)Bay>	50218074	HGNC:9021	PKM	
MGI:2137630	Pkmyt1		Pkmyt1		MP:0011100		Pkmyt1<em1(IMPC)J>	50223908	HGNC:29650	PKMYT1	
MGI:109211	Pkn2		Pkn2		MP:0011100		Pkn2<tm1b(KOMP)Wtsi>	50225057	HGNC:9406	PKN2	
MGI:1347522	Pla2g10		Pla2g10		MP:0001260		Pla2g10<+>|Pla2g10<tm1a(EUCOMM)Hmgu>	50231347	HGNC:9029	PLA2G10	
MGI:104810	Plaa		Plaa		MP:0011100		Plaa<em1(IMPC)Kmpc>|Plaa<em1Pmi>|Plaa<tm1(NCOM)Cmhd>	50218463	HGNC:9043	PLAA	
MGI:2445289	Plac8		Plac8		MP:0001260		Plac8<+>|Plac8<tm1Bhk>|Plac8<tm1Bhk>	50225083	HGNC:19254	PLAC8	
MGI:1100874	Plagl1		Plagl1		MP:0002080,MP:0011101		Plagl1<Gt(OST181461)Lex>|Plagl1<Gt(OST181461)Lex>|Plagl1<+>	50236184	HGNC:9046	PLAGL1	
MGI:1277961	Plec		Plec		MP:0011100		Plec<em1(IMPC)Bay>	50220471	HGNC:9069	PLEC	
MGI:2442213	Plekha1		Plekha1		MP:0001260		Plekha1<Gt(ROSA)82Sor>	50221374	HGNC:14335	PLEKHA1	
MGI:1919537	Plekhf1		Plekhf1		MP:0011100		Plekhf1<em1(IMPC)Wtsi>	50230880	HGNC:20764	PLEKHF1	
MGI:2387630	Plekhn1		Plekhn1		MP:0001260		Plekhn1<tm1.1Hkon>	50227734	HGNC:25284	PLEKHN1	
MGI:97621	Plk1		Plk1		MP:0011100		Plk1<tm1b(EUCOMM)Hmgu>	50218424	HGNC:9077	PLK1	
MGI:1099790	Plk2		Plk2		MP:0011100		Plk2<tm1Elan>	50223902	HGNC:19699	PLK2	
MGI:1347007	Plod2		Plod2		MP:0002080,MP:0011100		Plod2<em1(IMPC)J>	50224184	HGNC:9082	PLOD2	
MGI:1347008	Plod3		Plod3		MP:0011100,MP:0011101		Plod3<tm1.1(KOMP)Wtsi>|Plod3<ugli>	50218399	HGNC:9083	PLOD3	
MGI:1915166	Plpp3		Plpp3		MP:0002080,MP:0011100		Plpp3<tm1b(EUCOMM)Hmgu>|Plpp3<tm2Stw>	50224237	HGNC:9229	PLPP3	
MGI:2445183	Plpp7		Plpp7		MP:0011100		Plpp7<em1Eno>	50223631	HGNC:28174	PLPP7	
MGI:1923019	Plppr5		Plppr5		MP:0001260		Plppr5<em2Gpt>	50224242	HGNC:31703	PLPPR5	
MGI:104807	Pls3		Pls3		MP:0010770		Pls3<em1Bult>	50228906	HGNC:9091	PLS3	
MGI:1890497	Plvap		Plvap		MP:0011100		Plvap<tm1.2Rvst>	50219874	HGNC:13635	PLVAP	
MGI:2154239	Plxnb2		Plxnb2		MP:0001260		Plxnb2<+>|Plxnb2<tm1a(EUCOMM)Wtsi>	50222294	HGNC:9104	PLXNB2	
MGI:2154244	Plxnd1		Plxnd1		MP:0011101		Plxnd1<em1Zho>	50224774	HGNC:9107	PLXND1	
MGI:1859214	Pmm2		Pmm2		MP:0011100,MP:0011101		Pmm2<tm1.1Jins>|Pmm2<tm1b(EUCOMM)Hmgu>|Pmm2<tm2.1Jins>|Pmm2<tm1.1Jins>	50218465	HGNC:9115	PMM2	
MGI:1918568	Pmpca		Pmpca		MP:0011100		Pmpca<em1(IMPC)J>	50229137	HGNC:18667	PMPCA	
MGI:1920328	Pmpcb		Pmpcb		MP:0011100		Pmpcb<tm1b(EUCOMM)Hmgu>	50229721	HGNC:9119	PMPCB	
MGI:1913875	Pnisr		Pnisr		MP:0011100		Pnisr<em1(IMPC)Ccpcz>	50220759	HGNC:21222	PNISR	
MGI:1891698	Pnkp		Pnkp		MP:0011100		Pnkp<em1(IMPC)Mbp>	50221748	HGNC:9154	PNKP	
MGI:97723	Pnliprp1		Pnliprp1		MP:0001260		Pnliprp1<tm1Smoc>	50236205	HGNC:9156	PNLIPRP1	
MGI:1100514	Pnn		Pnn		MP:0011100		Pnn<tm1.1(KOMP)Vlcg>	50220760	HGNC:9162	PNN	
MGI:97365	Pnp		Pnp		MP:0011101		Pnp<g>	50224704	HGNC:7892	PNP	
MGI:1914103	Pnpla2		Pnpla2		MP:0001260		Pnpla2<tm1Rze>	50217555	HGNC:30802	PNPLA2	
MGI:1914702	Pnpla8		Pnpla8		MP:0011101		Pnpla8<tm1Rigr>	50227835	HGNC:28900	PNPLA8	
MGI:1918951	Pnpt1		Pnpt1		MP:0008762		Pnpt1<tm1.1Teit>	50236216	HGNC:23166	PNPT1	
MGI:1917485	Poc1a		Poc1a		MP:0011100		Poc1a<cha>	50228536	HGNC:24488	POC1A	
MGI:1351317	Podxl		Podxl		MP:0011100		Podxl<em1(IMPC)H>	50221278	HGNC:9171	PODXL	
MGI:1916863	Pofut2		Pofut2		MP:0008762		Pofut2<tm2Bch>	50221428	HGNC:14683	POFUT2	
MGI:2444232	Poglut1		Poglut1		MP:0011100		Poglut1<em1(IMPC)Bay>	50224140	HGNC:22954	POGLUT1	
MGI:2442117	Pogz		Pogz		MP:0011100		Pogz<tm1.2Jrk>	50223476	HGNC:18801	POGZ	
MGI:99690	Pola2		Pola2		MP:0011100		Pola2<tm1b(KOMP)Mbp>	50236220	HGNC:30073	POLA2	
MGI:97740	Polb		Polb		MP:0011100,MP:0011101		Polb<tm1.1Rsky>|Polb<tm1a(KOMP)Wtsi>	50219500	HGNC:9174	POLB	
MGI:1097163	Pold2		Pold2		MP:0011100		Pold2<tm1.1(KOMP)Vlcg>	50227864	HGNC:9176	POLD2	
MGI:1915217	Pold3		Pold3		MP:0011100		Pold3<tm1b(EUCOMM)Wtsi>	50229976	HGNC:20932	POLD3	
MGI:1197514	Pole2		Pole2		MP:0011100		Pole2<em1(IMPC)Mbp>	50218950	HGNC:9178	POLE2	
MGI:1933378	Pole3		Pole3		MP:0011100		Pole3<em1(IMPC)J>	50231077	HGNC:13546	POLE3	
MGI:1354947	Polg2		Polg2		MP:0011100		Polg2<tm1a(EUCOMM)Wtsi>	50223931	HGNC:9180	POLG2	
MGI:1096397	Polr1a		Polr1a		MP:0011100		Polr1a<tm1b(EUCOMM)Hmgu>	50220405	HGNC:17264	POLR1A	
MGI:108014	Polr1b		Polr1b		MP:0011100		Polr1b<em1(IMPC)Tcp>	50229025	HGNC:20454	POLR1B	
MGI:103288	Polr1c		Polr1c		MP:0011100		Polr1c<em1(IMPC)J>	50230970	HGNC:20194	POLR1C	
MGI:108403	Polr1d		Polr1d		MP:0011100		Polr1d<em1(IMPC)J>	50223959	HGNC:20422	POLR1D	
MGI:1917583	Polr1g		Polr1g		MP:0011100		Polr1g<tm1b(KOMP)Wtsi>	50218797	HGNC:24219	POLR1G	
MGI:2388280	Polr2b		Polr2b		MP:0011100		Polr2b<em1(IMPC)Bay>	50229591	HGNC:9188	POLR2B	
MGI:1914960	Polr2g		Polr2g		MP:0011100		Polr2g<em1(IMPC)J>	50225080	HGNC:9194	POLR2G	
MGI:2384309	Polr2h		Polr2h		MP:0011100		Polr2h<tm1.1(KOMP)Wtsi>	50229659	HGNC:9195	POLR2H	
MGI:109582	Polr2j		Polr2j		MP:0011100		Polr2j<em1(IMPC)Bay>	50225335	HGNC:9197	POLR2J	
MGI:109582	Polr2j		Polr2j		MP:0011100		Polr2j<em1(IMPC)Bay>	50225335	HGNC:23208	POLR2J2	
MGI:109582	Polr2j		Polr2j		MP:0011100		Polr2j<em1(IMPC)Bay>	50225335	HGNC:33853	POLR2J3	
MGI:1913741	Polr2l		Polr2l		MP:0011100		Polr2l<em1(IMPC)J>	50229800	HGNC:9199	POLR2L	
MGI:2681836	Polr3a		Polr3a		MP:0011100		Polr3a<em2(IMPC)Tcp>	50221047	HGNC:30074	POLR3A	
MGI:1917678	Polr3b		Polr3b		MP:0011100		Polr3b<em7(IMPC)Tcp>	50226919	HGNC:30348	POLR3B	
MGI:1914315	Polr3d		Polr3d		MP:0011100		Polr3d<em1(IMPC)Tcp>	50230748	HGNC:1080	POLR3D	
MGI:1924086	Polr3f		Polr3f		MP:0011100		Polr3f<tm1a(EUCOMM)Wtsi>	50230731	HGNC:15763	POLR3F	
MGI:1914736	Polr3g		Polr3g		MP:0011100		Polr3g<tm1a(EUCOMM)Wtsi>	50227011	HGNC:30075	POLR3G	
MGI:2137624	Pom121		Pom121		MP:0011100		Pom121<tm1b(EUCOMM)Wtsi>	50228598	HGNC:19702	POM121	
MGI:2137624	Pom121		Pom121		MP:0011100		Pom121<tm1b(EUCOMM)Wtsi>	50228598	HGNC:34004	POM121B	
MGI:2137624	Pom121		Pom121		MP:0011100		Pom121<tm1b(EUCOMM)Wtsi>	50228598	HGNC:34005	POM121C	
MGI:97742	Pomc		Pomc		MP:0001260,MP:0011101		Pomc<tm1.1Kgm>|Pomc<tm1Low>|Pomc<tm2Ute>	50217185	HGNC:9201	POMC	
MGI:1915523	Pomgnt1		Pomgnt1		MP:0011100		Pomgnt1<tm1.1Cfg>	50223812	HGNC:19139	POMGNT1	
MGI:1921903	Pomk		Pomk		MP:0011100		Pomk<em1(IMPC)Hmgu>	50229003	HGNC:26267	POMK	
MGI:2138994	Pomt1		Pomt1		MP:0011100		Pomt1<Gt(OST194127)Lex>	50230191	HGNC:9202	POMT1	
MGI:106686	Pon3		Pon3		MP:0001260		Pon3<tm1Dmsh>	50222346	HGNC:9206	PON3	
MGI:1914974	Pop1		Pop1		MP:0011100		Pop1<em1(IMPC)Bay>	50232694	HGNC:30129	POP1	
MGI:1913411	Pop4		Pop4		MP:0011100		Pop4<tm1a(EUCOMM)Wtsi>	50229693	HGNC:30081	POP4	
MGI:2151221	Pop5		Pop5		MP:0011100		Pop5<em1(IMPC)J>	50221521	HGNC:17689	POP5	
MGI:1921347	Pop7		Pop7		MP:0011100		Pop7<em1(IMPC)J>	50222185	HGNC:19949	POP7	
MGI:97744	Por		Por		MP:0011101		Por<tm2Ding>|Por<+>	50220914	HGNC:9208	POR	
MGI:1890212	Porcn		Porcn		MP:0002080,MP:0011101		Porcn<Gt(CSD256)Byg>|Porcn<tm1.2Vdv>|Porcn<+>	50225085	HGNC:17652	PORCN	
MGI:97588	Pou1f1		Pou1f1		MP:0011100		Pou1f1<em1(IMPC)Bay>	50225047	HGNC:9210	POU1F1	
MGI:3687343	D930028M14Rik		D930028M14Rik		MP:0011100		D930028M14Rik<tm1a(EUCOMM)Wtsi>	50236227	HGNC:56644	POU2F2-AS2	
MGI:1922026	Ppa2		Ppa2		MP:0011100		Ppa2<em1(IMPC)J>	50231176	HGNC:28883	PPA2	
MGI:104740	Ppara		Ppara		MP:0001260		Ppara<tm1Gonz>	50224718	HGNC:9232	PPARA	
MGI:101884	Ppard		Ppard		MP:0002080,MP:0011101		Ppard<tm1Jps>|Ppard<tm1Wwah>	50220498	HGNC:9235	PPARD	
MGI:97747	Pparg		Pparg		MP:0002080,MP:0011100		Pparg<tm1Avp>|Pparg<tm1Wwah>|Pparg<tm1b(KOMP)Wtsi>	50217464	HGNC:9236	PPARG	
MGI:2387203	Ppat		Ppat		MP:0011100		Ppat<em1(IMPC)Tcp>	50223311	HGNC:9238	PPAT	
MGI:1924750	Ppfia1		Ppfia1		MP:0011100		Ppfia1<em1(IMPC)J>	50230448	HGNC:9245	PPFIA1	
MGI:1914783	Ppfibp1		Ppfibp1		MP:0011100		Ppfibp1<em1(IMPC)J>	50236230	HGNC:9249	PPFIBP1	
MGI:97749	Ppia		Ppia		MP:0011101		Ppia<tm1Lubn>	50219301	HGNC:9253	PPIA	
MGI:1917118	Ppie		Ppie		MP:0011100		Ppie<em1(IMPC)Tcp>	50229830	HGNC:9258	PPIE	
MGI:1916066	Ppil1		Ppil1		MP:0011100		Ppil1<em1(IMPC)Mbp>	50229940	HGNC:9260	PPIL1	
MGI:1858214	Ppm1d		Ppm1d		MP:0011101		Ppm1d<tm1Lad>	50225092	HGNC:9277	PPM1D	
MGI:1918464	Ppm1f		Ppm1f		MP:0011100		Ppm1f<tm1Dgen>	50217993	HGNC:19388	PPM1F	
MGI:2139740	Ppm1l		Ppm1l		MP:0001260		Ppm1l<tm1Dgen>	50230102	HGNC:16381	PPM1L	
MGI:1919840	Ppme1		Ppme1		MP:0011100		Ppme1<em1(IMPC)Rbrc>	50222337	HGNC:30178	PPME1	
MGI:104968	Ppox		Ppox		MP:0011100		Ppox<em1(IMPC)J>	50224465	HGNC:9280	PPOX	
MGI:104871	Ppp1cb		Ppp1cb		MP:0011100		Ppp1cb<Gt(OST319712)Lex>	50223253	HGNC:9282	PPP1CB	
MGI:1923747	Ppp1r11		Ppp1r11		MP:0011100		Ppp1r11<em1(IMPC)J>	50229233	HGNC:9285	PPP1R11	
MGI:1916417	Ppp1r12b		Ppp1r12b		MP:0001260		Ppp1r12b<em1(IMPC)J>	50236232	HGNC:7619	PPP1R12B	
MGI:1923392	Ppp1r14c		Ppp1r14c		MP:0011101		Ppp1r14c<tm1Uhl>	50223596	HGNC:14952	PPP1R14C	
MGI:1921075	Ppp1r21		Ppp1r21		MP:0011100		Ppp1r21<em1(IMPC)Bay>	50231337	HGNC:30595	PPP1R21	
MGI:1922853	Ppp1r35		Ppp1r35		MP:0011100		Ppp1r35<tm1.1(KOMP)Vlcg>	50230158	HGNC:28320	PPP1R35	
MGI:2153588	Ppp1r3a		Ppp1r3a		MP:0001260		Ppp1r3a<tm1Ptwc>	50223847	HGNC:9291	PPP1R3A	
MGI:1919228	Ppp2r2a		Ppp2r2a		MP:0011100		Ppp2r2a<tm1b(KOMP)Wtsi>	50224354	HGNC:9304	PPP2R2A	
MGI:1930009	Ppp2r3c		Ppp2r3c		MP:0011100		Ppp2r3c<em1(IMPC)H>	50230637	HGNC:17485	PPP2R3C	
MGI:3027896	Ppp4r2		Ppp4r2		MP:0011100		Ppp4r2<tm2b(EUCOMM)Hmgu>	50221720	HGNC:18296	PPP4R2	
MGI:1915107	Ppp6c		Ppp6c		MP:0011100		Ppp6c<tm1b(EUCOMM)Hmgu>	50230718	HGNC:9323	PPP6C	
MGI:1298204	Ppt1		Ppt1		MP:0001260		Ppt1<tm1.1Dprc>	50229190	HGNC:9325	PPT1	
MGI:1858961	Prc1		Prc1		MP:0008762,MP:0011100		Prc1<m1Anu>|Prc1<tm1b(EUCOMM)Hmgu>	50218209	HGNC:9341	PRC1	
MGI:99655	Prdm1		Prdm1		MP:0011100		Prdm1<em1(IMPC)Bay>	50217749	HGNC:9346	PRDM1	
MGI:2682952	Prdm10		Prdm10		MP:0011100		Prdm10<tm1b(EUCOMM)Hmgu>	50225973	HGNC:13995	PRDM10	
MGI:2685844	Prdm12		Prdm12		MP:0011100		Prdm12<tm2b(EUCOMM)Hmgu>	50225111	HGNC:13997	PRDM12	
MGI:1917923	Prdm16		Prdm16		MP:0011101		Prdm16<Gt(OST67423)Lex>	50221212	HGNC:14000	PRDM16	
MGI:88034	Prdx3		Prdx3		MP:0001260		Prdx3<tm1Hjha>	50218509	HGNC:9354	PRDX3	
MGI:1859821	Prdx5		Prdx5		MP:0001260		Prdx5<tm1Dsle>	50229802	HGNC:9355	PRDX5	
MGI:1355326	Preb		Preb		MP:0011100		Preb<em1(IMPC)J>	50225402	HGNC:9356	PREB	
MGI:1270863	Prep		Prep		MP:0001260,MP:0011100		Prep<Gt(RRM213)Byg>|Prep<+>|Prep<tm1b(KOMP)Wtsi>	50223579	HGNC:9358	PREP	
MGI:97757	Prim1		Prim1		MP:0011100		Prim1<em1(IMPC)J>	50220358	HGNC:9369	PRIM1	
MGI:97760	Prkar2b		Prkar2b		MP:0001260		Prkar2b<tm3Gsm>	50236294	HGNC:9392	PRKAR2B	
MGI:107877	Prkcsh		Prkcsh		MP:0011100		Prkcsh<tm1.1(KOMP)Vlcg>	50230654	HGNC:9411	PRKCSH	
MGI:104779	Prkdc		Prkdc		MP:0001260		Prkdc<m14Btlr>	50220475	HGNC:9413	PRKDC	
MGI:3644668	Prlh		Prlh		MP:0001260		Prlh<tm1Taon>|Prlh<tm2Smln>	50225168	HGNC:17945	PRLH	
MGI:2135956	Prlhr		Prlhr		MP:0001260		Prlhr<tm1Dgen>	50225169	HGNC:4464	PRLHR	
MGI:107846	Prmt1		Prmt1		MP:0011100		Prmt1<tm1a(EUCOMM)Wtsi>	50220829	HGNC:5187	PRMT1	
MGI:2384879	Prmt7		Prmt7		MP:0001260		Prmt7<+>|Prmt7<tm1a(EUCOMM)Wtsi>	50230989	HGNC:25557	PRMT7	
MGI:104596	Procr		Procr		MP:0011101		Procr<tm1Cte>	50236299	HGNC:9452	PROCR	
MGI:1095733	Pros1		Pros1		MP:0011101		Pros1<tm1.2Grl>|Pros1<+>	50230225	HGNC:9456	PROS1	
MGI:109584	Prpf4b		Prpf4b		MP:0011100		Prpf4b<em1(IMPC)J>	50225165	HGNC:17346	PRP4K	
MGI:1914479	Prpf18		Prpf18		MP:0011100		Prpf18<tm1.1(KOMP)Vlcg>	50231277	HGNC:17351	PRPF18	
MGI:1918017	Prpf3		Prpf3		MP:0011100		Prpf3<tm1b(KOMP)Wtsi>	50222954	HGNC:17348	PRPF3	
MGI:1916238	Prpf31		Prpf31		MP:0011100		Prpf31<tm1.1Bha>|Prpf31<tm1a(EUCOMM)Wtsi>	50230990	HGNC:15446	PRPF31	
MGI:1914171	Prpf38b		Prpf38b		MP:0011100		Prpf38b<tm1.1(KOMP)Vlcg>	50228980	HGNC:25512	PRPF38B	
MGI:104602	Prpf39		Prpf39		MP:0011100		Prpf39<em1(IMPC)Tcp>	50220335	HGNC:20314	PRPF39	
MGI:1860512	Prpf40a		Prpf40a		MP:0011100		Prpf40a<em1(IMPC)J>	50220741	HGNC:16463	PRPF40A	
MGI:1922946	Prpf6		Prpf6		MP:0011100		Prpf6<tm1.1(KOMP)Vlcg>	50236302	HGNC:15860	PRPF6	
MGI:2179381	Prpf8		Prpf8		MP:0011100		Prpf8<em1(IMPC)Bay>	50223017	HGNC:17340	PRPF8	
MGI:97775	Prps1		Prps1		MP:0011100		Prps1<tm1b(EUCOMM)Wtsi>	50218639	HGNC:9462	PRPS1	
MGI:1923304	Prrc2b		Prrc2b		MP:0011100		Prrc2b<tm1a(EUCOMM)Wtsi>	50232527	HGNC:28121	PRRC2B	
MGI:1913754	Prrc2c		Prrc2c		MP:0011100		Prrc2c<em1(IMPC)J>	50226117	HGNC:24903	PRRC2C	
MGI:1916698	Prss21		Prss21		MP:0011100		Prss21<em1(IMPC)Ccpcz>	50236322	HGNC:9485	PRSS21	
MGI:1923810	Prss8		Prss8		MP:0011100		Prss8<tm1b(EUCOMM)Hmgu>	50230344	HGNC:9491	PRSS8	
MGI:2444710	Prtg		Prtg		MP:0011100		Prtg<em1(IMPC)Bay>	50225171	HGNC:26373	PRTG	
MGI:1925152	Prune1		Prune1		MP:0011100		Prune1<tm1.1(KOMP)Vlcg>	50232453	HGNC:13420	PRUNE1	
MGI:97783	Psap		Psap		MP:0011101		Psap<tm1Suz>	50218532	HGNC:9498	PSAP	
MGI:2183441	Psat1		Psat1		MP:0001260,MP:0011100		Psat1<tm1a(KOMP)Wtsi>|Psat1<tm1a(KOMP)Wtsi>|Psat1<+>	50221809	HGNC:19129	PSAT1	
MGI:1202717	Psen1		Psen1		MP:0011100,MP:0011101		Psen1<tm1.1(KOMP)Vlcg>|Psen1<tm2Psgh>	50225114	HGNC:9508	PSEN1	
MGI:1913590	Psenen		Psenen		MP:0011100		Psenen<tm1Lex>	50224999	HGNC:30100	PSENEN	
MGI:2142116	Psip1		Psip1		MP:0011100		Psip1<em1(IMPC)J>	50221367	HGNC:9527	PSIP1	
MGI:3528383	Pskh1		Pskh1		MP:0011100		Pskh1<tm1b(EUCOMM)Wtsi>	50226211	HGNC:9529	PSKH1	
MGI:1096380	Psmb10		Psmb10		MP:0008024		Psmb10<Tub6>	50217709	HGNC:9538	PSMB10	
MGI:109555	Psmc2		Psmc2		MP:0011100		Psmc2<tm1b(EUCOMM)Hmgu>	50230895	HGNC:9548	PSMC2	
MGI:1914339	Psmc6		Psmc6		MP:0011100		Psmc6<tm1b(KOMP)Wtsi>	50220748	HGNC:9553	PSMC6	
MGI:1345192	Psmd13		Psmd13		MP:0011100		Psmd13<em1(IMPC)J>	50230743	HGNC:9558	PSMD13	
MGI:1096584	Psmd2		Psmd2		MP:0011100		Psmd2<em1(IMPC)J>	50230963	HGNC:9559	PSMD2	
MGI:1913663	Psmd6		Psmd6		MP:0011100		Psmd6<em1(IMPC)J>	50228521	HGNC:9564	PSMD6	
MGI:1346072	Psmf1		Psmf1		MP:0011100		Psmf1<tm1b(EUCOMM)Hmgu>	50231476	HGNC:9571	PSMF1	
MGI:1860263	Psmg1		Psmg1		MP:0011100		Psmg1<tm1b(KOMP)Wtsi>	50219981	HGNC:3043	PSMG1	
MGI:97788	Psph		Psph		MP:0011100		Psph<tm1.1(KOMP)Vlcg>|Psph<tm1a(EUCOMM)Hmgu>	50229822	HGNC:9577	PSPH	
MGI:2685945	Pstk		Pstk		MP:0011100		Pstk<em1(IMPC)Bay>	50236348	HGNC:28578	PSTK	
MGI:1860489	Ptbp2		Ptbp2		MP:0011100		Ptbp2<em1(IMPC)Hmgu>	50223853	HGNC:17662	PTBP2	
MGI:1917206	Ptcd3		Ptcd3		MP:0011100		Ptcd3<tm1.1(KOMP)Vlcg>	50220333	HGNC:24717	PTCD3	
MGI:105373	Ptch1		Ptch1		MP:0002080,MP:0011101		Ptch1<tm1.1Bjw>|Ptch1<tm1Yy>	50217750	HGNC:9585	PTCH1	
MGI:109583	Pten		Pten		MP:0008762,MP:0011101		Pten<tm1.1Mro>|Pten<tm1Ppp>|Pten<tm2Ppp>	50220340	HGNC:9588	PTEN	
MGI:97793	Ptger1		Ptger1		MP:0001260		Ptger1<tm1Sna>	50220143	HGNC:9593	PTGER1	
MGI:99535	Ptgir		Ptgir		MP:0011101		Ptgir<tm1Sna>	50225170	HGNC:9602	PTGIR	
MGI:97798	Ptgs2		Ptgs2		MP:0001260		Ptgs2<+>|Ptgs2<tm1Unc>	50219120	HGNC:9605	PTGS2	
MGI:97801	Pth1r		Pth1r		MP:0011100,MP:0011101		Pth1r<tm1Hmk>|Pth1r<tm1a(EUCOMM)Hmgu>	50225183	HGNC:9608	PTH1R	
MGI:97800	Pthlh		Pthlh		MP:0011100		Pthlh<tm1a(KOMP)Wtsi>	50225185	HGNC:9607	PTHLH	
MGI:1918711	Ptk7		Ptk7		MP:0011100		Ptk7<tm1b(EUCOMM)Hmgu>	50225186	HGNC:9618	PTK7	
MGI:97803	Ptma		Ptma		MP:0011100		Ptma<tm1.1(KOMP)Vlcg>	50218416	HGNC:9623	PTMA	
MGI:1933946	Ptov1		Ptov1		MP:0011100		Ptov1<em1(IMPC)Bay>	50230825	HGNC:9632	PTOV1	
MGI:1913711	Ptpmt1		Ptpmt1		MP:0011100		Ptpmt1<tm1.1(KOMP)Vlcg>	50223525	HGNC:26965	PTPMT1	
MGI:104673	Ptpn12		Ptpn12		MP:0011100		Ptpn12<tm1b(NCOM)Mfgc>	50230946	HGNC:9645	PTPN12	
MGI:2144837	Ptpn23		Ptpn23		MP:0011100		Ptpn23<tm1b(EUCOMM)Hmgu>	50225191	HGNC:14406	PTPN23	
MGI:97815	Ptprs		Ptprs		MP:0011100		Ptprs<tm1b(KOMP)Mbp>	50225193	HGNC:9681	PTPRS	
MGI:1338783	Pts		Pts		MP:0011100		Pts<tm1b(EUCOMM)Wtsi>	50230368	HGNC:9689	PTS	
MGI:1915209	Puf60		Puf60		MP:0011100		Puf60<em1(IMPC)Bay>	50221291	HGNC:17042	PUF60	
MGI:106253	Pum3		Pum3		MP:0011100		Pum3<em1(IMPC)J>	50236361	HGNC:29676	PUM3	
MGI:1925947	Pus7		Pus7		MP:0011100		Pus7<em1(IMPC)J>	50232022	HGNC:26033	PUS7	
MGI:1914735	Pwp1		Pwp1		MP:0011100		Pwp1<tm1a(EUCOMM)Wtsi>	50230768	HGNC:17015	PWP1	
MGI:2442444	Pxylp1		Pxylp1		MP:0001260		Pxylp1<tm1a(KOMP)Wtsi>	50217173	HGNC:26303	PXYLP1	
MGI:1916161	Pygo2		Pygo2		MP:0011100		Pygo2<tm1b(EUCOMM)Wtsi>	50236366	HGNC:30257	PYGO2	
MGI:3780953	Mndal		Mndal		MP:0011100		Mndal<em1(IMPC)Bay>|Mndal<em1(IMPC)Wtsi>	50234390	HGNC:28894	PYHIN1	
MGI:2676395	Pyroxd1		Pyroxd1		MP:0011100		Pyroxd1<tm1b(KOMP)Wtsi>	50225364	HGNC:26162	PYROXD1	
MGI:99924	Pyy		Pyy		MP:0001260		Pyy<tm1(cre)Hhzg>	50225206	HGNC:9748	PYY	
MGI:99924	Pyy		Pyy		MP:0001260		Pyy<tm1(cre)Hhzg>	50225206	HGNC:31855	PYY3	
MGI:1915851	Qars1		Qars1		MP:0011100		Qars1<em1(IMPC)Mbp>	50225207	HGNC:9751	QARS1	
MGI:1923813	Qrsl1		Qrsl1		MP:0011100		Qrsl1<em1(IMPC)J>	50229112	HGNC:21020	QRSL1	
MGI:105066	Rab10		Rab10		MP:0011100		Rab10<em1(IMPC)J>	50231466	HGNC:9759	RAB10	
MGI:1858202	Rab11a		Rab11a		MP:0011100		Rab11a<tm1b(KOMP)Wtsi>	50221473	HGNC:9760	RAB11A	
MGI:97842	Rab1a		Rab1a		MP:0011100		Rab1a<tm1b(KOMP)Wtsi>	50220874	HGNC:9758	RAB1A	
MGI:894308	Rab21		Rab21		MP:0011100		Rab21<tm1b(KOMP)Wtsi>	50230231	HGNC:18263	RAB21	
MGI:99833	Rab23		Rab23		MP:0011100		Rab23<tm1b(EUCOMM)Wtsi>	50229651	HGNC:14263	RAB23	
MGI:1928750	Rab2a		Rab2a		MP:0011100		Rab2a<em2(IMPC)Tcp>	50218527	HGNC:9763	RAB2A	
MGI:104606	Rab34		Rab34		MP:0011100		Rab34<tm1b(EUCOMM)Hmgu>	50225214	HGNC:16519	RAB34	
MGI:1924657	Rab35		Rab35		MP:0011100		Rab35<tm1b(EUCOMM)Hmgu>	50225215	HGNC:9774	RAB35	
MGI:2183454	Rab40c		Rab40c		MP:0002080		Rab40c<tm1b(KOMP)Wtsi>	50218384	HGNC:18285	RAB40C	
MGI:105306	Rab5c		Rab5c		MP:0011100		Rab5c<tm1a(EUCOMM)Wtsi>	50228897	HGNC:9785	RAB5C	
MGI:105068	Rab7		Rab7		MP:0008762		Rab7<tm1.2Ale>	50225221	HGNC:9788	RAB7A	
MGI:1914907	Rabl3		Rabl3		MP:0011101		Rabl3<xm>|Rabl3<em1Btlr>	50220832	HGNC:18072	RABL3	
MGI:97845	Rac1		Rac1		MP:0011100		Rac1<em1(IMPC)Mbp>	50225229	HGNC:9801	RAC1	
MGI:1316678	Rad1		Rad1		MP:0011100		Rad1<tm1b(KOMP)Wtsi>	50230770	HGNC:9806	RAD1	
MGI:108016	Rad21		Rad21		MP:0011101		Rad21<tm1.1Kktk>|Rad21<tm2.1Kktk>	50225231	HGNC:9811	RAD21	
MGI:2150020	Rad51c		Rad51c		MP:0011100		Rad51c<tm1Bcg>	50220629	HGNC:9820	RAD51C	
MGI:1933196	Rad54l2		Rad54l2		MP:0011100		Rad54l2<em1(IMPC)Tcp>	50221337	HGNC:29123	RAD54L2	
MGI:1328356	Rad9a		Rad9a		MP:0008762,MP:0011100		Rad9a<tm1.1(KOMP)Wtsi>	50230714	HGNC:9827	RAD9A	
MGI:97847	Raf1		Raf1		MP:0002080,MP:0011100		Raf1<tm1Ulb>|Raf1<tm1b(EUCOMM)Wtsi>	50219152	HGNC:9829	RAF1	
MGI:1927243	Rala		Rala		MP:0011100		Rala<tm1.1Cjm>	50220713	HGNC:9839	RALA	
MGI:1931050	Ralgapa1		Ralgapa1		MP:0001260,MP:0011100		Ralgapa1<em1(IMPC)J>|Ralgapa1<tm1.1Schen>	50222505	HGNC:17770	RALGAPA1	
MGI:2444531	Ralgapb		Ralgapb		MP:0011100		Ralgapb<tm1a(KOMP)Wtsi>	50231596	HGNC:29221	RALGAPB	
MGI:1914398	Ramac		Ramac		MP:0011100		Ramac<em1(IMPC)J>	50236389	HGNC:31022	RAMAC	
MGI:1914398	Ramac		Ramac		MP:0011100		Ramac<em1(IMPC)J>	50236389	HGNC:21234	RAMACL	
MGI:96269	Ranbp1		Ranbp1		MP:0011100		Ranbp1<tm1b(KOMP)Wtsi>	50222895	HGNC:9847	RANBP1	
MGI:894323	Ranbp2		Ranbp2		MP:0011100		Ranbp2<tm1.1(KOMP)Vlcg>	50224753	HGNC:9848	RANBP2	
MGI:104580	Rapgef1		Rapgef1		MP:0011100		Rapgef1<tm1b(KOMP)Wtsi>	50225248	HGNC:4568	RAPGEF1	
MGI:2659071	Rapgef2		Rapgef2		MP:0011100		Rapgef2<em1(IMPC)H>	50220355	HGNC:16854	RAPGEF2	
MGI:2441741	Rapgef3		Rapgef3		MP:0001260		Rapgef3<tm1Skc>	50227455	HGNC:16629	RAPGEF3	
MGI:99422	Rapsn		Rapsn		MP:0011100		Rapsn<tm1b(EUCOMM)Wtsi>	50225251	HGNC:9863	RAPSN	
MGI:97860	Rasa1		Rasa1		MP:0011100		Rasa1<tm1b(EUCOMM)Hmgu>	50221679	HGNC:9871	RASA1	
MGI:1197013	Rasa3		Rasa3		MP:0011100,MP:0011101		Rasa3<scat>|Rasa3<tm1b(KOMP)J>	50225877	HGNC:20331	RASA3	
MGI:1918573	Rassf8		Rassf8		MP:0011100		Rassf8<tm1.1(KOMP)Vlcg>	50217851	HGNC:13232	RASSF8	
MGI:97874	Rb1		Rb1		MP:0011101		Rb1<tm1.1Jyjw>|Rb1<tm1Jyjw>	50228015	HGNC:9884	RB1	
MGI:1341850	Rb1cc1		Rb1cc1		MP:0011100		Rb1cc1<em1(IMPC)Mbp>	50232762	HGNC:15574	RB1CC1	
MGI:1194912	Rbbp4		Rbbp4		MP:0011100		Rbbp4<em1(IMPC)Mbp>	50225257	HGNC:9887	RBBP4	
MGI:1926224	Rbfox1		Rbfox1		MP:0011100		Rbfox1<tm1b(KOMP)Wtsi>	50217098	HGNC:18222	RBFOX1	
MGI:1914060	Rbm22		Rbm22		MP:0011100		Rbm22<em1(IMPC)Mbp>|Rbm22<tm1.1(KOMP)Vlcg>	50220806	HGNC:25503	RBM22	
MGI:1914289	Rbm25		Rbm25		MP:0011100		Rbm25<em1(IMPC)J>	50221779	HGNC:23244	RBM25	
MGI:2655711	Rbm28		Rbm28		MP:0011100		Rbm28<em1(IMPC)J>	50230725	HGNC:21863	RBM28	
MGI:1919670	Rbm33		Rbm33		MP:0011100		Rbm33<tm1b(EUCOMM)Wtsi>	50223874	HGNC:27223	RBM33	
MGI:2387367	Rbm45		Rbm45		MP:0011100		Rbm45<em1(IMPC)J>	50219882	HGNC:24468	RBM45	
MGI:2384294	Rbm47		Rbm47		MP:0011101		Rbm47<Gt(D027B04)Wrst>	50226442	HGNC:30358	RBM47	
MGI:2442653	Rbm48		Rbm48		MP:0011100		Rbm48<em1(IMPC)J>	50219466	HGNC:21785	RBM48	
MGI:1861774	Rbms1		Rbms1		MP:0011100,MP:0011101		Rbms1<tm1Hiro>|Rbms1<tm1b(EUCOMM)Wtsi>	50221732	HGNC:9907	RBMS1	
MGI:96522	Rbpj		Rbpj		MP:0011100		Rbpj<tm1b(EUCOMM)Hmgu>	50223244	HGNC:5724	RBPJ	
MGI:1334446	Rbpms		Rbpms		MP:0011100		Rbpms<em1(IMPC)H>	50225689	HGNC:19097	RBPMS	
MGI:1925537	Rbsn		Rbsn		MP:0011100		Rbsn<tm1a(EUCOMM)Wtsi>	50236413	HGNC:20759	RBSN	
MGI:1913989	Rcc1		Rcc1		MP:0011100		Rcc1<em1(IMPC)Tcp>	50222218	HGNC:1913	RCC1	
MGI:1277122	Rcn3		Rcn3		MP:0011100		Rcn3<tm1b(EUCOMM)Hmgu>	50228762	HGNC:21145	RCN3	
MGI:1195275	Rdh1		Rdh1		MP:0001260		Rdh1<tm1.1Jln>	50225275	HGNC:29674	RDH16	
MGI:1929645	Rec8		Rec8		MP:0011101		Rec8<tm1Mjm>	50230017	HGNC:16879	REC8	
MGI:1931028	Recql4		Recql4		MP:0011100		Recql4<tm1.1(KOMP)Vlcg>	50232392	HGNC:9949	RECQL4	
MGI:103289	Relb		Relb		MP:0008024		Relb<Tg(H2-K1/GH1)106Bri>	50222246	HGNC:9956	RELB	
MGI:1915080	Rer1		Rer1		MP:0011100		Rer1<tm1.1(KOMP)Vlcg>	50230969	HGNC:30309	RER1	
MGI:104897	Rest		Rest		MP:0011100		Rest<tm2b(EUCOMM)Wtsi>	50224731	HGNC:9966	REST	
MGI:1888505	Retnlb		Retnlb		MP:0001260		Retnlb<tm1Lex>	50236430	HGNC:20388	RETNLB	
MGI:1929074	Rev1		Rev1		MP:0011101		Rev1<tm1Ndew>	50227571	HGNC:14060	REV1	
MGI:1337131	Rev3l		Rev3l		MP:0011100		Rev3l<tm1b(EUCOMM)Hmgu>	50223451	HGNC:9968	REV3L	
MGI:1914182	Rexo1		Rexo1		MP:0011100		Rexo1<em1(IMPC)J>	50221008	HGNC:24616	REXO1	
MGI:1888981	Rexo2		Rexo2		MP:0011100		Rexo2<tm1b(EUCOMM)Wtsi>	50236432	HGNC:17851	REXO2	
MGI:97891	Rfc1		Rfc1		MP:0011100		Rfc1<tm1b(KOMP)Mbp>	50227081	HGNC:9969	RFC1	
MGI:1341868	Rfc2		Rfc2		MP:0011100		Rfc2<em1(IMPC)J>	50229728	HGNC:9970	RFC2	
MGI:1919401	Rfc5		Rfc5		MP:0011100		Rfc5<em1(IMPC)J>	50229664	HGNC:9973	RFC5	
MGI:1914688	Rfk		Rfk		MP:0011100		Rfk<em1(IMPC)Mbp>	50227054	HGNC:30324	RFK	
MGI:3607791	Rft1		Rft1		MP:0011100		Rft1<tm1b(KOMP)Wtsi>	50227427	HGNC:30220	RFT1	
MGI:2445208	Rfx6		Rfx6		MP:0011100		Rfx6<tm1.1(KOMP)Vlcg>	50227856	HGNC:21478	RFX6	
MGI:1913464	Rgcc		Rgcc		MP:0011101		Rgcc<tm1(KOMP)Wtsi>|Rgcc<tm1Hrus>	50225422	HGNC:20369	RGCC	
MGI:107484	Rgl1		Rgl1		MP:0011100		Rgl1<em1(IMPC)Mbp>	50231138	HGNC:30281	RGL1	
MGI:2679262	Rgma		Rgma		MP:0011101		Rgma<tm1Arbr>	50223024	HGNC:30308	RGMA	
MGI:1915956	Rgp1		Rgp1		MP:0011100		Rgp1<tm1.1(KOMP)Vlcg>	50231381	HGNC:21965	RGP1	
MGI:104328	Rhbdf1/Hba		Rhbdf1		MP:0011101		Rhbdf1/Hba<tm1(RHBDF1/HBA)Ajhs>	50225297	HGNC:20561	RHBDF1	
MGI:2384891	Rhbdl1		Rhbdl1		MP:0011100		Rhbdl1<tm1.1(KOMP)Vlcg>	50232676	HGNC:10007	RHBDL1	
MGI:1926078	Rhot1		Rhot1		MP:0011100		Rhot1<tm1a(EUCOMM)Wtsi>	50224441	HGNC:21168	RHOT1	
MGI:2141866	Ric8a		Ric8a		MP:0011100		Ric8a<tm1b(KOMP)Wtsi>	50231385	HGNC:29550	RIC8A	
MGI:2682307	Ric8b		Ric8b		MP:0011100		Ric8b<tm1b(EUCOMM)Hmgu>	50222260	HGNC:25555	RIC8B	
MGI:1098622	Rif1		Rif1		MP:0011100		Rif1<Gt(XT0278)Wtsi>	50221387	HGNC:23207	RIF1	
MGI:1916233	Rint1		Rint1		MP:0011100		Rint1<tm1b(KOMP)Wtsi>	50227201	HGNC:21876	RINT1	
MGI:1918590	Riok1		Riok1		MP:0011100		Riok1<em1(IMPC)J>	50221136	HGNC:18656	RIOK1	
MGI:108053	Rit1		Rit1		MP:0002080		Rit1<tm1.1Tumg>	50226709	HGNC:10023	RIT1	
MGI:2384836	Nepro		Nepro		MP:0011100		Nepro<tm1.1(KOMP)Vlcg>	50221801	HGNC:24496	RMP64	
MGI:97937	Rmrp		Rmrp		MP:0011100		Rmrp<em1(IMPC)Ccpcz>	50236462	HGNC:10031	RMRP	
MGI:97919	Rnase1		Rnase1		MP:0001260		Rnase1<tm1.2Rtrs>	50219968	HGNC:10044	RNASE1	
MGI:1916974	Rnaseh2a		Rnaseh2a		MP:0011100		Rnaseh2a<em1(IMPC)Tcp>	50230734	HGNC:18518	RNASEH2A	
MGI:1914403	Rnaseh2b		Rnaseh2b		MP:0010770		Rnaseh2b<tm1Hgu>|Rnaseh2b<tm1a(EUCOMM)Wtsi>	50230790	HGNC:25671	RNASEH2B	
MGI:1915459	Rnaseh2c		Rnaseh2c		MP:0011100		Rnaseh2c<tm1(KOMP)Wtsi>	50221207	HGNC:24116	RNASEH2C	
MGI:106369	Rnasek		Rnasek		MP:0011100		Rnasek<tm1b(EUCOMM)Wtsi>	50221266	HGNC:33911	RNASEK	
MGI:1859162	Rnf10		Rnf10		MP:0001260		Rnf10<tm1a(KOMP)Wtsi>	50221314	HGNC:10055	RNF10	
MGI:1913950	Chmp3		Chmp3		MP:0011100		Chmp3<tm1b(EUCOMM)Hmgu>	50220845	HGNC:38847	RNF103-CHMP3	
MGI:1917544	Rnf126		Rnf126		MP:0011101		Rnf126<tm1.1Bcgen>	50230323	HGNC:21151	RNF126	
MGI:1891717	Rnf130		Rnf130		MP:0011101		Rnf130<tm1a(EUCOMM)Wtsi>	50228922	HGNC:18280	RNF130	
MGI:1925927	Rnf20		Rnf20		MP:0011100		Rnf20<tm1.1(KOMP)Vlcg>	50232767	HGNC:10062	RNF20	
MGI:1913993	Rnf220		Rnf220		MP:0011100		Rnf220<em1(IMPC)Bay>	50226440	HGNC:25552	RNF220	
MGI:1201691	Rnf4		Rnf4		MP:0011100		Rnf4<em1(IMPC)Ccpcz>	50223635	HGNC:10067	RNF4	
MGI:2142048	Rnf40		Rnf40		MP:0011100		Rnf40<em1(IMPC)J>	50236498	HGNC:16867	RNF40	
MGI:1915147	Rnmt		Rnmt		MP:0011100		Rnmt<tm1b(KOMP)Mbp>	50221797	HGNC:10075	RNMT	
MGI:1914475	Rnpc3		Rnpc3		MP:0011100		Rnpc3<em1(IMPC)H>	50217965	HGNC:18666	RNPC3	
MGI:1274781	Robo1		Robo1		MP:0011100		Robo1<em1(IMPC)Mbp>	50231670	HGNC:10249	ROBO1	
MGI:1890110	Robo2		Robo2		MP:0011100		Robo2<em1(IMPC)Mbp>	50217544	HGNC:10250	ROBO2	
MGI:1343102	Robo3		Robo3		MP:0011100		Robo3<em1(IMPC)H>	50218409	HGNC:13433	ROBO3	
MGI:1921394	Robo4		Robo4		MP:0011100		Robo4<tm1.1(KOMP)Vlcg>	50225541	HGNC:17985	ROBO4	
MGI:107927	Rock1		Rock1		MP:0001260		Rock1<tm1.1Itl>	50232459	HGNC:10251	ROCK1	
MGI:107926	Rock2		Rock2		MP:0011101		Rock2<tm1Sna>	50218473	HGNC:10252	ROCK2	
MGI:1913299	Rogdi		Rogdi		MP:0011101		Rogdi<tm1.2Ics>	50222039	HGNC:29478	ROGDI	
MGI:1914317	Romo1		Romo1		MP:0011100		Romo1<em1(IMPC)Kmpc>	50231073	HGNC:16185	ROMO1	
MGI:1347520	Ror1		Ror1		MP:0011100		Ror1<em1(IMPC)Ccpcz>	50221888	HGNC:10256	ROR1	
MGI:1347521	Ror2		Ror2		MP:0011100		Ror2<em1(IMPC)Mbp>	50231989	HGNC:10257	ROR2	
MGI:104856	Rorc		Rorc		MP:0008024		Rorc<tm1Amj>|Rorc<tm1Litt>|Rorc<tm2Litt>	50224721	HGNC:10260	RORC	
MGI:1915525	Rpa1		Rpa1		MP:0011100		Rpa1<tm1b(KOMP)Wtsi>	50229126	HGNC:10289	RPA1	
MGI:1916973	Rpain		Rpain		MP:0011100		Rpain<em1(IMPC)J>	50230107	HGNC:28641	RPAIN	
MGI:1277218	Rpap3		Rpap3		MP:0011100		Rpap3<em1(IMPC)Mbp>	50236504	HGNC:26151	RPAP3	
MGI:1913896	Rpe		Rpe		MP:0011100		Rpe<em1(IMPC)Mbp>	50223251	HGNC:10293	RPE	
MGI:1913896	Rpe		Rpe		MP:0011100		Rpe<em1(IMPC)Mbp>	50223251	HGNC:45241	RPEL1	
MGI:1920563	Rpgrip1l		Rpgrip1l		MP:0011100		Rpgrip1l<tm1a(EUCOMM)Wtsi>	50225733	HGNC:29168	RPGRIP1L	
MGI:103254	Rpia		Rpia		MP:0011100		Rpia<tm1a(KOMP)Wtsi>	50229526	HGNC:10297	RPIA	
MGI:98002	Rpl12		Rpl12		MP:0011100		Rpl12<em1(IMPC)Mbp>	50228615	HGNC:10302	RPL12	
MGI:106022	Rpl26		Rpl26		MP:0001260		Rpl26<+>|Rpl26<em1Yuehu>|Rpl26<em1Yuehu>	50222914	HGNC:10327	RPL26	
MGI:106022	Rpl26		Rpl26		MP:0001260		Rpl26<+>|Rpl26<em1Yuehu>|Rpl26<em1Yuehu>	50222914	HGNC:17050	RPL26L1	
MGI:1914921	Rpl38		Rpl38		MP:0011101		Rpl38<+>|Rpl38<Rbt>|Rpl38<Rbt>|Rpl38<+>	50227183	HGNC:10349	RPL38	
MGI:102854	Rpl5		Rpl5		MP:0011101		Rpl5<+>|Rpl5<Skax23-Jus>	50221963	HGNC:10360	RPL5	
MGI:1913479	Rpl7l1		Rpl7l1		MP:0011100		Rpl7l1<tm2b(EUCOMM)Hmgu>	50228797	HGNC:21370	RPL7L1	
MGI:98085	Rpn2		Rpn2		MP:0011100		Rpn2<tm1a(EUCOMM)Wtsi>	50221110	HGNC:10382	RPN2	
MGI:1922387	Rprd2		Rprd2		MP:0011100		Rprd2<em1(IMPC)J>	50222311	HGNC:29039	RPRD2	
MGI:98105	Rps12		Rps12		MP:0011100		Rps12<em1(IMPC)Mbp>	50220461	HGNC:10385	RPS12	
MGI:1913788	Rps19bp1		Rps19bp1		MP:0011100		Rps19bp1<tm1.1(KOMP)Wtsi>	50232549	HGNC:28749	RPS19BP1	
MGI:105110	Rps2		Rps2		MP:0011100		Rps2<tm1.1Geno>	50221575	HGNC:10404	RPS2	
MGI:1914677	Rps20		Rps20		MP:0011100		Rps20<em1(IMPC)Bay>	50228880	HGNC:10405	RPS20	
MGI:1888676	Rps27		Rps27		MP:0011100		Rps27<em1(IMPC)Bay>	50228604	HGNC:10416	RPS27	
MGI:1915191	Rps27l		Rps27l		MP:0011100		Rps27l<em1Mbar>	50225343	HGNC:18476	RPS27L	
MGI:1921620	Rptor		Rptor		MP:0011100		Rptor<tm1Lex>|Rptor<tm2b(EUCOMM)Wtsi>	50231545	HGNC:30287	RPTOR	
MGI:1858751	Rragc		Rragc		MP:0011100		Rragc<em1Efe>	50225346	HGNC:19902	RRAGC	
MGI:98180	Rrm1		Rrm1		MP:0011100		Rrm1<tm1.1(NCOM)Mfgc>	50218344	HGNC:10451	RRM1	
MGI:98181	Rrm2		Rrm2		MP:0011100		Rrm2<tm1b(KOMP)Wtsi>	50218118	HGNC:10452	RRM2	
MGI:1203500	Rrp1		Rrp1		MP:0011100		Rrp1<em1(IMPC)Bay>	50236515	HGNC:18785	RRP1	
MGI:1929721	Rrs1		Rrs1		MP:0011100		Rrs1<tm1.1(KOMP)Vlcg>	50222204	HGNC:17083	RRS1	
MGI:2444993	Rsbn1		Rsbn1		MP:0011100		Rsbn1<tm1b(EUCOMM)Wtsi>	50236516	HGNC:25642	RSBN1	
MGI:3526447	Rsc1a1		Rsc1a1		MP:0001260		Rsc1a1<tm1Koep>	50236518	HGNC:10458	RSC1A1	
MGI:2682305	Rsf1		Rsf1		MP:0011100		Rsf1<tm1b(EUCOMM)Wtsi>	50221834	HGNC:18118	RSF1	
MGI:3630308	Rsph3b		Rsph3b		MP:0011100		Rsph3b<tm1b(KOMP)Wtsi>	50225349	HGNC:21054	RSPH3	
MGI:1922814	Rsph9		Rsph9		MP:0011069		Rsph9<em1Jwji>	50225824	HGNC:21057	RSPH9	
MGI:1913489	Rsrc2		Rsrc2		MP:0011100		Rsrc2<em1(IMPC)Bay>	50223243	HGNC:30559	RSRC2	
MGI:103040	Rsu1		Rsu1		MP:0011100		Rsu1<em1(IMPC)J>	50220196	HGNC:10464	RSU1	
MGI:1913618	Rtca		Rtca		MP:0011101		Rtca<tm1a(EUCOMM)Hmgu>	50218161	HGNC:17981	RTCA	
MGI:1309480	Rtf1		Rtf1		MP:0011100		Rtf1<tm1a(KOMP)Wtsi>	50220786	HGNC:28996	RTF1	
MGI:1915835	Rtn4		Rtn4		MP:0008762		Rtn4<tm2.1Matl>	50224692	HGNC:14085	RTN4	
MGI:2178759	Rtn4ip1		Rtn4ip1		MP:0011100		Rtn4ip1<tm1.1(KOMP)Vlcg>	50230889	HGNC:18647	RTN4IP1	
MGI:1915295	Rtraf		Rtraf		MP:0011100		Rtraf<tm1b(EUCOMM)Hmgu>	50230788	HGNC:23169	RTRAF	
MGI:2179288	Rttn		Rttn		MP:0011100		Rttn<em1(IMPC)Tcp>	50225970	HGNC:18654	RTTN	
MGI:106484	Rufy3		Rufy3		MP:0011100		Rufy3<tm1b(EUCOMM)Hmgu>	50223755	HGNC:30285	RUFY3	
MGI:2144506	Rundc1		Rundc1		MP:0011100		Rundc1<tm1a(EUCOMM)Wtsi>	50227028	HGNC:25418	RUNDC1	
MGI:99852	Runx1		Runx1		MP:0008762		Runx1<tm1Yg>|Runx1<tm1Spe>	50217363	HGNC:10471	RUNX1	
MGI:104793	Runx1t1		Runx1t1		MP:0011100		Runx1t1<tm1b(EUCOMM)Hmgu>	50229125	HGNC:1535	RUNX1T1	
MGI:102672	Runx3		Runx3		MP:0011100		Runx3<tm1b(KOMP)Wtsi>	50225359	HGNC:10473	RUNX3	
MGI:1342299	Ruvbl2		Ruvbl2		MP:0011100		Ruvbl2<em1(IMPC)Bay>	50224189	HGNC:10475	RUVBL2	
MGI:1920420	Rwdd3		Rwdd3		MP:0011100		Rwdd3<tm1b(KOMP)Wtsi>	50231058	HGNC:21393	RWDD3	
MGI:98214	Rxra		Rxra		MP:0002080		Rxra<tm2Ipc>	50220219	HGNC:10477	RXRA	
MGI:98215	Rxrb		Rxrb		MP:0011101		Rxrb<tm1Ipc>	50220220	HGNC:10478	RXRB	
MGI:2384919	Rxylt1		Rxylt1		MP:0011100		Rxylt1<em1(IMPC)J>	50228252	HGNC:13530	RXYLT1	
MGI:1929059	Rybp		Rybp		MP:0011100		Rybp<em1(IMPC)Bay>	50218302	HGNC:10480	RYBP	
MGI:101766	Ryk		Ryk		MP:0011100		Ryk<em1(IMPC)Mbp>	50228761	HGNC:10481	RYK	
MGI:99659	Ryr1		Ryr1		MP:0001260,MP:0011100		Ryr1<m1Bei>|Ryr1<tm1b(EUCOMM)Hmgu>	50223518	HGNC:10483	RYR1	
MGI:99685	Ryr2		Ryr2		MP:0011100		Ryr2<tm1b(KOMP)Wtsi>	50224963	HGNC:10484	RYR2	
MGI:1913416	S100a14		S100a14		MP:0011100		S100a14<tm1b(EUCOMM)Hmgu>	50222292	HGNC:18901	S100A14	
MGI:1330282	S100a4		S100a4		MP:0011101		S100a4<tm1Amba>	50220433	HGNC:10494	S100A4	
MGI:1339467	S100a6		S100a6		MP:0011100		S100a6<tm1b(KOMP)Wtsi>	50220434	HGNC:10496	S100A6	
MGI:98223	Saa3		Saa3		MP:0011100		Saa3<l7R3-1R>|Saa3<l7R3-2R>	50229544	HGNC:10513	SAA1	
MGI:98223	Saa3		Saa3		MP:0011100		Saa3<l7R3-1R>|Saa3<l7R3-2R>	50229544	HGNC:10514	SAA2	
MGI:98223	Saa3		Saa3		MP:0011100		Saa3<l7R3-1R>|Saa3<l7R3-2R>	50229544	HGNC:10515	SAA3P	
MGI:1933169	Sacm1l		Sacm1l		MP:0011100		Sacm1l<tm1b(KOMP)Wtsi>	50221488	HGNC:17059	SACM1L	
MGI:1354724	Sacs		Sacs		MP:0011100		Sacs<em1(IMPC)Tcp>	50226840	HGNC:10519	SACS	
MGI:1929264	Sae1		Sae1		MP:0011100		Sae1<em1(IMPC)J>	50220411	HGNC:30660	SAE1	
MGI:2146974	Safb		Safb		MP:0011101		Safb<+>|Safb<tm1So>	50228775	HGNC:10520	SAFB	
MGI:109295	Sall3		Sall3		MP:0011100		Sall3<tm1.1(KOMP)Mbp>	50223533	HGNC:10527	SALL3	
MGI:2139360	Sall4		Sall4		MP:0011101		Sall4<tm1Ryn>|Sall4<+>	50218327	HGNC:15924	SALL4	
MGI:1915903	Samm50		Samm50		MP:0011100		Samm50<em1(IMPC)Hmgu>	50229518	HGNC:24276	SAMM50	
MGI:1277978	Sap18		Sap18		MP:0011100		Sap18<em1(IMPC)J>	50231038	HGNC:10530	SAP18	
MGI:1913647	Sar1b		Sar1b		MP:0011100		Sar1b<tm1a(EUCOMM)Wtsi>	50225377	HGNC:10535	SAR1B	
MGI:1913368	Sarnp		Sarnp		MP:0011100		Sarnp<tm1b(EUCOMM)Hmgu>	50228685	HGNC:24432	SARNP	
MGI:102809	Sars1		Sars1		MP:0011100		Sars1<tm1.1(KOMP)Vlcg>	50217236	HGNC:10537	SARS1	
MGI:1309453	Sart1		Sart1		MP:0011100		Sart1<tm1.1(KOMP)Vlcg>	50228396	HGNC:10538	SART1	
MGI:1858230	Sart3		Sart3		MP:0011100		Sart3<em1(IMPC)Bay>	50220033	HGNC:16860	SART3	
MGI:1917347	Sash1		Sash1		MP:0011100		Sash1<em1(IMPC)Bay>	50221879	HGNC:19182	SASH1	
MGI:1920026	Sass6		Sass6		MP:0011100		Sass6<em1(IMPC)Bay>	50218844	HGNC:25403	SASS6	
MGI:105084	Satb1		Satb1		MP:0011100		Satb1<tm1b(EUCOMM)Hmgu>	50222342	HGNC:10541	SATB1	
MGI:2679336	Satb2		Satb2		MP:0011100		Satb2<em3(IMPC)Tcp>|Satb2<tm1b(KOMP)Wtsi>	50226364	HGNC:21637	SATB2	
MGI:2384298	Sbno1		Sbno1		MP:0011100		Sbno1<tm1b(EUCOMM)Hmgu>	50232259	HGNC:22973	SBNO1	
MGI:1925212	Scaf8		Scaf8		MP:0011100		Scaf8<em1(IMPC)J>	50221448	HGNC:20959	SCAF8	
MGI:1928948	Scamp5		Scamp5		MP:0011100		Scamp5<tm1.1(KOMP)Vlcg>	50225526	HGNC:30386	SCAMP5	
MGI:1924233	Scfd1		Scfd1		MP:0011100		Scfd1<em1(IMPC)Tcp>	50220125	HGNC:20726	SCFD1	
MGI:3610314	Scimp		Scimp		MP:0001260		Scimp<tm1Lex>	50236555	HGNC:33504	SCIMP	
MGI:98249	Scn3a		Scn3a		MP:0011100		Scn3a<Gt(OST52130)Lex>	50219448	HGNC:10590	SCN3A	
MGI:98250	Scn4a		Scn4a		MP:0011100		Scn4a<tm2b(KOMP)Wtsi>	50224571	HGNC:10591	SCN4A	
MGI:101782	Scnn1a		Scnn1a		MP:0011100		Scnn1a<tm1.2Hum>	50236558	HGNC:10599	SCNN1A	
MGI:104696	Scnn1b		Scnn1b		MP:0011100		Scnn1b<tm1b(EUCOMM)Hmgu>	50236559	HGNC:10600	SCNN1B	
MGI:1927654	Scoc		Scoc		MP:0011100		Scoc<em1(IMPC)J>	50221190	HGNC:20335	SCOC	
MGI:2145950	Scrib		Scrib		MP:0011100		Scrib<tm1b(NCOM)Mfgc>	50224149	HGNC:30377	SCRIB	
MGI:102934	Scx		Scx		MP:0011100		Scx<tm1.1(KOMP)Vlcg>	50225554	HGNC:32322	SCX	
MGI:1924066	Sdccag8		Sdccag8		MP:0011101		Sdccag8<em1Lji>|Sdccag8<em2Lji>	50227593	HGNC:10671	SDCCAG8	
MGI:1914195	Sdha		Sdha		MP:0011100		Sdha<tm2b(KOMP)Wtsi>	50223604	HGNC:10680	SDHA	
MGI:1913322	Sdhaf2		Sdhaf2		MP:0011100		Sdhaf2<em1(IMPC)J>	50229196	HGNC:26034	SDHAF2	
MGI:1914930	Sdhb		Sdhb		MP:0011100		Sdhb<tm1b(EUCOMM)Hmgu>	50222114	HGNC:10681	SDHB	
MGI:1913302	Sdhc		Sdhc		MP:0011100		Sdhc<tm1b(EUCOMM)Wtsi>	50220432	HGNC:10682	SDHC	
MGI:1917311	Sdr9c7		Sdr9c7		MP:0011100		Sdr9c7<em1(IMPC)Mbp>	50236573	HGNC:29958	SDR9C7	
MGI:99832	Sec13		Sec13		MP:0011100		Sec13<em1(IMPC)Hmgu>	50218246	HGNC:10697	SEC13	
MGI:2139207	Sec16a		Sec16a		MP:0011100		Sec16a<em1(IMPC)Bay>	50231551	HGNC:29006	SEC16A	
MGI:2148802	Sec16b		Sec16b		MP:0001260		Sec16b<tm1a(KOMP)Wtsi>	50223709	HGNC:30301	SEC16B	
MGI:1338759	Sec22b		Sec22b		MP:0011100		Sec22b<tm1a(EUCOMM)Wtsi>	50225572	HGNC:10700	SEC22B	
MGI:2139764	Sec24b		Sec24b		MP:0011100		Sec24b<em1(IMPC)Tcp>	50236579	HGNC:10704	SEC24B	
MGI:1919746	Sec24c		Sec24c		MP:0011100		Sec24c<tm1a(EUCOMM)Wtsi>	50236580	HGNC:10705	SEC24C	
MGI:1916858	Sec24d		Sec24d		MP:0011100		Sec24d<em1(IMPC)Rbrc>	50217830	HGNC:10706	SEC24D	
MGI:1916412	Sec31a		Sec31a		MP:0011100		Sec31a<em3(IMPC)H>	50218312	HGNC:17052	SEC31A	
MGI:1202066	Sec61g		Sec61g		MP:0011100		Sec61g<em1(IMPC)J>	50231488	HGNC:18277	SEC61G	
MGI:1916526	Sec62		Sec62		MP:0011100		Sec62<em1(IMPC)J>	50220892	HGNC:11846	SEC62	
MGI:2155302	Sec63		Sec63		MP:0011100		Sec63<tm1b(EUCOMM)Hmgu>	50231462	HGNC:21082	SEC63	
MGI:1922670	Secisbp2		Secisbp2		MP:0011100		Secisbp2<tm1a(EUCOMM)Wtsi>|Secisbp2<tm1d(EUCOMM)Wtsi>	50223704	HGNC:30972	SECISBP2	
MGI:1919374	Seh1l		Seh1l		MP:0011100		Seh1l<tm1a(EUCOMM)Wtsi>	50220300	HGNC:30379	SEH1L	
MGI:1329016	Sel1l		Sel1l		MP:0011100		Sel1l<tm1e(KOMP)Wtsi>	50222178	HGNC:10717	SEL1L	
MGI:2149786	Selenom		Selenom		MP:0001260		Selenom<tm1(KOMP)Vlcg>	50218501	HGNC:30397	SELENOM	
MGI:3608324	Selenov		Selenov		MP:0001260		Selenov<em1Xgl>	50236586	HGNC:30399	SELENOV	
MGI:1100878	Selenow		Selenow		MP:0001260		Selenow<em#Hwl>	50218502	HGNC:10752	SELENOW	
MGI:107558	Sema3a		Sema3a		MP:0011101		Sema3a<tm1Mcf>	50225581	HGNC:10723	SEMA3A	
MGI:1860118	Sema3d		Sema3d		MP:0011100		Sema3d<tm1b(KOMP)Wtsi>	50225582	HGNC:10726	SEMA3D	
MGI:2445054	Senp1		Senp1		MP:0002080,MP:0011100		Senp1<em1(IMPC)H>|Senp1<m1Mku>	50222270	HGNC:17927	SENP1	
MGI:1098791	Sepsecs		Sepsecs		MP:0011100		Sepsecs<em1(IMPC)Tcp>	50227959	HGNC:30605	SEPSECS	
MGI:1277214	Septin11		Septin11		MP:0011100		Septin11<em1(IMPC)Tcp>	50236590	HGNC:25589	SEPTIN11	
MGI:97298	Septin2		Septin2		MP:0011100		Septin2<em1(IMPC)Tcp>	50224597	HGNC:7729	SEPTIN2	
MGI:1337041	Serf2		Serf2		MP:0011100		Serf2<tm1b(EUCOMM)Hmgu>	50225591	HGNC:10757	SERF2	
MGI:891971	Serpina1a		Serpina1a		MP:0011100		Serpina1a<tm1Amgh>	50218270	HGNC:8941	SERPINA1	
MGI:1915304	Serpina12		Serpina12		MP:0001260		Serpina12<tm1Jwada>	50228844	HGNC:18359	SERPINA12	
MGI:88095	Serpinc1		Serpinc1		MP:0011100		Serpinc1<Gt(OST17473)Lex>	50217404	HGNC:775	SERPINC1	
MGI:1920145	Setd5		Setd5		MP:0011100		Setd5<tm1a(EUCOMM)Wtsi>	50232260	HGNC:25566	SETD5	
MGI:1920501	Setd7		Setd7		MP:0011101		Setd7<tm1Frga>	50225596	HGNC:30412	SETD7	
MGI:1934229	Setdb1		Setdb1		MP:0011100		Setdb1<tm1a(EUCOMM)Wtsi>	50223642	HGNC:10761	SETDB1	
MGI:1289341	Sf3b3		Sf3b3		MP:0011100		Sf3b3<em1(IMPC)J>	50223246	HGNC:10770	SF3B3	
MGI:2447794	Sfmbt2		Sfmbt2		MP:0011100		Sfmbt2<em1(IMPC)Mbp>	50227324	HGNC:20256	SFMBT2	
MGI:1915038	Sfr1		Sfr1		MP:0011100		Sfr1<em1(IMPC)Mbp>	50224358	HGNC:29574	SFR1	
MGI:101760	Sfswap		Sfswap		MP:0011100		Sfswap<em1(IMPC)J>	50225608	HGNC:10790	SFSWAP	
MGI:1346523	Sgcb		Sgcb		MP:0001260		Sgcb<tm1Oza>	50220303	HGNC:10806	SGCB	
MGI:1919665	Sgo1		Sgo1		MP:0002080		Sgo1<Gt(neo-btk)1Dai>	50225617	HGNC:25088	SGO1	
MGI:1261415	Sgpl1		Sgpl1		MP:0011100		Sgpl1<tm1.1(KOMP)Vlcg>	50236615	HGNC:10817	SGPL1	
MGI:1298393	Sh3pxd2a		Sh3pxd2a		MP:0011100		Sh3pxd2a<tm1b(EUCOMM)Wtsi>	50225629	HGNC:23664	SH3PXD2A	
MGI:2444628	Sh3rf2		Sh3rf2		MP:0011101		Sh3rf2<tm1Zhxu>	50227526	HGNC:26299	SH3RF2	
MGI:1930016	Shank3		Shank3		MP:0001260		Shank3<tm1Yhj>	50227036	HGNC:14294	SHANK3	
MGI:98294	Shb		Shb		MP:0011101		Shb<tm1.1Miwe>	50236622	HGNC:10838	SHB	
MGI:98296	Shc1		Shc1		MP:0002080,MP:0011100,MP:0011101		Shc1<tm1Lex>|Shc1<tm3Paw>|Shc1<tm6Paw>|Shc1<tm7Paw>	50227360	HGNC:10840	SHC1	
MGI:98297	Shh		Shh		MP:0011100,MP:0011101		Shh<Dsh>|Shh<tm1Amc>|Shh<tm1b(EUCOMM)Wtsi>	50221544	HGNC:10848	SHH	
MGI:1277989	Shmt2		Shmt2		MP:0002080,MP:0011100		Shmt2<em1(IMPC)Bay>	50232195	HGNC:10852	SHMT2	
MGI:1201673	Shox2		Shox2		MP:0011100		Shox2<em1(IMPC)Bay>	50230954	HGNC:10854	SHOX2	
MGI:1351655	Shroom3		Shroom3		MP:0011100		Shroom3<em1(IMPC)Bay>	50232685	HGNC:30422	SHROOM3	
MGI:98306	Sim1		Sim1		MP:0001260		Sim1<+>|Sim1<tm1.1Az>	50225976	HGNC:10882	SIM1	
MGI:1929091	Sinhcaf		Sinhcaf		MP:0011100		Sinhcaf<em1(IMPC)Ccpcz>	50220600	HGNC:30702	SINHCAF	
MGI:1354161	Sirt6		Sirt6		MP:0011101		Sirt6<tm1Fwa>	50231250	HGNC:14934	SIRT6	
MGI:1353606	Siva1		Siva1		MP:0008762		Siva1<tm1.2Att>	50223350	HGNC:17712	SIVA1	
MGI:102780	Six1		Six1		MP:0011100		Six1<em1(IMPC)Mbp>	50227933	HGNC:10887	SIX1	
MGI:1913718	Ska1		Ska1		MP:0011100		Ska1<em1(IMPC)Ccpcz>	50221290	HGNC:28109	SKA1	
MGI:1913390	Ska2		Ska2		MP:0011100		Ska2<tm1b(KOMP)Wtsi>	50223589	HGNC:28006	SKA2	
MGI:98310	Ski		Ski		MP:0011100		Ski<em1(IMPC)Bay>	50221271	HGNC:10896	SKI	
MGI:1099835	Skic2		Skic2		MP:0011100		Skic2<tm2b(EUCOMM)Wtsi>	50220951	HGNC:10898	SKIC2	
MGI:2679923	Skic3		Skic3		MP:0011100		Skic3<em1(IMPC)Tcp>	50228313	HGNC:23639	SKIC3	
MGI:1917493	Skic8		Skic8		MP:0011100		Skic8<em1(IMPC)Tcp>	50228539	HGNC:30300	SKIC8	
MGI:106203	Skil		Skil		MP:0011101		Skil<tm1.1Kluo>	50227562	HGNC:10897	SKIL	
MGI:2443473	Skor1		Skor1		MP:0011100		Skor1<em1(IMPC)J>	50227358	HGNC:21326	SKOR1	
MGI:3645984	Skor2		Skor2		MP:0011101		Skor2<Tn(sb-Tyr)1799B.CA3Ove>|Skor2<Tn(sb-Tyr)1799B.CA7BOve>|Skor2<Tn(sb-Tyr)1799B.CA7Ove>	50227956	HGNC:32695	SKOR2	
MGI:1923241	Slain2		Slain2		MP:0011100		Slain2<em1(IMPC)J>	50227712	HGNC:29282	SLAIN2	
MGI:108402	Slbp		Slbp		MP:0011100		Slbp<tm1.1(KOMP)Vlcg>	50218160	HGNC:10904	SLBP	
MGI:1862037	Slc12a5		Slc12a5		MP:0011100		Slc12a5<em1(IMPC)Mbp>	50224053	HGNC:13818	SLC12A5	
MGI:2443672	Slc12a8		Slc12a8		MP:0011101		Slc12a8<em1Imai>	50221802	HGNC:15595	SLC12A8	
MGI:2442367	Slc13a4		Slc13a4		MP:0011100		Slc13a4<em1(IMPC)Hmgu>	50230382	HGNC:15827	SLC13A4	
MGI:2156052	Slc17a6		Slc17a6		MP:0011100		Slc17a6<tm1b(EUCOMM)Hmgu>	50217755	HGNC:16703	SLC17A6	
MGI:108392	Slc20a1		Slc20a1		MP:0011101		Slc20a1<tm1Lbek>	50218081	HGNC:10946	SLC20A1	
MGI:1926225	Slc22a17		Slc22a17		MP:0011100		Slc22a17<em1(IMPC)H>	50226178	HGNC:23095	SLC22A17	
MGI:1329012	Slc22a5		Slc22a5		MP:0011100		Slc22a5<em1(IMPC)Bay>	50217880	HGNC:10969	SLC22A5	
MGI:1345283	Slc25a1		Slc25a1		MP:0011100		Slc25a1<em1(IMPC)Kmpc>|Slc25a1<tm1b(EUCOMM)Wtsi>	50232757	HGNC:10979	SLC25A1	
MGI:1915113	Slc25a11		Slc25a11		MP:0002080,MP:0011100		Slc25a11<em1(IMPC)Mbp>|Slc25a11<em1Syki>	50220331	HGNC:10981	SLC25A11	
MGI:1926080	Slc25a12		Slc25a12		MP:0011100		Slc25a12<em1(IMPC)Hmgu>	50217455	HGNC:10982	SLC25A12	
MGI:1342274	Slc25a15		Slc25a15		MP:0011100		Slc25a15<tm1b(EUCOMM)Hmgu>	50224868	HGNC:10985	SLC25A15	
MGI:1928738	Slc25a20		Slc25a20		MP:0011100		Slc25a20<tm1a(EUCOMM)Wtsi>	50231181	HGNC:1421	SLC25A20	
MGI:1353498	Slc25a3		Slc25a3		MP:0011100		Slc25a3<tm1b(EUCOMM)Wtsi>	50227962	HGNC:10989	SLC25A3	
MGI:2686215	Slc25a34		Slc25a34		MP:0001260		Slc25a34<em1Duna>	50230947	HGNC:27653	SLC25A34	
MGI:1196386	Slc25a39		Slc25a39		MP:0011100		Slc25a39<em1(IMPC)Bay>	50230864	HGNC:24279	SLC25A39	
MGI:892977	Slc26a2		Slc26a2		MP:0011100		Slc26a2<em1(IMPC)Bay>	50231704	HGNC:10994	SLC26A2	
MGI:1347347	Slc27a4		Slc27a4		MP:0011100		Slc27a4<Gt(OST329034)Lex>	50220637	HGNC:10998	SLC27A4	
MGI:1095438	Slc2a2		Slc2a2		MP:0011100		Slc2a2<tm1b(KOMP)Wtsi>	50222659	HGNC:11006	SLC2A2	
MGI:1860103	Slc2a8		Slc2a8		MP:0011101		Slc2a8<tm1.1Thor>	50225428	HGNC:13812	SLC2A8	
MGI:2152844	Slc2a9		Slc2a9		MP:0011101		Slc2a9<tm1.2Thor>	50221682	HGNC:13446	SLC2A9	
MGI:106637	Slc30a2		Slc30a2		MP:0011100		Slc30a2<em1(IMPC)Tcp>	50226452	HGNC:11013	SLC30A2	
MGI:1923690	Slc30a9		Slc30a9		MP:0011100		Slc30a9<em1(IMPC)Bay>	50226436	HGNC:1329	SLC30A9	
MGI:1333843	Slc31a1		Slc31a1		MP:0011101		Slc31a1<+>|Slc31a1<tm1Jgt>	50219252	HGNC:11016	SLC31A1	
MGI:1345622	Slc35a1		Slc35a1		MP:0011100		Slc35a1<Gt(OST124815)Lex>	50229284	HGNC:11021	SLC35A1	
MGI:1917648	Slc35a3		Slc35a3		MP:0011100		Slc35a3<em1(IMPC)Bay>	50225798	HGNC:11023	SLC35A3	
MGI:1931249	Slc35b4		Slc35b4		MP:0011100		Slc35b4<tm1.1(KOMP)Vlcg>	50221205	HGNC:20584	SLC35B4	
MGI:2140361	Slc35d1		Slc35d1		MP:0011100		Slc35d1<tm2b(EUCOMM)Hmgu>	50227969	HGNC:20800	SLC35D1	
MGI:2445299	Slc36a1		Slc36a1		MP:0011100		Slc36a1<em1(IMPC)Tcp>	50232059	HGNC:18761	SLC36A1	
MGI:2145895	Slc38a1		Slc38a1		MP:0011100		Slc38a1<tm1(KOMP)Vlcg>	50236678	HGNC:13447	SLC38A1	
MGI:1923507	Slc38a3		Slc38a3		MP:0011100		Slc38a3<em1(IMPC)Bay>	50230432	HGNC:18044	SLC38A3	
MGI:1914515	Slc39a10		Slc39a10		MP:0011100		Slc39a10<em1(IMPC)J>	50230823	HGNC:20861	SLC39A10	
MGI:1919277	Slc39a4		Slc39a4		MP:0011100		Slc39a4<tm1.1(KOMP)Wtsi>	50231516	HGNC:17129	SLC39A4	
MGI:95909	Slc39a7		Slc39a7		MP:0011100		Slc39a7<tm1.1(KOMP)Mbp>	50223079	HGNC:4927	SLC39A7	
MGI:1914797	Slc39a8		Slc39a8		MP:0011100		Slc39a8<tm1b(EUCOMM)Wtsi>	50226152	HGNC:20862	SLC39A8	
MGI:1315204	Slc40a1		Slc40a1		MP:0011100		Slc40a1<tm1b(EUCOMM)Hmgu>	50221757	HGNC:10909	SLC40A1	
MGI:2146236	Slc45a4		Slc45a4		MP:0011101		Slc45a4<em1Cya>	50227971	HGNC:29196	SLC45A4	
MGI:1914723	Slc47a1		Slc47a1		MP:0001260		Slc47a1<Gt(IST12634F2)Tigm>	50224336	HGNC:25588	SLC47A1	
MGI:1914723	Slc47a1		Slc47a1		MP:0001260		Slc47a1<Gt(IST12634F2)Tigm>	50224336	HGNC:26439	SLC47A2	
MGI:1289288	Slc52a2		Slc52a2		MP:0011100		Slc52a2<tm1.1(KOMP)Vlcg>	50221224	HGNC:30225	SLC52A1	
MGI:1289288	Slc52a2		Slc52a2		MP:0011100		Slc52a2<tm1.1(KOMP)Vlcg>	50221224	HGNC:30224	SLC52A2	
MGI:1916948	Slc52a3		Slc52a3		MP:0001260		Slc52a3<tm2a(KOMP)Wtsi>|Slc52a3<+>	50227972	HGNC:16187	SLC52A3	
MGI:2181411	Slc5a2		Slc5a2		MP:0001260		Slc5a2<m2Btlr>	50231214	HGNC:11037	SLC5A2	
MGI:1927126	Slc5a7		Slc5a7		MP:0011100		Slc5a7<tm1a(KOMP)Wtsi>	50222803	HGNC:14025	SLC5A7	
MGI:95630	Slc6a11		Slc6a11		MP:0011100		Slc6a11<tm1Dgen>	50220350	HGNC:11044	SLC6A11	
MGI:105090	Slc6a5		Slc6a5		MP:0011100		Slc6a5<tm1.1(KOMP)Vlcg>	50222664	HGNC:11051	SLC6A5	
MGI:95760	Slc6a9		Slc6a9		MP:0001260,MP:0011100		Slc6a9<+>|Slc6a9<tm1Dgen>|Slc6a9<tm1Dgen>	50222663	HGNC:11056	SLC6A9	
MGI:1298205	Slc7a5		Slc7a5		MP:0011100		Slc7a5<em1(IMPC)H>|Slc7a5<tm1Lex>	50224154	HGNC:11063	SLC7A5	
MGI:1916951	Slc7a6os		Slc7a6os		MP:0011100		Slc7a6os<em1(IMPC)Bay>	50223514	HGNC:25807	SLC7A6OS	
MGI:1337120	Slc7a7		Slc7a7		MP:0011100		Slc7a7<em1(IMPC)Bay>|Slc7a7<em1Lbu>	50228393	HGNC:11065	SLC7A7	
MGI:1351872	Slco2b1		Slco2b1		MP:0001260		Slco2b1<tm1a(KOMP)Wtsi>	50223921	HGNC:10962	SLCO2B1	
MGI:1315205	Slit2		Slit2		MP:0011100		Slit2<em1(IMPC)Mbp>	50231679	HGNC:11086	SLIT2	
MGI:103241	Slk		Slk		MP:0002080,MP:0011100		Slk<em1(IMPC)Bay>	50221016	HGNC:11088	SLK	
MGI:1933549	Slmap		Slmap		MP:0011100		Slmap<em1(IMPC)J>	50220310	HGNC:16643	SLMAP	
MGI:2385598	Slu7		Slu7		MP:0011100		Slu7<tm1a(KOMP)Wtsi>	50221574	HGNC:16939	SLU7	
MGI:106299	Slx4		Slx4		MP:0011100		Slx4<tm1.2Jrou>	50217816	HGNC:23845	SLX4	
MGI:108051	Smad2		Smad2		MP:0011101		Smad2<tm4(SMADH3)Rob>	50222106	HGNC:6768	SMAD2	
MGI:1201674	Smad3		Smad3		MP:0001260,MP:0011100		Smad3<em1(IMPC)H>|Smad3<tm1Sche>	50224284	HGNC:6769	SMAD3	
MGI:1100518	Smad7		Smad7		MP:0011100		Smad7<tm1.2Ink>	50222176	HGNC:6773	SMAD7	
MGI:99603	Smarca2		Smarca2		MP:0001260		Smarca2<+>|Smarca2<tm1Mya>|Smarca2<tm1Mya>	50228622	HGNC:11098	SMARCA2	
MGI:1935129	Smarca5		Smarca5		MP:0011100		Smarca5<MommeD4>	50218947	HGNC:11101	SMARCA5	
MGI:1328366	Smarcb1		Smarcb1		MP:0011100		Smarcb1<tm1b(EUCOMM)Hmgu>	50221451	HGNC:11103	SMARCB1	
MGI:1915344	Smarcc2		Smarcc2		MP:0011100		Smarcc2<em1(IMPC)J>	50217647	HGNC:11105	SMARCC2	
MGI:1914243	Smarcd3		Smarcd3		MP:0002080,MP:0011100		Smarcd3<em1(IMPC)J>	50227441	HGNC:11108	SMARCD3	
MGI:1927347	Smarce1		Smarce1		MP:0011100		Smarce1<em1(IMPC)J>	50217649	HGNC:11109	SMARCE1	
MGI:1339795	Smc3		Smc3		MP:0011100		Smc3<tm1a(EUCOMM)Wtsi>	50219223	HGNC:2468	SMC3	
MGI:2385088	Smc5		Smc5		MP:0011100		Smc5<tm1b(KOMP)Wtsi>	50225194	HGNC:20465	SMC5	
MGI:1914491	Smc6		Smc6		MP:0011100		Smc6<tm1b(EUCOMM)Hmgu>	50232132	HGNC:20466	SMC6	
MGI:1921605	Smchd1		Smchd1		MP:0011100,MP:0011101		Smchd1<Gt(AD0165)Wtsi>|Smchd1<MommeD1>|Smchd1<em1(IMPC)Tcp>	50224094	HGNC:29090	SMCHD1	
MGI:1916279	Smdt1		Smdt1		MP:0011100		Smdt1<tm1b(EUCOMM)Wtsi>	50225891	HGNC:25055	SMDT1	
MGI:1919742	Smg1		Smg1		MP:0001260,MP:0011100		Smg1<Gt(AG0297)Wtsi>|Smg1<+>|Smg1<tm1b(EUCOMM)Hmgu>	50230050	HGNC:30045	SMG1	
MGI:2447364	Smg5		Smg5		MP:0011100		Smg5<em1(IMPC)Mbp>	50229882	HGNC:24644	SMG5	
MGI:2144117	Smg6		Smg6		MP:0008762,MP:0011100		Smg6<Tg(SMN1*delta5)1Pks>|Smg6<em1(IMPC)Mbp>	50227079	HGNC:17809	SMG6	
MGI:1919247	Smg9		Smg9		MP:0011100		Smg9<em1(IMPC)J>|Smg9<tm1b(EUCOMM)Wtsi>	50222208	HGNC:25763	SMG9	
MGI:108075	Smo		Smo		MP:0011100		Smo<tm1b(KOMP)Wtsi>	50218940	HGNC:11119	SMO	
MGI:109356	Snap23		Snap23		MP:0011100		Snap23<tm1.2Paro>|Snap23<tm1b(EUCOMM)Wtsi>	50230694	HGNC:11131	SNAP23	
MGI:98331	Snap25		Snap25		MP:0001260		Snap25<tm1.1Bark>	50220205	HGNC:11132	SNAP25	
MGI:1914724	Snap29		Snap29		MP:0001260		Snap29<+>|Snap29<tm1a(EUCOMM)Wtsi>	50221550	HGNC:11133	SNAP29	
MGI:1922877	Snapc1		Snapc1		MP:0011100		Snapc1<tm1b(KOMP)Mbp>	50227990	HGNC:11134	SNAPC1	
MGI:1914861	Snapc2		Snapc2		MP:0011100		Snapc2<em1(IMPC)J>	50232654	HGNC:11135	SNAPC2	
MGI:1333745	Snapin		Snapin		MP:0011100		Snapin<tm1.1(KOMP)Vlcg>	50227286	HGNC:17145	SNAPIN	
MGI:2444401	Snrnp200		Snrnp200		MP:0011100		Snrnp200<tm1b(KOMP)Mbp>	50220929	HGNC:30859	SNRNP200	
MGI:1913868	Snrnp27		Snrnp27		MP:0011100		Snrnp27<tm1b(EUCOMM)Wtsi>	50231440	HGNC:30240	SNRNP27	
MGI:1913835	Snrnp40		Snrnp40		MP:0011100		Snrnp40<em1(IMPC)Bay>|Snrnp40<em1Btlr>|Snrnp40<em2Btlr>|Snrnp40<em2Btlr>|Snrnp40<em1Btlr>	50228537	HGNC:30857	SNRNP40	
MGI:98341	Snrnp70		Snrnp70		MP:0011100		Snrnp70<em1(IMPC)Bay>	50227993	HGNC:11150	SNRNP70	
MGI:104805	Snrpb2		Snrpb2		MP:0011100		Snrpb2<em1(IMPC)Hmgu>	50223752	HGNC:11155	SNRPB2	
MGI:98347	Snrpn		Snrpn		MP:0001260		Snrpn<+>|Snrpn<tm1Rsnk>	50231141	HGNC:11164	SNRPN	
MGI:98347	Snrpn		Snrpn		MP:0001260		Snrpn<+>|Snrpn<tm1Rsnk>	50231141	HGNC:11171	SNURF	
MGI:2661416	Snx13		Snx13		MP:0011100		Snx13<tm1b(EUCOMM)Hmgu>	50229860	HGNC:21335	SNX13	
MGI:2155664	Snx14		Snx14		MP:0011100		Snx14<em1(IMPC)H>	50226446	HGNC:14977	SNX14	
MGI:2142610	Snx25		Snx25		MP:0011100		Snx25<tm1b(KOMP)Wtsi>	50232723	HGNC:21883	SNX25	
MGI:1923992	Snx27		Snx27		MP:0011101		Snx27<tm1Lslo>	50227794	HGNC:20073	SNX27	
MGI:1860188	Snx3		Snx3		MP:0011100		Snx3<tm1.1(KOMP)Vlcg>	50228792	HGNC:11174	SNX3	
MGI:1916428	Snx5		Snx5		MP:0001260		Snx5<tm1a(KOMP)Wtsi>	50223083	HGNC:14969	SNX5	
MGI:1354910	Socs1		Socs1		MP:0011100		Socs1<tm1.1(KOMP)Vlcg>	50226772	HGNC:19383	SOCS1	
MGI:1201787	Socs2		Socs2		MP:0001260		Socs2<+>|Socs2<tm1Wehi>|Socs2<hg>|Socs2<m1Btlr>|Socs2<tm1Vem>|Socs2<tm1Wehi>	50227198	HGNC:19382	SOCS2	
MGI:1201791	Socs3		Socs3		MP:0002080		Socs3<tm2.1Wsa>	50221995	HGNC:19391	SOCS3	
MGI:98353	Son		Son		MP:0011101		Son<em1.1Bcgen>|Son<+>	50221355	HGNC:11183	SON	
MGI:1921749	Sost		Sost		MP:0001260		Sost<tm1Paz>	50227798	HGNC:13771	SOST	
MGI:98358	Sox10		Sox10		MP:0011101		Sox10<tm2(rtTA)Weg>	50219044	HGNC:11190	SOX10	
MGI:103559	Sox18		Sox18		MP:0011100		Sox18<Ra-Op>	50226409	HGNC:11194	SOX18	
MGI:98364	Sox2		Sox2		MP:0011100,MP:0011101		Sox2<em1(IMPC)Mbp>|Sox2<tm2Skn>|Sox2<tm3Skn>	50218222	HGNC:11195	SOX2	
MGI:98366	Sox4		Sox4		MP:0011100		Sox4<em1(IMPC)Mbp>	50228005	HGNC:11200	SOX4	
MGI:98371	Sox9		Sox9		MP:0011100		Sox9<tm4Tlu>|Sox9<+>	50220733	HGNC:11204	SOX9	
MGI:1913692	Spc25		Spc25		MP:0011100		Spc25<em1(IMPC)J>	50223351	HGNC:24031	SPC25	
MGI:1353422	Spdef		Spdef		MP:0011101		Spdef<tm1Shiv>	50236819	HGNC:17257	SPDEF	
MGI:1921642	Specc1l		Specc1l		MP:0002080		Specc1l<+>|Specc1l<Gt(RRH048)Byg>|Specc1l<Gt(DTM096)Byg>|Specc1l<+>	50219350	HGNC:29022	SPECC1L	
MGI:98282	Spi1		Spi1		MP:0011100		Spi1<tm2b(EUCOMM)Wtsi>	50218113	HGNC:11241	SPI1	
MGI:1341168	Spic		Spic		MP:0011101		Spic<tm1.1Kmm>|Spic<tm1Kmm>	50229479	HGNC:29549	SPIC	
MGI:109242	Spin1		Spin1		MP:0011100		Spin1<tm1.1(KOMP)Vlcg>	50236828	HGNC:11243	SPIN1	
MGI:2444925	Spin4		Spin4		MP:0001260		Spin4<em1Jbn>|Spin4<em1Jbn>|Spin4<+>|Spin4<em2Jbn>|Spin4<em2Jbn>|Spin4<+>	50229714	HGNC:27040	SPIN4	
MGI:1919682	Spink5		Spink5		MP:0011100		Spink5<em1(IMPC)J>	50236836	HGNC:15464	SPINK5	
MGI:1338033	Spint1		Spint1		MP:0011100		Spint1<tm1b(EUCOMM)Wtsi>	50222807	HGNC:11246	SPINT1	
MGI:1338031	Spint2		Spint2		MP:0011100		Spint2<em1(IMPC)Bay>	50220872	HGNC:11247	SPINT2	
MGI:1916678	Spmip3		Spmip3		MP:0011100		Spmip3<em1(IMPC)Wtsi>	50236850	HGNC:30435	SPMIP3	
MGI:1920908	Spns1		Spns1		MP:0011100		Spns1<Gt(OST214133)Lex>	50220268	HGNC:30621	SPNS1	
MGI:1343085	Spop		Spop		MP:0011100		Spop<tm1b(KOMP)Wtsi>	50230922	HGNC:11254	SPOP	
MGI:1891433	Sppl3		Sppl3		MP:0011100		Sppl3<em1(IMPC)Bay>	50221083	HGNC:30424	SPPL3	
MGI:103078	Spr		Spr		MP:0011100,MP:0011101		Spr<em1(IMPC)H>|Spr<tm1Lex>	50222251	HGNC:11257	SPR	
MGI:1924042	Spring1		Spring1		MP:0011100		Spring1<em1(IMPC)Wtsi>	50229610	HGNC:26128	SPRING1	
MGI:3582583	Sprn		Sprn		MP:0001260		Sprn<tm1Geno>	50225630	HGNC:16871	SPRN	
MGI:2685351	Sprtn		Sprtn		MP:0011100		Sprtn<tm1.2Yjm>|Sprtn<tm1Yjm>	50232900	HGNC:25356	SPRTN	
MGI:98385	Spta1		Spta1		MP:0011100,MP:0011101		Spta1<em1(IMPC)Bay>|Spta1<sph-ha>	50236871	HGNC:11272	SPTA1	
MGI:98386	Sptan1		Sptan1		MP:0011100		Sptan1<em1(IMPC)Mbp>	50217345	HGNC:11273	SPTAN1	
MGI:98387	Sptb		Sptb		MP:0011100,MP:0011101		Sptb<em1(IMPC)J>|Sptb<ja>	50217815	HGNC:11274	SPTB	
MGI:1313261	Sptbn2		Sptbn2		MP:0001260		Sptbn2<Gt(XK442)Byg>	50220850	HGNC:11276	SPTBN2	
MGI:1099431	Sptlc1		Sptlc1		MP:0011100		Sptlc1<em1(IMPC)Bay>	50221532	HGNC:11277	SPTLC1	
MGI:108074	Sptlc2		Sptlc2		MP:0011100		Sptlc2<em1(IMPC)Bay>	50228022	HGNC:11278	SPTLC2	
MGI:1913399	Sptssa		Sptssa		MP:0011100		Sptssa<tm1b(KOMP)Wtsi>	50228815	HGNC:20361	SPTSSA	
MGI:2142062	Spty2d1		Spty2d1		MP:0011100		Spty2d1<em1(IMPC)J>	50228660	HGNC:26818	SPTY2D1	
MGI:109296	Sqle		Sqle		MP:0011100		Sqle<tm1a(EUCOMM)Wtsi>	50226792	HGNC:11279	SQLE	
MGI:107931	Sqstm1		Sqstm1		MP:0001260		Sqstm1<tm1Keta>	50224908	HGNC:11280	SQSTM1	
MGI:1925836	Srbd1		Srbd1		MP:0011100		Srbd1<em1(IMPC)J>	50225830	HGNC:25521	SRBD1	
MGI:1930252	Srd5a3		Srd5a3		MP:0011100		Srd5a3<Gt(OST436695)Lex>|Srd5a3<tm1b(EUCOMM)Wtsi>	50222089	HGNC:25812	SRD5A3	
MGI:107585	Srebf2		Srebf2		MP:0011101		Srebf2<lop13>|Srebf2<Gt(YTA054)Byg>	50230274	HGNC:11290	SREBF2	
MGI:1914472	Srfbp1		Srfbp1		MP:0011100		Srfbp1<em1(IMPC)J>	50221469	HGNC:26333	SRFBP1	
MGI:1333795	Srp72		Srp72		MP:0011100		Srp72<em1(IMPC)Bay>	50229115	HGNC:11303	SRP72	
MGI:1350930	Srp9		Srp9		MP:0011100		Srp9<tm1.1(KOMP)Vlcg>	50230795	HGNC:11304	SRP9	
MGI:102964	Srprb		Srprb		MP:0011100		Srprb<tm2b(EUCOMM)Hmgu>	50229262	HGNC:24085	SRPRB	
MGI:1923206	Srrm2		Srrm2		MP:0011100		Srrm2<em1(IMPC)Bay>	50229607	HGNC:16639	SRRM2	
MGI:1916457	Srsf11		Srsf11		MP:0011100		Srsf11<tm1b(EUCOMM)Wtsi>	50225603	HGNC:10782	SRSF11	
MGI:1926232	Srsf7		Srsf7		MP:0011100		Srsf7<tm1a(EUCOMM)Wtsi>	50220825	HGNC:10789	SRSF7	
MGI:107708	Ss18		Ss18		MP:0011100		Ss18<em1(IMPC)J>	50229085	HGNC:11340	SS18	
MGI:1920040	Ssbp1		Ssbp1		MP:0011100		Ssbp1<tm1a(KOMP)Wtsi>	50229668	HGNC:11317	SSBP1	
MGI:105082	Ssr1		Ssr1		MP:0011100		Ssr1<em1(IMPC)Mbp>	50218531	HGNC:11323	SSR1	
MGI:1913506	Ssr2		Ssr2		MP:0011100		Ssr2<tm1b(EUCOMM)Wtsi>	50236884	HGNC:11324	SSR2	
MGI:1916241	Ssu72		Ssu72		MP:0011100		Ssu72<em1(IMPC)J>	50231044	HGNC:25016	SSU72	
MGI:1338881	St14		St14		MP:0011100		St14<tm1.1(KOMP)Vlcg>	50224335	HGNC:11344	ST14	
MGI:1098658	Stag1		Stag1		MP:0011100		Stag1<em1(IMPC)Mbp>	50220947	HGNC:11354	STAG1	
MGI:2156765	Stard5		Stard5		MP:0001260		Stard5<tm1a(KOMP)Wtsi>	50232754	HGNC:18065	STARD5	
MGI:2139090	Stard7		Stard7		MP:0011101		Stard7<tm1a(EUCOMM)Wtsi>	50221169	HGNC:18063	STARD7	
MGI:103038	Stat3		Stat3		MP:0011100		Stat3<tm4Vpo>	50228925	HGNC:11364	STAT3	
MGI:1316731	Stc2		Stc2		MP:0001260		Stc2<tm1Gthi>|Stc2<tm1Rred>	50221618	HGNC:11374	STC2	
MGI:107476	Stim1		Stim1		MP:0011100		Stim1<em1(IMPC)Mbp>	50225802	HGNC:11386	STIM1	
MGI:109130	Stip1		Stip1		MP:0008762		Stip1<tm1.1Mamp>	50220805	HGNC:11387	STIP1	
MGI:1918978	Stk11ip		Stk11ip		MP:0011100		Stk11ip<em1(IMPC)J>	50236910	HGNC:19184	STK11IP	
MGI:1919399	Strada		Strada		MP:0011100		Strada<em1(IMPC)Bay>	50222274	HGNC:30172	STRADA	
MGI:2151064	Strn3		Strn3		MP:0011100		Strn3<tm1b(KOMP)Wtsi>	50223016	HGNC:15720	STRN3	
MGI:1915542	Stt3b		Stt3b		MP:0011100		Stt3b<em1(IMPC)J>	50221242	HGNC:30611	STT3B	
MGI:1918366	Stx18		Stx18		MP:0011100		Stx18<tm2b(KOMP)Wtsi>	50229804	HGNC:15942	STX18	
MGI:103077	Stx3		Stx3		MP:0011100		Stx3<tm1.1(KOMP)Vlcg>	50228047	HGNC:11438	STX3	
MGI:893577	Stx4a		Stx4a		MP:0011100		Stx4a<Gt(OST177143)Lex>	50227282	HGNC:11439	STX4	
MGI:1928483	Stx5a		Stx5a		MP:0011100		Stx5a<tm1b(EUCOMM)Hmgu>	50228882	HGNC:11440	STX5	
MGI:107363	Stxbp1		Stxbp1		MP:0011100		Stxbp1<tm1b(EUCOMM)Hmgu>	50222109	HGNC:11444	STXBP1	
MGI:107370	Stxbp2		Stxbp2		MP:0011100		Stxbp2<tm1Bdic>	50231215	HGNC:11445	STXBP2	
MGI:107362	Stxbp3		Stxbp3		MP:0011101		Stxbp3<tm1Yt>	50220959	HGNC:11446	STXBP3	
MGI:1926058	Stxbp5		Stxbp5		MP:0011100,MP:0011101		Stxbp5<em1(IMPC)Hmgu>|Stxbp5<tm1Ytk>	50226565	HGNC:19665	STXBP5	
MGI:104811	Sub1		Sub1		MP:0002080		Sub1<tm1.2Ics>	50225340	HGNC:19985	SUB1	
MGI:1306775	Sucla2		Sucla2		MP:0002080		Sucla2<Gt(IST10208H1)Tigm>	50228709	HGNC:11448	SUCLA2	
MGI:1927234	Suclg1		Suclg1		MP:0011100		Suclg1<em2(IMPC)Bay>	50228048	HGNC:11449	SUCLG1	
MGI:1306824	Suclg2		Suclg2		MP:0002080		Suclg2<Gt(Ayu21-KBW131)Imeg>	50218464	HGNC:11450	SUCLG2	
MGI:2138346	Suco		Suco		MP:0011100		Suco<em1(IMPC)Bay>	50221307	HGNC:1240	SUCO	
MGI:1345643	Sufu		Sufu		MP:0011100		Sufu<tm1b(KOMP)Wtsi>	50219889	HGNC:16466	SUFU	
MGI:1923221	Sugct		Sugct		MP:0001260		Sugct<tm1.2Kald>	50229877	HGNC:16001	SUGCT	
MGI:1915205	Sugt1		Sugt1		MP:0011100		Sugt1<tm1b(KOMP)Wtsi>	50225620	HGNC:16987	SUGT1	
MGI:1929651	Supt20		Supt20		MP:0011101		Supt20<drey>	50220589	HGNC:20596	SUPT20H	
MGI:1923723	Supt3		Supt3		MP:0011100		Supt3<tm1a(EUCOMM)Hmgu>	50231365	HGNC:11466	SUPT3H	
MGI:107416	Supt4a		Supt4a		MP:0011100		Supt4a<tm1b(EUCOMM)Hmgu>	50231486	HGNC:11467	SUPT4H1	
MGI:1202400	Supt5		Supt5		MP:0011100		Supt5<tm2a(KOMP)Wtsi>	50220194	HGNC:11469	SUPT5H	
MGI:2441711	Supv3l1		Supv3l1		MP:0011100		Supv3l1<tm1a(EUCOMM)Wtsi>	50228936	HGNC:11471	SUPV3L1	
MGI:98443	Surf1		Surf1		MP:0011101		Surf1<tm1Zev>	50223330	HGNC:11474	SURF1	
MGI:98445	Surf4		Surf4		MP:0011100		Surf4<em1(IMPC)J>	50230942	HGNC:11476	SURF4	
MGI:1261758	Suz12		Suz12		MP:0011100		Suz12<Gt(Betageo)1Khe>|Suz12<Plt8>	50221363	HGNC:17101	SUZ12	
MGI:1928849	Svep1		Svep1		MP:0011100		Svep1<tm1b(EUCOMM)Hmgu>	50236928	HGNC:15985	SVEP1	
MGI:99515	Syk		Syk		MP:0011100		Syk<tm1b(EUCOMM)Hmgu>	50231844	HGNC:11491	SYK	
MGI:1891690	Syncrip		Syncrip		MP:0011100		Syncrip<tm1b(EUCOMM)Hmgu>	50224734	HGNC:16918	SYNCRIP	
MGI:1354961	Synj1		Synj1		MP:0011100		Synj1<tm1b(EUCOMM)Wtsi>	50220649	HGNC:11503	SYNJ1	
MGI:1201671	Synj2		Synj2		MP:0001260		Synj2<tm1a(EUCOMM)Wtsi>	50236955	HGNC:11504	SYNJ2	
MGI:2661187	Synm		Synm		MP:0001260		Synm<tm1.1(KOMP)Vlcg>	50227395	HGNC:24466	SYNM	
MGI:2153070	Synpo2		Synpo2		MP:0011100		Synpo2<tm1b(EUCOMM)Wtsi>	50223914	HGNC:17732	SYNPO2	
MGI:1354742	Synrg		Synrg		MP:0011100		Synrg<tm1b(EUCOMM)Wtsi>	50222212	HGNC:557	SYNRG	
MGI:1926368	Syt5		Syt5		MP:0011101		Syt5<tm2.1Sud>	50228125	HGNC:11513	SYT5	
MGI:3033336	Szt2		Szt2		MP:0011100		Szt2<Gt(XH662)Byg>|Szt2<em1(IMPC)Bay>	50231577	HGNC:29040	SZT2	
MGI:98476	Tac2		Tac2		MP:0001260		Tac2<tm1Tigm>	50224664	HGNC:11521	TAC3	
MGI:1341163	Tacc3		Tacc3		MP:0011101		Tacc3<tm1Tno>|Tacc3<+>	50218407	HGNC:11524	TACC3	
MGI:892968	Tacr3		Tacr3		MP:0001260		Tacr3<tm1Jasi>	50226338	HGNC:11528	TACR3	
MGI:1196415	Tada1		Tada1		MP:0011100		Tada1<tm1b(KOMP)Wtsi>	50231221	HGNC:30631	TADA1	
MGI:1916026	Taf11		Taf11		MP:0011100		Taf11<tm1a(EUCOMM)Wtsi>	50231475	HGNC:11544	TAF11	
MGI:1913714	Taf12		Taf12		MP:0011100		Taf12<em1(IMPC)Mbp>	50222372	HGNC:11545	TAF12	
MGI:1913500	Taf13		Taf13		MP:0011100		Taf13<em1(IMPC)J>	50228937	HGNC:11546	TAF13	
MGI:109578	Taf1a		Taf1a		MP:0011100		Taf1a<em1(IMPC)Bay>	50226100	HGNC:11532	TAF1A	
MGI:109576	Taf1c		Taf1c		MP:0011100		Taf1c<em1(IMPC)Bay>	50222198	HGNC:11534	TAF1C	
MGI:1922566	Taf1d		Taf1d		MP:0011100		Taf1d<em1(IMPC)Bay>	50236968	HGNC:28759	TAF1D	
MGI:2443028	Taf2		Taf2		MP:0011100		Taf2<tm1b(EUCOMM)Hmgu>	50221356	HGNC:11536	TAF2	
MGI:2442144	Taf5		Taf5		MP:0011100		Taf5<em1(IMPC)J>	50228972	HGNC:11539	TAF5	
MGI:109129	Taf6		Taf6		MP:0011100		Taf6<tm1b(EUCOMM)Hmgu>	50228887	HGNC:11540	TAF6	
MGI:1926879	Taf8		Taf8		MP:0011100		Taf8<tm2b(EUCOMM)Wtsi>	50228157	HGNC:17300	TAF8	
MGI:98480	Tal1		Tal1		MP:0008762		Tal1<tm1(tTA)Bock>	50225553	HGNC:11556	TAL1	
MGI:1916221	Tamm41		Tamm41		MP:0008762		Tamm41<tm1b(KOMP)Wtsi>	50229934	HGNC:25187	TAMM41	
MGI:2142786	Tango6		Tango6		MP:0011100		Tango6<tm1b(EUCOMM)Hmgu>	50226340	HGNC:25749	TANGO6	
MGI:1914490	Taok1		Taok1		MP:0011100		Taok1<em1(IMPC)Tcp>	50228159	HGNC:29259	TAOK1	
MGI:103027	Tarbp2		Tarbp2		MP:0011100		Tarbp2<tm1.2Dzw>	50222140	HGNC:11569	TARBP2	
MGI:2387629	Tardbp		Tardbp		MP:0001260,MP:0011100,MP:0011101		Tardbp<Rgsc2223>|Tardbp<Rgsc2268>|Tardbp<em1Rhbr>|Tardbp<tm1.1Hiok>|Tardbp<+>|Tardbp<tm1b(EUCOMM)Wtsi>	50228160	HGNC:11571	TARDBP	
MGI:1919057	Tars2		Tars2		MP:0011100		Tars2<tm1b(EUCOMM)Hmgu>	50232158	HGNC:30740	TARS2	
MGI:1921694	Tasor		Tasor		MP:0011100		Tasor<em1(IMPC)Ccpcz>	50220563	HGNC:30314	TASOR	
MGI:1923062	Tasp1		Tasp1		MP:0011101		Tasp1<tm1.1Jjdh>	50227513	HGNC:15859	TASP1	
MGI:1916944	Tatdn1		Tatdn1		MP:0001260		Tatdn1<tm1.2Csaag>	50231399	HGNC:24220	TATDN1	
MGI:3576210	Tatdn2		Tatdn2		MP:0011100		Tatdn2<tm1b(EUCOMM)Hmgu>	50230570	HGNC:28988	TATDN2	
MGI:1923531	Tax1bp3		Tax1bp3		MP:0011100		Tax1bp3<tm1b(EUCOMM)Hmgu>	50228763	HGNC:30684	TAX1BP3	
MGI:2442827	Tbc1d32		Tbc1d32		MP:0011100		Tbc1d32<em1(IMPC)J>	50217801	HGNC:21485	TBC1D32	
MGI:1913661	Tbcb		Tbcb		MP:0011100		Tbcb<em1(IMPC)Bay>	50219006	HGNC:1989	TBCB	
MGI:1919976	Tbcc		Tbcc		MP:0011100		Tbcc<em1(IMPC)J>	50223504	HGNC:11580	TBCC	
MGI:1919686	Tbcd		Tbcd		MP:0011100		Tbcd<em1(IMPC)Bay>	50232035	HGNC:11581	TBCD	
MGI:1917680	Tbce		Tbce		MP:0011100		Tbce<tm2b(EUCOMM)Hmgu>	50229928	HGNC:11582	TBCE	
MGI:2445052	Tbck		Tbck		MP:0008762		Tbck<tm1b(EUCOMM)Hmgu>	50223539	HGNC:28261	TBCK	
MGI:1929658	Tbk1		Tbk1		MP:0011101		Tbk1<tm1.1Lex>	50229270	HGNC:11584	TBK1	
MGI:107404	Tbr1		Tbr1		MP:0011100		Tbr1<tm1.1Csbd>	50223916	HGNC:11590	TBR1	
MGI:98493	Tbx1		Tbx1		MP:0011100		Tbx1<em1(IMPC)Mbp>	50224485	HGNC:11592	TBX1	
MGI:1888496	Tbx20		Tbx20		MP:0011100		Tbx20<em1(IMPC)Mbp>	50218564	HGNC:11598	TBX20	
MGI:98495	Tbx3		Tbx3		MP:0011101		Tbx3<tm2.1Moon>	50228166	HGNC:11602	TBX3	
MGI:102556	Tbx4		Tbx4		MP:0011100		Tbx4<tm4b(EUCOMM)Wtsi>	50224998	HGNC:11603	TBX4	
MGI:98472	T		T		MP:0002080,MP:0008762		T<Wis>|T<c-2H>	50217783	HGNC:11515	TBXT	
MGI:1926421	Tcerg1		Tcerg1		MP:0011100		Tcerg1<em1(IMPC)J>	50228168	HGNC:15630	TCERG1	
MGI:1202715	Tcf21		Tcf21		MP:0011100		Tcf21<em1(IMPC)Mbp>	50218010	HGNC:11632	TCF21	
MGI:1202879	Tcf7l2		Tcf7l2		MP:0011100		Tcf7l2<tm1a(EUCOMM)Wtsi>	50228170	HGNC:11641	TCF7L2	
MGI:3603820	Tctn1		Tctn1		MP:0011100		Tctn1<em1(IMPC)Mbp>	50226128	HGNC:26113	TCTN1	
MGI:1914840	Tctn3		Tctn3		MP:0011100		Tctn3<em1(IMPC)J>	50237002	HGNC:24519	TCTN3	
MGI:101876	Tead1		Tead1		MP:0011100		Tead1<tm1a(KOMP)Wtsi>|Tead1<tm1b(KOMP)Wtsi>	50228182	HGNC:11714	TEAD1	
MGI:104904	Tead2		Tead2		MP:0011101		Tead2<tm1.1Mldp>	50237004	HGNC:11715	TEAD2	
MGI:1915408	Tecr		Tecr		MP:0011100		Tecr<em1(IMPC)Rbrc>	50218234	HGNC:4551	TECR	
MGI:2144738	Tedc1		Tedc1		MP:0011100		Tedc1<em1(IMPC)Tcp>	50227693	HGNC:20127	TEDC1	
MGI:1919266	Tedc2		Tedc2		MP:0011100		Tedc2<em1(IMPC)J>	50237007	HGNC:25849	TEDC2	
MGI:98664	Tek		Tek		MP:0011100		Tek<tm1b(EUCOMM)Hmgu>	50228208	HGNC:11724	TEK	
MGI:1918968	Telo2		Telo2		MP:0011100		Telo2<em1(IMPC)J>	50225988	HGNC:29099	TELO2	
MGI:1921895	Tent5c		Tent5c		MP:0011100		Tent5c<tm1b(KOMP)Wtsi>	50220588	HGNC:24712	TENT5C	
MGI:1098693	Tet1		Tet1		MP:0011100,MP:0011101		Tet1<Gt(RRG140)Byg>	50227302	HGNC:29484	TET1	
MGI:1920929	Tex19.1		Tex19.1		MP:0011101		Tex19.1<tm1(rtTA2S*M2,lacZ)Jw>|Tex19.1<tm1Hjc>	50237029	HGNC:33802	TEX19	
MGI:98821	Trf		Trf		MP:0011100		Trf<em1(IMPC)J>|Trf<em1(IMPC)Rbrc>	50237045	HGNC:11740	TF	
MGI:104672	Tfap2b		Tfap2b		MP:0011100		Tfap2b<tm1b(EUCOMM)Wtsi>	50217417	HGNC:11743	TFAP2B	
MGI:103239	Tfap4		Tfap4		MP:0011101		Tfap4<tm1.1Litt>	50237046	HGNC:11745	TFAP4	
MGI:103270	Tfeb		Tfeb		MP:0002080,MP:0011100		Tfeb<tm1Est>|Tfeb<tm1a(EUCOMM)Wtsi>|Tfeb<tm1b(EUCOMM)Wtsi>	50232372	HGNC:11753	TFEB	
MGI:1338041	Tfg		Tfg		MP:0011100		Tfg<em1(IMPC)Bay>	50228684	HGNC:11758	TFG	
MGI:98822	Tfrc		Tfrc		MP:0011100		Tfrc<em1(IMPC)H>	50218805	HGNC:11763	TFRC	
MGI:1923605	Tgds		Tgds		MP:0011100		Tgds<em1(IMPC)Mbp>	50229129	HGNC:20324	TGDS	
MGI:98725	Tgfb1		Tgfb1		MP:0011101		Tgfb1<+>|Tgfb1<tm1Jmu>|Tgfb1<tm1Doe>|Tgfb1<tm1Jmu>|Tgfb1<tm1N>	50217284	HGNC:11766	TGFB1	
MGI:98727	Tgfb3		Tgfb3		MP:0011100		Tgfb3<tm1.1(KOMP)Vlcg>	50228190	HGNC:11769	TGFB3	
MGI:98728	Tgfbr1		Tgfbr1		MP:0011100		Tgfbr1<tm1Dgen>	50217329	HGNC:11772	TGFBR1	
MGI:98729	Tgfbr2		Tgfbr2		MP:0011100		Tgfbr2<em1(IMPC)Rbrc>|Tgfbr2<tm1.1Hlm>|Tgfbr2<tm1Hlm>	50218429	HGNC:11773	TGFBR2	
MGI:104637	Tgfbr3		Tgfbr3		MP:0011100		Tgfbr3<em1(IMPC)Mbp>	50226768	HGNC:11774	TGFBR3	
MGI:1194497	Tgif1		Tgif1		MP:0011101		Tgif1<tm1Ychn>|Tgif1<tm1Ychn>|Tgif1<+>	50220327	HGNC:11776	TGIF1	
MGI:1915299	Tgif2		Tgif2		MP:0011100		Tgif2<tm1b(EUCOMM)Wtsi>	50237051	HGNC:15764	TGIF2	
MGI:98731	Tgm2		Tgm2		MP:0001260		Tgm2<tm1.1Rmgr>	50221228	HGNC:11778	TGM2	
MGI:98735	Th		Th		MP:0011100		Th<em1(IMPC)H>	50228191	HGNC:11782	TH	
MGI:1921004	Thap1		Thap1		MP:0011100		Thap1<em1(IMPC)J>	50229983	HGNC:20856	THAP1	
MGI:1920231	Thap12		Thap12		MP:0011100		Thap12<em1(IMPC)J>	50220889	HGNC:9440	THAP12	
MGI:98736	Thbd		Thbd		MP:0011100		Thbd<tm1.1(KOMP)Vlcg>	50225758	HGNC:11784	THBD	
MGI:98737	Thbs1		Thbs1		MP:0011101		Thbs1<tm1Hyn>	50226965	HGNC:11785	THBS1	
MGI:98739	Thbs3		Thbs3		MP:0001260		Thbs3<tm1Bst>	50227684	HGNC:11787	THBS3	
MGI:1913878	Thg1l		Thg1l		MP:0011100		Thg1l<tm1b(EUCOMM)Wtsi>	50229436	HGNC:26053	THG1L	
MGI:1919668	Thoc1		Thoc1		MP:0011100		Thoc1<em1(IMPC)Ccpcz>	50224911	HGNC:19070	THOC1	
MGI:1920916	Thoc3		Thoc3		MP:0011100		Thoc3<em1(IMPC)J>	50229338	HGNC:19072	THOC3	
MGI:2677480	Thoc6		Thoc6		MP:0011100		Thoc6<em5(IMPC)Tcp>	50229440	HGNC:28369	THOC6	
MGI:1913481	Thoc7		Thoc7		MP:0011100		Thoc7<em1(IMPC)J>	50223859	HGNC:29874	THOC7	
MGI:98742	Thra		Thra		MP:0001260		Thra<tm1Brnt>|Thra<+>	50218864	HGNC:11796	THRA	
MGI:2444479	Thumpd1		Thumpd1		MP:0011101		Thumpd1<em1Meij>	50231126	HGNC:23807	THUMPD1	
MGI:104735	Gt(ROSA)26Sor		Gt(ROSA)26Sor		MP:0001260,MP:0011100,MP:0011101		Gt(ROSA)26Sor<+>|Gt(ROSA)26Sor<tm1.1(CAG-Fto)Rdc>|Gt(ROSA)26Sor<tm1(RNU6-RNAi:Rad18)Wbaa>|Gt(ROSA)26Sor<tm1.1(CAG-Fto)Rdc>|Gt(ROSA)26Sor<tm2.1(CAG-PSTPIP1*)Dtg>|Gt(ROSA)26Sor<+>|Gt(ROSA)26Sor<tm3(RNAi:Fabp4)Mrl>|Gt(ROSA)26Sor<+>	50237067	HGNC:44478	THUMPD3-AS1	
MGI:107913	Tial1		Tial1		MP:0011101		Tial1<tm1Mst>	50230985	HGNC:11804	TIAL1	
MGI:1924261	Ticrr		Ticrr		MP:0011100		Ticrr<em1(IMPC)Bay>	50217033	HGNC:28704	TICRR	
MGI:99906	Tie1		Tie1		MP:0011101		Tie1<tm1.1Scba>|Tie1<tm1Scba>	50225503	HGNC:11809	TIE1	
MGI:1321393	Timeless		Timeless		MP:0011100		Timeless<tm1b(EUCOMM)Hmgu>	50220470	HGNC:11813	TIMELESS	
MGI:1353432	Timm13		Timm13		MP:0011100		Timm13<em1(IMPC)Tcp>	50221670	HGNC:11816	TIMM13	
MGI:1929742	Timm22		Timm22		MP:0011100		Timm22<tm1b(KOMP)Wtsi>	50232496	HGNC:17317	TIMM22	
MGI:1343262	Timm44		Timm44		MP:0011100		Timm44<em1(IMPC)Mbp>	50222911	HGNC:17316	TIMM44	
MGI:1913775	Timm50		Timm50		MP:0011100		Timm50<tm1b(EUCOMM)Wtsi>	50231011	HGNC:23656	TIMM50	
MGI:1922139	Timmdc1		Timmdc1		MP:0011100		Timmdc1<Gt(OST407011)Lex>|Timmdc1<tm1b(EUCOMM)Wtsi>	50223301	HGNC:1321	TIMMDC1	
MGI:1915087	Tiprl		Tiprl		MP:0011100		Tiprl<tm1.1(KOMP)Vlcg>	50231007	HGNC:30231	TIPRL	
MGI:105992	Tkt		Tkt		MP:0011100		Tkt<em1(IMPC)H>	50218582	HGNC:11834	TKT	
MGI:1346023	Tlk2		Tlk2		MP:0011100		Tlk2<em1(IMPC)Bay>	50229134	HGNC:11842	TLK2	
MGI:1858171	Tlr5		Tlr5		MP:0001260		Tlr5<tm1Flv>	50228216	HGNC:11851	TLR5	
MGI:2137022	Tm2d1		Tm2d1		MP:0002080,MP:0011100		Tm2d1<em1(IMPC)Bay>	50225800	HGNC:24142	TM2D1	
MGI:1916992	Tm2d2		Tm2d2		MP:0002080,MP:0011100		Tm2d2<em1(IMPC)Bay>	50231357	HGNC:24127	TM2D2	
MGI:1915884	Tm2d3		Tm2d3		MP:0011100		Tm2d3<em1(IMPC)J>	50221274	HGNC:24128	TM2D3	
MGI:1915309	Tm9sf2		Tm9sf2		MP:0011100		Tm9sf2<em1(IMPC)Tcp>	50229139	HGNC:11865	TM9SF2	
MGI:1914262	Tm9sf3		Tm9sf3		MP:0011100		Tm9sf3<em1(IMPC)Mbp>	50221000	HGNC:21529	TM9SF3	
MGI:1921173	Tmco1		Tmco1		MP:0011101		Tmco1<em1Smoc>	50225425	HGNC:18188	TMCO1	
MGI:1915831	Tmed10		Tmed10		MP:0011100		Tmed10<tm1.1(KOMP)Vlcg>	50221717	HGNC:16998	TMED10	
MGI:1915138	Tmem100		Tmem100		MP:0011100		Tmem100<tm1e.1(KOMP)Wtsi>	50228228	HGNC:25607	TMEM100	
MGI:1930765	Tmem115		Tmem115		MP:0011100		Tmem115<tm1(KOMP)Vlcg>	50228981	HGNC:30055	TMEM115	
MGI:1927110	Tmem131		Tmem131		MP:0011100		Tmem131<em1(IMPC)J>	50231540	HGNC:30366	TMEM131	
MGI:2147810	Tmem132a		Tmem132a		MP:0011100		Tmem132a<tm1b(KOMP)Wtsi>	50231653	HGNC:31092	TMEM132A	
MGI:3609245	Tmem132b		Tmem132b		MP:0001260		Tmem132b<em1(IMPC)Ccpcz>	50232018	HGNC:29397	TMEM132B	
MGI:2685490	Tmem132e		Tmem132e		MP:0011100		Tmem132e<em1(IMPC)Kmpc>	50232702	HGNC:26991	TMEM132E	
MGI:1915011	Tmem147		Tmem147		MP:0011100		Tmem147<em1(IMPC)J>	50231495	HGNC:30414	TMEM147	
MGI:1919995	Tmem161b		Tmem161b		MP:0011100		Tmem161b<Gt(OST389140)Lex>|Tmem161b<tm2b(EUCOMM)Hmgu>	50223031	HGNC:28483	TMEM161B	
MGI:2144205	Tmem17		Tmem17		MP:0011100		Tmem17<em1(IMPC)Kmpc>	50230417	HGNC:26623	TMEM17	
MGI:2387176	Tmem18		Tmem18		MP:0001260		Tmem18<tm1a(EUCOMM)Wtsi>	50229385	HGNC:25257	TMEM18	
MGI:1923725	Tmem182		Tmem182		MP:0001260		Tmem182<em1Cya>	50225921	HGNC:26391	TMEM182	
MGI:2138365	Tmem237		Tmem237		MP:0011100		Tmem237<tm1b(EUCOMM)Hmgu>	50217355	HGNC:14432	TMEM237	
MGI:106402	Tmem30a		Tmem30a		MP:0011100		Tmem30a<tm1a(KOMP)Wtsi>	50221845	HGNC:16667	TMEM30A	
MGI:1098718	Tmem38b		Tmem38b		MP:0011100		Tmem38b<em1(IMPC)Mbp>	50230666	HGNC:25535	TMEM38B	
MGI:1289225	Tmem41b		Tmem41b		MP:0011100		Tmem41b<tm1b(KOMP)Wtsi>	50228035	HGNC:28948	TMEM41B	
MGI:2387609	Tmem63b		Tmem63b		MP:0011100		Tmem63b<tm1b(EUCOMM)Wtsi>	50221568	HGNC:17735	TMEM63B	
MGI:1923928	Tmem67		Tmem67		MP:0011100		Tmem67<em1(IMPC)J>	50224450	HGNC:28396	TMEM67	
MGI:1915068	Tmem70		Tmem70		MP:0011100		Tmem70<em2(IMPC)Bay>	50227687	HGNC:26050	TMEM70	
MGI:1923457	Tmem98		Tmem98		MP:0011100		Tmem98<tm1a(EUCOMM)Wtsi>	50230306	HGNC:24529	TMEM98	
MGI:98775	Tmod1		Tmod1		MP:0001260		Tmod1<+>|Tmod1<tm1a(KOMP)Wtsi>	50226614	HGNC:11871	TMOD1	
MGI:3612246	Tmprss9		Tmprss9		MP:0001260		Tmprss9<tm1.3Hzo>	50226378	HGNC:30079	TMPRSS9	
MGI:1914208	Tmx2		Tmx2		MP:0011100		Tmx2<tm1.1(KOMP)Vlcg>	50220984	HGNC:30739	TMX2	
MGI:104798	Lta/Tnf|Ltb/Tnf/Lta		Tnf		MP:0001260,MP:0008024		Lta/Tnf<tm1Eug>|Lta/Tnf<tm1Jods>|Ltb/Tnf/Lta<tm1Dvk>	50224261	HGNC:11892	TNF	
MGI:1314891	Tnfrsf11a		Tnfrsf11a		MP:0008024		Tnfrsf11a<tm1.2Pngr>|Tnfrsf11a<tm1Imx>	50232693	HGNC:11908	TNFRSF11A	
MGI:1100089	Tnfsf11		Tnfsf11		MP:0008024		Tnfsf11<tles>	50225243	HGNC:11926	TNFSF11	
MGI:1926194	Tnip1		Tnip1		MP:0011101		Tnip1<Gt(E059E05)Wrst>	50223613	HGNC:16903	TNIP1	
MGI:98779	Tnnc1		Tnnc1		MP:0011100		Tnnc1<em1(IMPC)J>	50219246	HGNC:11943	TNNC1	
MGI:105073	Tnni1		Tnni1		MP:0011100		Tnni1<tm3b(EUCOMM)Hmgu>	50227872	HGNC:11945	TNNI1	
MGI:105070	Tnni2		Tnni2		MP:0011100		Tnni2<tm1.1(KOMP)Vlcg>	50222904	HGNC:11946	TNNI2	
MGI:98783	Tnni3		Tnni3		MP:0011100		Tnni3<tm1Jdp>	50222903	HGNC:11947	TNNI3	
MGI:1196412	Tnpo3		Tnpo3		MP:0008762		Tnpo3<m1Anu>	50230634	HGNC:17103	TNPO3	
MGI:3648294	Tnrc18		Tnrc18		MP:0011101		Tnrc18<em1Ggw>	50232432	HGNC:11962	TNRC18	
MGI:1915526	Toe1		Toe1		MP:0011100		Toe1<tm1.1(KOMP)Vlcg>	50227523	HGNC:15954	TOE1	
MGI:2684313	Togaram1		Togaram1		MP:0011100		Togaram1<em1(IMPC)J>	50232913	HGNC:19959	TOGARAM1	
MGI:1915202	Tomm20		Tomm20		MP:0011100		Tomm20<em1(IMPC)J>	50217490	HGNC:20947	TOMM20	
MGI:2450248	Tomm22		Tomm22		MP:0011100		Tomm22<em1(IMPC)J>	50218334	HGNC:18002	TOMM22	
MGI:1858259	Tomm40		Tomm40		MP:0011100		Tomm40<em1(IMPC)J>	50228854	HGNC:18001	TOMM40	
MGI:1913419	Tomm7		Tomm7		MP:0011100		Tomm7<em1Yihc>	50220467	HGNC:21648	TOMM7	
MGI:106295	Tomm70a		Tomm70a		MP:0011100		Tomm70a<em1(IMPC)J>	50228263	HGNC:11985	TOMM70	
MGI:1919999	Tonsl		Tonsl		MP:0011100		Tonsl<em1(IMPC)Bay>|Tonsl<em2(IMPC)Bay>	50223676	HGNC:7801	TONSL	
MGI:98790	Top2a		Top2a		MP:0011100		Top2a<em2(IMPC)Tcp>	50221203	HGNC:11989	TOP2A	
MGI:98791	Top2b		Top2b		MP:0011100		Top2b<em1(IMPC)Mbp>	50223529	HGNC:11990	TOP2B	
MGI:1197527	Top3a		Top3a		MP:0011100		Top3a<tm1b(EUCOMM)Hmgu>	50232194	HGNC:11992	TOP3A	
MGI:1353568	Tor1a		Tor1a		MP:0011100		Tor1a<em1(IMPC)H>	50230588	HGNC:3098	TOR1A	
MGI:3582693	Tor1aip1		Tor1aip1		MP:0011100		Tor1aip1<tm1b(EUCOMM)Hmgu>	50221054	HGNC:29456	TOR1AIP1	
MGI:1915389	Tox4		Tox4		MP:0011100		Tox4<tm1b(KOMP)Mbp>	50227629	HGNC:20161	TOX4	
MGI:98834	Trp53		Trp53		MP:0011100,MP:0011101		Trp53<tm1Tyj>|Trp53<tm1Tyj>|Trp53<tm2.1Tyj>|Trp53<tm1Tyj>|Trp53<tm3.1Tyj>|Trp53<tm3.1Glo>|Trp53<tm8Xu>	50217806	HGNC:11998	TP53	
MGI:2138319	Trp53bp2		Trp53bp2		MP:0011100		Trp53bp2<tm1b(EUCOMM)Hmgu>	50217542	HGNC:12000	TP53BP2	
MGI:1926609	Trp53inp1		Trp53inp1		MP:0001260		Trp53inp1<tm1Acar>	50218078	HGNC:18022	TP53INP1	
MGI:1336991	Trp73		Trp73		MP:0011101		Trp73<tm1Mak>|Trp73<tm2Mak>	50225498	HGNC:12003	TP73	
MGI:1352500	Tpk1		Tpk1		MP:0011100		Tpk1<em1(IMPC)J>	50229457	HGNC:17358	TPK1	
MGI:1915221	Tppp3		Tppp3		MP:0011100		Tppp3<em1(IMPC)Ccpcz>	50231195	HGNC:24162	TPPP3	
MGI:1922066	Tpr		Tpr		MP:0011100		Tpr<tm2b(EUCOMM)Wtsi>	50225749	HGNC:12017	TPR	
MGI:1917036	Tprkb		Tprkb		MP:0011100		Tprkb<em1(IMPC)Bay>	50229492	HGNC:24259	TPRKB	
MGI:1919369	Tpx2		Tpx2		MP:0011100		Tpx2<em1(IMPC)J>	50218093	HGNC:1249	TPX2	
MGI:101835	Traf2		Traf2		MP:0011100		Traf2<tm1a(EUCOMM)Wtsi>	50221624	HGNC:12032	TRAF2	
MGI:1921269	Traf3ip1		Traf3ip1		MP:0011100		Traf3ip1<em1(IMPC)Bay>	50220111	HGNC:17861	TRAF3IP1	
MGI:1202880	Traf4		Traf4		MP:0011101		Traf4<tm1Mrio>	50228272	HGNC:12034	TRAF4	
MGI:108072	Traf6		Traf6		MP:0011100		Traf6<tm2a(EUCOMM)Wtsi>	50221813	HGNC:12036	TRAF6	
MGI:3042141	Traf7		Traf7		MP:0011100		Traf7<em1(IMPC)Tcp>	50223765	HGNC:20456	TRAF7	
MGI:1098727	Trappc1		Trappc1		MP:0011100		Trappc1<em1(IMPC)Mbp>	50229374	HGNC:19894	TRAPPC1	
MGI:2444585	Trappc11		Trappc11		MP:0011100		Trappc11<em1(IMPC)J>	50217905	HGNC:25751	TRAPPC11	
MGI:2445089	Trappc12		Trappc12		MP:0011100		Trappc12<em1(IMPC)Bay>	50228310	HGNC:24284	TRAPPC12	
MGI:1926211	Trappc4		Trappc4		MP:0011100		Trappc4<em1(IMPC)Bay>	50231064	HGNC:19943	TRAPPC4	
MGI:1923760	Trappc9		Trappc9		MP:0001260		Trappc9<em1Xyli>|Trappc9<tm1a(EUCOMM)Wtsi>|Trappc9<tm1a(EUCOMM)Wtsi>|Trappc9<+>	50237209	HGNC:30832	TRAPPC9	
MGI:3029307	Trarg1		Trarg1		MP:0001260		Trarg1<tm1a(KOMP)Wtsi>	50226766	HGNC:29592	TRARG1	
MGI:1917057	Trim32		Trim32		MP:0001260		Trim32<Gt(BGA355)Byg>	50217683	HGNC:16380	TRIM32	
MGI:2137357	Trim33		Trim33		MP:0011100		Trim33<em1(IMPC)Tcp>	50218112	HGNC:16290	TRIM33	
MGI:1918187	Trim45		Trim45		MP:0011100		Trim45<tm1a(KOMP)Wtsi>	50227094	HGNC:19018	TRIM45	
MGI:2152406	Trim66		Trim66		MP:0011101		Trim66<em1Emr>	50226292	HGNC:29005	TRIM66	
MGI:2685973	Trim71		Trim71		MP:0011100		Trim71<tm1.1(KOMP)Vlcg>	50218207	HGNC:32669	TRIM71	
MGI:1927230	Trio		Trio		MP:0011100		Trio<em1(IMPC)H>	50225915	HGNC:12303	TRIO	
MGI:1349410	Triobp		Triobp		MP:0008762		Triobp<Gt(RRE310)Byg>|Triobp<Gt(YHB226)Byg>	50221831	HGNC:17009	TRIOBP	
MGI:1914216	Trit1		Trit1		MP:0011100		Trit1<tm1.1(KOMP)Vlcg>	50226140	HGNC:20286	TRIT1	
MGI:1923607	Trmt5		Trmt5		MP:0011100		Trmt5<em1(IMPC)Bay>	50229147	HGNC:23141	TRMT5	
MGI:102482	mt-Tl1		mt-Tl1		MP:0001260		mt-Tl1<m1Jiha>	50235443	HGNC:7490	TRNL1	
MGI:1917297	Trnt1		Trnt1		MP:0001260		Trnt1<tm1a(EUCOMM)Hmgu>|Trnt1<+>	50231241	HGNC:17341	TRNT1	
MGI:109528	Trpc1		Trpc1		MP:0001260		Trpc1<M2Btlr>|Trpc1<m1Btlr>|Trpc1<m3Btlr>|Trpc1<tm1Lbi>	50232164	HGNC:12333	TRPC1	
MGI:109526	Trpc3		Trpc3		MP:0011100		Trpc3<tm1b(EUCOMM)Wtsi>	50232832	HGNC:12335	TRPC3	
MGI:1929996	Trpm7		Trpm7		MP:0011100		Trpm7<tm1b(KOMP)Wtsi>	50218403	HGNC:17994	TRPM7	
MGI:1927616	Trps1		Trps1		MP:0011100		Trps1<em1(IMPC)Wtsi>	50228682	HGNC:12340	TRPS1	
MGI:1341787	Trpv1		Trpv1		MP:0001260		Trpv1<tm1Jul>	50227737	HGNC:12716	TRPV1	
MGI:2153272	Trrap		Trrap		MP:0011100		Trrap<tm1a(EUCOMM)Wtsi>	50221471	HGNC:12347	TRRAP	
MGI:2442186	Trub2		Trub2		MP:0011100		Trub2<tm2a(EUCOMM)Wtsi>	50221456	HGNC:17170	TRUB2	
MGI:1929183	Tsc1		Tsc1		MP:0011100		Tsc1<em1(IMPC)Ccpcz>	50220492	HGNC:12362	TSC1	
MGI:102548	Tsc2		Tsc2		MP:0011100		Tsc2<tm1Kcess>	50221260	HGNC:12363	TSC2	
MGI:1923515	Tsen54		Tsen54		MP:0011100		Tsen54<em1(IMPC)J>	50229587	HGNC:27561	TSEN54	
MGI:1913649	Tsfm		Tsfm		MP:0011100		Tsfm<tm1a(EUCOMM)Wtsi>	50230285	HGNC:12367	TSFM	
MGI:106581	Tsg101		Tsg101		MP:0011100		Tsg101<tm1b(EUCOMM)Hmgu>	50228300	HGNC:15971	TSG101	
MGI:98849	Tshr		Tshr		MP:0011101		Tshr<hyt-3J>	50224310	HGNC:12373	TSHR	
MGI:1336196	Tsix		Tsix		MP:0002080,MP:0011101		Tsix<+>|Tsix<tm2Jtl>|Tsix<tm1Enl>	50237357	HGNC:12377	TSIX	
MGI:1196325	Tspan14		Tspan14		MP:0011100		Tspan14<em1(IMPC)H>	50230169	HGNC:23303	TSPAN14	
MGI:1298395	Tspyl1		Tspyl1		MP:0011100		Tspyl1<em1(IMPC)J>	50228666	HGNC:12382	TSPYL1	
MGI:1298395	Tspyl1		Tspyl1		MP:0011100		Tspyl1<em1(IMPC)J>	50228666	HGNC:14521	TSPYL6	
MGI:2144566	Tsr1		Tsr1		MP:0011100		Tsr1<em1(IMPC)J>	50221460	HGNC:25542	TSR1	
MGI:2155779	Ttbk2		Ttbk2		MP:0011100,MP:0011101		Ttbk2<em1(IMPC)J>|Ttbk2<tm1Dral>|Ttbk2<tm1a(EUCOMM)Hmgu>|Ttbk2<tm1Dral>	50222187	HGNC:19141	TTBK2	
MGI:1914077	Ttc1		Ttc1		MP:0011100		Ttc1<em1(IMPC)Mbp>	50223644	HGNC:12391	TTC1	
MGI:1920918	Ttc21b		Ttc21b		MP:0001260		Ttc21b<m1Btlr>	50225448	HGNC:25660	TTC21B	
MGI:1921446	Ttc27		Ttc27		MP:0011100		Ttc27<em1(IMPC)J>	50218964	HGNC:25986	TTC27	
MGI:1919604	Ttc4		Ttc4		MP:0011100		Ttc4<em1(IMPC)Bay>	50230750	HGNC:12394	TTC4	
MGI:1920999	Ttc7		Ttc7		MP:0011100		Ttc7<em1(IMPC)J>	50223092	HGNC:19750	TTC7A	
MGI:2144724	Ttc7b		Ttc7b		MP:0002080,MP:0011100		Ttc7b<em1(IMPC)J>	50229218	HGNC:19858	TTC7B	
MGI:1916730	Ttc9		Ttc9		MP:0001260		Ttc9<tm1Vcl>	50237374	HGNC:20267	TTC9	
MGI:1922675	Tti1		Tti1		MP:0011100		Tti1<em1(IMPC)J>	50222552	HGNC:29029	TTI1	
MGI:2384576	Tti2		Tti2		MP:0011100		Tti2<tm1b(KOMP)Wtsi>	50226832	HGNC:26262	TTI2	
MGI:1194921	Ttk		Ttk		MP:0011100		Ttk<em1(IMPC)J>	50224480	HGNC:12401	TTK	
MGI:1916987	Ttl		Ttl		MP:0011100		Ttl<tm1b(EUCOMM)Wtsi>	50228890	HGNC:21586	TTL	
MGI:1918142	Ttll7		Ttll7		MP:0001260		Ttll7<tm1Seto>	50230299	HGNC:26242	TTLL7	
MGI:98864	Ttn		Ttn		MP:0011101		Ttn<+>|Ttn<tm1.1Isrd>|Ttn<tm1.1Isrd>	50222899	HGNC:12403	TTN	
MGI:2651573	Tub		Tub		MP:0001260		Tub<m1Btlr>	50232708	HGNC:12406	TUB	
MGI:98869	Tuba1a		Tuba1a		MP:0011100		Tuba1a<em1Rstot>|Tuba1a<em2Rstot>|Tuba1a<quas>|Tuba1a<em1Rstot>	50228316	HGNC:20766	TUBA1A	
MGI:1919174	Tube1		Tube1		MP:0011100		Tube1<em1(IMPC)Hmgu>	50230831	HGNC:20775	TUBE1	
MGI:1921487	Tubgcp2		Tubgcp2		MP:0011100		Tubgcp2<em1(IMPC)Bay>|Tubgcp2<em1(IMPC)Tcp>	50221050	HGNC:18599	TUBGCP2	
MGI:1196293	Tubgcp4		Tubgcp4		MP:0011100		Tubgcp4<em1(IMPC)J>	50230599	HGNC:16691	TUBGCP4	
MGI:1329045	Tulp3		Tulp3		MP:0011100		Tulp3<tm1b(EUCOMM)Hmgu>	50231553	HGNC:12425	TULP3	
MGI:1916092	Tulp4		Tulp4		MP:0001260,MP:0011100		Tulp4<+>|Tulp4<tm1a(KOMP)Wtsi>|Tulp4<em1(IMPC)Mbp>	50231550	HGNC:15530	TULP4	
MGI:98872	Twist1		Twist1		MP:0011101		Twist1<Pas>	50228324	HGNC:12428	TWIST1	
MGI:2137520	Twsg1		Twsg1		MP:0011101		Twsg1<tm1Ecan>|Twsg1<tm1Emdr>	50221847	HGNC:12429	TWSG1	
MGI:2389312	Txndc2		Txndc2		MP:0001260		Txndc2<tm1Lex>	50220724	HGNC:16470	TXNDC2	
MGI:1351613	Txnl4a		Txnl4a		MP:0011100		Txnl4a<em1(IMPC)Bay>	50229554	HGNC:30551	TXNL4A	
MGI:1929470	Tyk2		Tyk2		MP:0001260		Tyk2<tm1Shmd>	50232184	HGNC:12440	TYK2	
MGI:98880	Tyr		Tyr		MP:0002080		Tyr<c-OR15Q>	50224778	HGNC:12442	TYR	
MGI:98884	U2af1		U2af1		MP:0011100		U2af1<em1(IMPC)J>	50218938	HGNC:12453	U2AF1	
MGI:98886	U2af2		U2af2		MP:0011100		U2af2<em1(IMPC)J>	50228866	HGNC:23156	U2AF2	
MGI:1915208	U2surp		U2surp		MP:0011100		U2surp<em1(IMPC)J>	50224482	HGNC:30855	U2SURP	
MGI:1334459	Uap1		Uap1		MP:0011100		Uap1<em1(IMPC)Tcp>	50220930	HGNC:12457	UAP1	
MGI:1858313	Uba2		Uba2		MP:0011100		Uba2<tm1a(KOMP)Wtsi>	50225366	HGNC:30661	UBA2	
MGI:2149543	Ubap1		Ubap1		MP:0011100		Ubap1<tm1a(EUCOMM)Wtsi>	50230719	HGNC:12461	UBAP1	
MGI:1921633	Ubap2l		Ubap2l		MP:0011100		Ubap2l<em1(IMPC)Bay>	50225516	HGNC:29877	UBAP2L	
MGI:98889	Ubc		Ubc		MP:0011100		Ubc<em1(IMPC)Mbp>	50223452	HGNC:12468	UBC	
MGI:102959	Ube2a		Ube2a		MP:0011101		Ube2a<tm1Agr>	50221539	HGNC:12472	UBE2A	
MGI:1915862	Ube2c		Ube2c		MP:0011100		Ube2c<tm1.1(KOMP)Wtsi>	50223496	HGNC:15937	UBE2C	
MGI:1915171	Ube2f		Ube2f		MP:0011100		Ube2f<em1(IMPC)Mbp>	50231103	HGNC:12480	UBE2F	
MGI:107365	Ube2i		Ube2i		MP:0011100		Ube2i<em1(IMPC)J>	50228332	HGNC:12485	UBE2I	
MGI:108278	Ube2m		Ube2m		MP:0011100		Ube2m<tm1.1(KOMP)Wtsi>	50237384	HGNC:12491	UBE2M	
MGI:1934835	Ube2n		Ube2n		MP:0011100		Ube2n<em1(IMPC)Ccpcz>	50228331	HGNC:12492	UBE2N	
MGI:1934835	Ube2n		Ube2n		MP:0011100		Ube2n<em1(IMPC)Ccpcz>	50228331	HGNC:31710	UBE2NL	
MGI:1914049	Ube2w		Ube2w		MP:0011101		Ube2w<tm1d(EUCOMM)Wtsi>	50222389	HGNC:25616	UBE2W	
MGI:105098	Ube3a		Ube3a		MP:0001260		Ube3a<tm1Alb>|Ube3a<+>	50223599	HGNC:12496	UBE3A	
MGI:1891295	Ube3b		Ube3b		MP:0011100		Ube3b<em1(IMPC)Bay>	50227140	HGNC:13478	UBE3B	
MGI:1918957	Ubiad1		Ubiad1		MP:0011100		Ubiad1<em1(IMPC)J>	50217667	HGNC:30791	UBIAD1	
MGI:1933105	Ublcp1		Ublcp1		MP:0011100		Ublcp1<tm1b(KOMP)Wtsi>	50220787	HGNC:28110	UBLCP1	
MGI:104889	Ubp1		Ubp1		MP:0011100		Ubp1<tm1b(KOMP)Mbp>	50237388	HGNC:12507	UBP1	
MGI:1861099	Ubr2		Ubr2		MP:0011100,MP:0011101		Ubr2<tm1Ytkw>|Ubr2<tm1e.1(KOMP)Mbp>	50226429	HGNC:21289	UBR2	
MGI:1916366	Ubr4		Ubr4		MP:0011100		Ubr4<tm1b(EUCOMM)Hmgu>	50227674	HGNC:30313	UBR4	
MGI:98512	Ubtf		Ubtf		MP:0011100		Ubtf<em1(IMPC)Mbp>|Ubtf<tm1Tmss>	50227871	HGNC:12511	UBTF	
MGI:2146388	Ubxn7		Ubxn7		MP:0011100		Ubxn7<tm1b(EUCOMM)Wtsi>	50223907	HGNC:29119	UBXN7	
MGI:1914848	Uchl5		Uchl5		MP:0011100		Uchl5<tm1(NCOM)Mfgc>	50229191	HGNC:19678	UCHL5	
MGI:1913679	Ufsp2		Ufsp2		MP:0011100		Ufsp2<em1(IMPC)Mbp>	50218606	HGNC:25640	UFSP2	
MGI:1332243	Ugcg		Ugcg		MP:0011100		Ugcg<em1(IMPC)H>	50218431	HGNC:12524	UGCG	
MGI:2443162	Uggt1		Uggt1		MP:0011100		Uggt1<em1(IMPC)Mbp>	50230038	HGNC:15663	UGGT1	
MGI:2183447	Ugp2		Ugp2		MP:0011100		Ugp2<em1(IMPC)Bay>	50221935	HGNC:12527	UGP2	
MGI:1921622	Ulk4		Ulk4		MP:0011069		Ulk4<tm1a(KOMP)Wtsi>	50225772	HGNC:15784	ULK4	
MGI:2142246	Unc45a		Unc45a		MP:0011100		Unc45a<tm1b(EUCOMM)Hmgu>	50224141	HGNC:30594	UNC45A	
MGI:2443377	Unc45b		Unc45b		MP:0011100		Unc45b<em1(IMPC)Bay>	50218342	HGNC:14304	UNC45B	
MGI:1095412	Unc5c		Unc5c		MP:0011100		Unc5c<em2(IMPC)Rbrc>|Unc5c<rcmTg(Ucp)1.23Kz>	50220653	HGNC:12569	UNC5C	
MGI:2652882	Unc80		Unc80		MP:0011100		Unc80<em1(IMPC)Tcp>	50237401	HGNC:26582	UNC80	
MGI:98907	Uox		Uox		MP:0011100		Uox<em1(IMPC)Ccpcz>	50218524	HGNC:12575	UOX	
MGI:2147553	Uqcc3		Uqcc3		MP:0011100		Uqcc3<em1(IMPC)Bay>	50220694	HGNC:34399	UQCC3	
MGI:1913402	Uqcr10		Uqcr10		MP:0011100		Uqcr10<em2(IMPC)Bay>	50228172	HGNC:30863	UQCR10	
MGI:1914780	Uqcrb		Uqcrb		MP:0011100		Uqcrb<tm1b(EUCOMM)Wtsi>	50223341	HGNC:12582	UQCRB	
MGI:107876	Uqcrc1		Uqcrc1		MP:0011100		Uqcrc1<em1(IMPC)Bay>	50231089	HGNC:12585	UQCRC1	
MGI:1913944	Uqcrfs1		Uqcrfs1		MP:0011100		Uqcrfs1<tm1.1Hek>	50221024	HGNC:12587	UQCRFS1	
MGI:1913944	Uqcrfs1		Uqcrfs1		MP:0011100		Uqcrfs1<tm1.1Hek>	50221024	HGNC:12588	UQCRFS1P1	
MGI:107807	Uqcrq		Uqcrq		MP:0011100		Uqcrq<tm1b(EUCOMM)Hmgu>	50224413	HGNC:29594	UQCRQ	
MGI:2146468	Urb1		Urb1		MP:0011100		Urb1<em1(IMPC)Bay>	50237406	HGNC:17344	URB1	
MGI:1915455	Urm1		Urm1		MP:0011100		Urm1<em1(IMPC)J>	50227814	HGNC:28378	URM1	
MGI:98917	Uros		Uros		MP:0011100		Uros<tm1Rjde>|Uros<tm2Rjde>|Uros<tm4Rjde>	50229036	HGNC:12592	UROS	
MGI:2142454	Usb1		Usb1		MP:0011100		Usb1<em1(IMPC)Bay>	50231286	HGNC:25792	USB1	
MGI:1929095	Uso1		Uso1		MP:0011100		Uso1<em1(IMPC)Bay>	50228512	HGNC:30904	USO1	
MGI:894652	Usp10		Usp10		MP:0011100		Usp10<tm1(NCOM)Mfgc>	50223015	HGNC:12608	USP10	
MGI:1928898	Usp14		Usp14		MP:0011100		Usp14<tm2b(EUCOMM)Wtsi>	50229265	HGNC:12612	USP14	
MGI:107698	Usp17lc		Usp17lc		MP:0001260		Usp17lc<+>|Usp17lc<tm1Khb>	50237410	HGNC:37182	USP17L1	
MGI:107698	Usp17lc		Usp17lc		MP:0001260		Usp17lc<+>|Usp17lc<tm1Khb>	50237410	HGNC:44438	USP17L10	
MGI:107698	Usp17lc		Usp17lc		MP:0001260		Usp17lc<+>|Usp17lc<tm1Khb>	50237410	HGNC:44439	USP17L11	
MGI:107698	Usp17lc		Usp17lc		MP:0001260		Usp17lc<+>|Usp17lc<tm1Khb>	50237410	HGNC:44440	USP17L12	
MGI:107698	Usp17lc		Usp17lc		MP:0001260		Usp17lc<+>|Usp17lc<tm1Khb>	50237410	HGNC:44441	USP17L13	
MGI:107698	Usp17lc		Usp17lc		MP:0001260		Usp17lc<+>|Usp17lc<tm1Khb>	50237410	HGNC:44443	USP17L15	
MGI:107698	Usp17lc		Usp17lc		MP:0001260		Usp17lc<+>|Usp17lc<tm1Khb>	50237410	HGNC:44445	USP17L17	
MGI:107698	Usp17lc		Usp17lc		MP:0001260		Usp17lc<+>|Usp17lc<tm1Khb>	50237410	HGNC:44446	USP17L18	
MGI:107698	Usp17lc		Usp17lc		MP:0001260		Usp17lc<+>|Usp17lc<tm1Khb>	50237410	HGNC:44447	USP17L19	
MGI:107698	Usp17lc		Usp17lc		MP:0001260		Usp17lc<+>|Usp17lc<tm1Khb>	50237410	HGNC:34434	USP17L2	
MGI:107698	Usp17lc		Usp17lc		MP:0001260		Usp17lc<+>|Usp17lc<tm1Khb>	50237410	HGNC:44448	USP17L20	
MGI:107698	Usp17lc		Usp17lc		MP:0001260		Usp17lc<+>|Usp17lc<tm1Khb>	50237410	HGNC:44449	USP17L21	
MGI:107698	Usp17lc		Usp17lc		MP:0001260		Usp17lc<+>|Usp17lc<tm1Khb>	50237410	HGNC:44450	USP17L22	
MGI:107698	Usp17lc		Usp17lc		MP:0001260		Usp17lc<+>|Usp17lc<tm1Khb>	50237410	HGNC:44453	USP17L24	
MGI:107698	Usp17lc		Usp17lc		MP:0001260		Usp17lc<+>|Usp17lc<tm1Khb>	50237410	HGNC:44452	USP17L25	
MGI:107698	Usp17lc		Usp17lc		MP:0001260		Usp17lc<+>|Usp17lc<tm1Khb>	50237410	HGNC:44454	USP17L26	
MGI:107698	Usp17lc		Usp17lc		MP:0001260		Usp17lc<+>|Usp17lc<tm1Khb>	50237410	HGNC:44455	USP17L27	
MGI:107698	Usp17lc		Usp17lc		MP:0001260		Usp17lc<+>|Usp17lc<tm1Khb>	50237410	HGNC:44456	USP17L28	
MGI:107698	Usp17lc		Usp17lc		MP:0001260		Usp17lc<+>|Usp17lc<tm1Khb>	50237410	HGNC:44457	USP17L29	
MGI:107698	Usp17lc		Usp17lc		MP:0001260		Usp17lc<+>|Usp17lc<tm1Khb>	50237410	HGNC:37175	USP17L3	
MGI:107698	Usp17lc		Usp17lc		MP:0001260		Usp17lc<+>|Usp17lc<tm1Khb>	50237410	HGNC:44458	USP17L30	
MGI:107698	Usp17lc		Usp17lc		MP:0001260		Usp17lc<+>|Usp17lc<tm1Khb>	50237410	HGNC:37176	USP17L4	
MGI:107698	Usp17lc		Usp17lc		MP:0001260		Usp17lc<+>|Usp17lc<tm1Khb>	50237410	HGNC:37177	USP17L5	
MGI:107698	Usp17lc		Usp17lc		MP:0001260		Usp17lc<+>|Usp17lc<tm1Khb>	50237410	HGNC:37179	USP17L6P	
MGI:107698	Usp17lc		Usp17lc		MP:0001260		Usp17lc<+>|Usp17lc<tm1Khb>	50237410	HGNC:37180	USP17L7	
MGI:107698	Usp17lc		Usp17lc		MP:0001260		Usp17lc<+>|Usp17lc<tm1Khb>	50237410	HGNC:37181	USP17L8	
MGI:2144157	Usp22		Usp22		MP:0011100,MP:0011101		Usp22<Gt(XP0208)Wtsi>|Usp22<tm1a(KOMP)Wtsi>|Usp22<tm1b(KOMP)Wtsi>	50229964	HGNC:12621	USP22	
MGI:2144475	Usp32		Usp32		MP:0011100		Usp32<em1(IMPC)Mhzh>	50229091	HGNC:19143	USP32	
MGI:2442483	Usp37		Usp37		MP:0011100		Usp37<em1(IMPC)Wtsi>	50221810	HGNC:20063	USP37	
MGI:1347343	Usp5		Usp5		MP:0011100		Usp5<tm1a(EUCOMM)Hmgu>	50228574	HGNC:12628	USP5	
MGI:1922333	Usp50		Usp50		MP:0011100		Usp50<tm1(KOMP)Vlcg>	50237420	HGNC:20079	USP50	
MGI:2144475	Usp32		Usp32		MP:0011100		Usp32<em1(IMPC)Mhzh>	50229091	HGNC:12629	USP6	
MGI:1923402	Utp18		Utp18		MP:0011100		Utp18<em1(IMPC)J>	50230140	HGNC:24274	UTP18	
MGI:1917933	Utp20		Utp20		MP:0002080,MP:0011100		Utp20<em1(IMPC)J>	50223936	HGNC:17897	UTP20	
MGI:1096573	Utp4		Utp4		MP:0011100		Utp4<em1(IMPC)J>	50218997	HGNC:1983	UTP4	
MGI:2445193	Utp6		Utp6		MP:0011100		Utp6<em1(IMPC)Bay>	50230653	HGNC:18279	UTP6	
MGI:1925860	Uvrag		Uvrag		MP:0011100		Uvrag<em1(IMPC)Mbp>	50230709	HGNC:12640	UVRAG	
MGI:2157980	Vac14		Vac14		MP:0011100		Vac14<em1(IMPC)Bay>	50220944	HGNC:25507	VAC14	
MGI:2135272	Vangl2		Vangl2		MP:0011100		Vangl2<em1(IMPC)Mbp>	50228037	HGNC:15511	VANGL2	
MGI:1916165	Vars2		Vars2		MP:0011100		Vars2<em1(IMPC)Bay>	50225983	HGNC:21642	VARS2	
MGI:98926	Vcam1		Vcam1		MP:0011100,MP:0011101		Vcam1<tm1Dmil>|Vcam1<tm2.1Roml>	50221947	HGNC:12663	VCAM1	
MGI:102889	Vcan		Vcan		MP:0011100		Vcan<em2(IMPC)Mbp>	50219219	HGNC:2464	VCAN	
MGI:99919	Vcp		Vcp		MP:0001260,MP:0011100		Vcp<+>|Vcp<tm1.1Hiok>|Vcp<Gt(OST196720)Lex>	50218823	HGNC:12666	VCP	
MGI:106199	Vegfb		Vegfb		MP:0001260		Vegfb<em1Ywz>	50226458	HGNC:12681	VEGFB	
MGI:109124	Vegfc		Vegfc		MP:0002080		Vegfc<tm1Ali>	50231736	HGNC:12682	VEGFC	
MGI:1313291	Vezf1		Vezf1		MP:0011101		Vezf1<+>|Vezf1<tm1Stmn>	50225388	HGNC:12949	VEZF1	
MGI:2143698	Vezt		Vezt		MP:0011100		Vezt<tm1b(EUCOMM)Hmgu>	50226716	HGNC:18258	VEZT	
MGI:2652840	Vgll4		Vgll4		MP:0011100		Vgll4<tm1b(EUCOMM)Hmgu>	50225426	HGNC:28966	VGLL4	
MGI:103223	Vhl		Vhl		MP:0011101		Vhl<tm1Mcs>	50228515	HGNC:12687	VHL	
MGI:1913435	Virma		Virma		MP:0011100		Virma<tm1a(KOMP)Wtsi>	50220397	HGNC:24500	VIRMA	
MGI:106442	Vkorc1		Vkorc1		MP:0011100		Vkorc1<em1(IMPC)Bay>	50221162	HGNC:23663	VKORC1	
MGI:1918982	Vps11		Vps11		MP:0011100		Vps11<em1(IMPC)Rbrc>	50228395	HGNC:14583	VPS11	
MGI:2448530	Vps13d		Vps13d		MP:0011100		Vps13d<tm1e.1(KOMP)Wtsi>	50231943	HGNC:23595	VPS13D	
MGI:2443626	Vps18		Vps18		MP:0011100		Vps18<tm1Wtao>	50218980	HGNC:15972	VPS18	
MGI:106354	Vps25		Vps25		MP:0011100		Vps25<tm1.1(KOMP)Vlcg>	50223327	HGNC:28122	VPS25	
MGI:1206040	Vps26c		Vps26c		MP:0002080,MP:0011100		Vps26c<em1(IMPC)J>	50219982	HGNC:3044	VPS26C	
MGI:1928344	Vps29		Vps29		MP:0011100		Vps29<em1(IMPC)Bay>	50220660	HGNC:14340	VPS29	
MGI:1924823	Vps33a		Vps33a		MP:0011100		Vps33a<em2(IMPC)Tcp>	50223488	HGNC:18179	VPS33A	
MGI:2446237	Vps33b		Vps33b		MP:0011100		Vps33b<tm1a(EUCOMM)Wtsi>	50229727	HGNC:12712	VPS33B	
MGI:1890467	Vps35		Vps35		MP:0011100		Vps35<em1(IMPC)H>	50237457	HGNC:13487	VPS35	
MGI:1917410	Vps36		Vps36		MP:0002080,MP:0011100		Vps36<em1(IMPC)J>	50222048	HGNC:20312	VPS36	
MGI:1261835	Vps37a		Vps37a		MP:0011100		Vps37a<em1(IMPC)Tcp>	50220677	HGNC:24928	VPS37A	
MGI:2159402	Vps37d		Vps37d		MP:0011100		Vps37d<tm2b(EUCOMM)Wtsi>	50226576	HGNC:18287	VPS37D	
MGI:1890520	Vps4a		Vps4a		MP:0011100		Vps4a<tm1b(EUCOMM)Hmgu>	50230206	HGNC:13488	VPS4A	
MGI:1915755	Vps51		Vps51		MP:0011100		Vps51<tm1a(KOMP)Wtsi>	50217376	HGNC:1172	VPS51	
MGI:1915549	Vps53		Vps53		MP:0011100		Vps53<tm1a(KOMP)Wtsi>	50228870	HGNC:25608	VPS53	
MGI:2178798	Vps54		Vps54		MP:0011100		Vps54<em1(IMPC)Bay>	50230615	HGNC:18652	VPS54	
MGI:1202305	Vps72		Vps72		MP:0011100		Vps72<tm1a(EUCOMM)Wtsi>	50226273	HGNC:11644	VPS72	
MGI:1261847	Vrk1		Vrk1		MP:0011100		Vrk1<em1(IMPC)Mbp>	50229093	HGNC:12718	VRK1	
MGI:2387357	Wac		Wac		MP:0011100		Wac<tm2b(EUCOMM)Wtsi>	50228526	HGNC:17327	WAC	
MGI:2675859	Wapl		Wapl		MP:0011100		Wapl<tm1.2Kpfe>|Wapl<tm1.1Kpfe>	50223650	HGNC:23293	WAPL	
MGI:104630	Wars1		Wars1		MP:0011100		Wars1<tm1b(EUCOMM)Hmgu>	50228287	HGNC:12729	WARS1	
MGI:1917810	Wars2		Wars2		MP:0011100		Wars2<tm1.1(KOMP)Vlcg>	50229734	HGNC:12730	WARS2	
MGI:1098641	Wasf2		Wasf2		MP:0011100		Wasf2<Gt(OST91942)Lex>|Wasf2<em1(IMPC)Rbrc>	50230689	HGNC:12733	WASF2	
MGI:106463	Washc2		Washc2		MP:0011100		Washc2<tm2b(KOMP)Wtsi>	50220576	HGNC:23416	WASHC2A	
MGI:106463	Washc2		Washc2		MP:0011100		Washc2<tm2b(KOMP)Wtsi>	50220576	HGNC:23414	WASHC2C	
MGI:1914532	Washc3		Washc3		MP:0011100		Washc3<tm1.1(KOMP)Vlcg>	50218722	HGNC:24256	WASHC3	
MGI:2441787	Washc4		Washc4		MP:0011100		Washc4<em1(IMPC)J>	50222571	HGNC:29174	WASHC4	
MGI:1891823	Wbp11		Wbp11		MP:0011101		Wbp11<em1Gcha>|Wbp11<+>	50231152	HGNC:16461	WBP11	
MGI:3040699	Wdcp		Wdcp		MP:0011100		Wdcp<em1(IMPC)Bay>	50227749	HGNC:26157	WDCP	
MGI:1096875	Wdfy3		Wdfy3		MP:0011100,MP:0011101		Wdfy3<Tn(pb-Act-RFP)1.1Zhu>|Wdfy3<em1(IMPC)Mbp>	50226509	HGNC:20751	WDFY3	
MGI:2443514	Wdhd1		Wdhd1		MP:0011100		Wdhd1<em1(IMPC)Bay>|Wdhd1<em1(IMPC)Rbrc>	50217370	HGNC:23170	WDHD1	
MGI:1337100	Wdr1		Wdr1		MP:0011100		Wdr1<tm1b(EUCOMM)Hmgu>	50228394	HGNC:12754	WDR1	
MGI:1927241	Wdr12		Wdr12		MP:0011100		Wdr12<tm1.1(KOMP)Vlcg>	50220762	HGNC:14098	WDR12	
MGI:1914661	Wdr13		Wdr13		MP:0001260		Wdr13<tm1Kuma>	50228571	HGNC:14352	WDR13	
MGI:2158400	Wdr18		Wdr18		MP:0011100		Wdr18<em1(IMPC)J>	50228599	HGNC:17956	WDR18	
MGI:2446285	Wdr24		Wdr24		MP:0011100		Wdr24<tm1b(KOMP)Mbp>	50229031	HGNC:20852	WDR24	
MGI:3045255	Wdr25		Wdr25		MP:0011100		Wdr25<em1(IMPC)J>	50232657	HGNC:21064	WDR25	
MGI:1921570	Wdr33		Wdr33		MP:0011100		Wdr33<em1(IMPC)Tcp>	50222391	HGNC:25651	WDR33	
MGI:1917819	Wdr36		Wdr36		MP:0011100		Wdr36<tm1.1(KOMP)Vlcg>	50237469	HGNC:30696	WDR36	
MGI:1859606	Wdr45		Wdr45		MP:0001260		Wdr45<em1Wrst>	50230739	HGNC:28912	WDR45	
MGI:2442115	Wdr59		Wdr59		MP:0002080,MP:0011100		Wdr59<tm1b(EUCOMM)Wtsi>	50226758	HGNC:25706	WDR59	
MGI:2147427	Wdr74		Wdr74		MP:0011100		Wdr74<em1(IMPC)J>	50230134	HGNC:25529	WDR74	
MGI:2681828	Wdr81		Wdr81		MP:0011100		Wdr81<em1(IMPC)J>	50221385	HGNC:26600	WDR81	
MGI:2141558	Wdr91		Wdr91		MP:0011100		Wdr91<em1(IMPC)J>	50222980	HGNC:24997	WDR91	
MGI:2685541	Wdtc1		Wdtc1		MP:0011101		Wdtc1<Gt(RRF015)Byg>	50221357	HGNC:29175	WDTC1	
MGI:103075	Wee1		Wee1		MP:0011100		Wee1<tm1b(EUCOMM)Wtsi>	50220399	HGNC:12761	WEE1	
MGI:1328355	Wfs1		Wfs1		MP:0011101		Wfs1<tm1Koks>	50223796	HGNC:12762	WFS1	
MGI:1923831	Wipi2		Wipi2		MP:0011100		Wipi2<em1(IMPC)Bay>	50231433	HGNC:32225	WIPI2	
MGI:1332638	Wiz		Wiz		MP:0011100		Wiz<em1(IMPC)Ccpcz>	50221804	HGNC:30917	WIZ	
MGI:98953	Wnt1		Wnt1		MP:0011100		Wnt1<tm1b(EUCOMM)Wtsi>	50220209	HGNC:12774	WNT1	
MGI:98955	Wnt3		Wnt3		MP:0011100		Wnt3<tm2a(EUCOMM)Wtsi>	50232290	HGNC:12782	WNT3	
MGI:98956	Wnt3a		Wnt3a		MP:0011100		Wnt3a<em1(IMPC)Ccpcz>	50228553	HGNC:15983	WNT3A	
MGI:98960	Wnt6		Wnt6		MP:0011100		Wnt6<tm1b(NCOM)Mfgc>	50227492	HGNC:12785	WNT6	
MGI:98961	Wnt7a		Wnt7a		MP:0011101		Wnt7a<px-2J>	50228555	HGNC:12786	WNT7A	
MGI:2384933	Wrap53		Wrap53		MP:0011100		Wrap53<tm1b(EUCOMM)Wtsi>	50220795	HGNC:25522	WRAP53	
MGI:98968	Wt1		Wt1		MP:0002080,MP:0011101		Wt1<tm1Jae>|Wt1<tm1Vih>	50226036	HGNC:12796	WT1	
MGI:1261872	Wwc2		Wwc2		MP:0011100		Wwc2<em1(IMPC)Bay>	50237490	HGNC:24148	WWC2	
MGI:1917649	Wwtr1		Wwtr1		MP:0011101		Wwtr1<tm1Benj>	50228163	HGNC:24042	WWTR1	
MGI:98970	Xbp1		Xbp1		MP:0011100		Xbp1<tm1b(EUCOMM)Wtsi>	50218621	HGNC:12801	XBP1	
MGI:98974	Xist		Xist		MP:0011101		Xist<+>|Xist<tm5Sado>	50237493	HGNC:12810	XIST	
MGI:2180003	Xpnpep1		Xpnpep1		MP:0011101		Xpnpep1<Gt(S22-1B1)Sor>	50237495	HGNC:12822	XPNPEP1	
MGI:2144013	Xpo1		Xpo1		MP:0011100		Xpo1<em1(IMPC)Mbp>	50221071	HGNC:12825	XPO1	
MGI:1913789	Xpo5		Xpo5		MP:0011100		Xpo5<em1(IMPC)Mbp>	50237496	HGNC:17675	XPO5	
MGI:1920442	Xpot		Xpot		MP:0011100		Xpot<tm3b(EUCOMM)Hmgu>	50226589	HGNC:12826	XPOT	
MGI:1921585	Xrcc3		Xrcc3		MP:0011100		Xrcc3<tm1b(KOMP)Mbp>	50223620	HGNC:12830	XRCC3	
MGI:104517	Xrcc5		Xrcc5		MP:0011101		Xrcc5<tm1Dbr>	50223509	HGNC:12833	XRCC5	
MGI:2451073	Xylt1		Xylt1		MP:0011100		Xylt1<em1(IMPC)J>	50228358	HGNC:15516	XYLT1	
MGI:1914258	Yae1d1		Yae1d1		MP:0011100		Yae1d1<tm1b(EUCOMM)Hmgu>	50220511	HGNC:24857	YAE1	
MGI:103262	Yap1		Yap1		MP:0011100		Yap1<tm1.2Dupa>|Yap1<tm1b(KOMP)Mbp>	50218195	HGNC:16262	YAP1	
MGI:2147627	Yars1		Yars1		MP:0011100		Yars1<tm1b(KOMP)Wtsi>	50218206	HGNC:12840	YARS1	
MGI:2447762	Yeats2		Yeats2		MP:0011100		Yeats2<em1(IMPC)J>	50226738	HGNC:25489	YEATS2	
MGI:1914430	Yipf5		Yipf5		MP:0011100		Yipf5<tm1b(EUCOMM)Hmgu>	50230773	HGNC:24877	YIPF5	
MGI:1920136	Yju2		Yju2		MP:0011100		Yju2<tm1b(KOMP)Wtsi>	50218735	HGNC:25518	YJU2	
MGI:1927550	Ykt6		Ykt6		MP:0011100		Ykt6<em1(IMPC)J>	50230645	HGNC:16959	YKT6	
MGI:1926195	Ylpm1		Ylpm1		MP:0011100		Ylpm1<tm1b(KOMP)Wtsi>	50221135	HGNC:17798	YLPM1	
MGI:99150	Yy1		Yy1		MP:0011101		Yy1<tm2Yshi>	50220913	HGNC:12856	YY1	
MGI:3828086	Zbed6		Zbed6		MP:0001260		Zbed6<tm1.2Sson>	50237504	HGNC:33273	ZBED6	
MGI:3039618	Zbtb24		Zbtb24		MP:0011100		Zbtb24<tm1b(EUCOMM)Hmgu>	50230598	HGNC:21143	ZBTB24	
MGI:2685195	Zbtb34		Zbtb34		MP:0011100		Zbtb34<em1(IMPC)J>	50231937	HGNC:31446	ZBTB34	
MGI:1914356	Zbtb8os		Zbtb8os		MP:0011100		Zbtb8os<em1(IMPC)J>	50229828	HGNC:24094	ZBTB8OS	
MGI:1917829	Zc3h11a		Zc3h11a		MP:0011100		Zc3h11a<em1(IMPC)Mbp>	50221366	HGNC:29093	ZC3H11A	
MGI:1917829	Zc3h11a		Zc3h11a		MP:0011100		Zc3h11a<em1(IMPC)Mbp>	50221366	HGNC:25659	ZC3H11B	
MGI:1914552	Zc3h13		Zc3h13		MP:0011100		Zc3h13<em1(IMPC)J>	50231012	HGNC:20368	ZC3H13	
MGI:2682314	Zc3h4		Zc3h4		MP:0001260,MP:0011100		Zc3h4<KK>|Zc3h4<em1(IMPC)Mbp>	50229314	HGNC:17808	ZC3H4	
MGI:1930128	Zc3h8		Zc3h8		MP:0011100		Zc3h8<em1(IMPC)Ccpcz>	50237514	HGNC:30941	ZC3H8	
MGI:1921418	Zdhhc16		Zdhhc16		MP:0011100,MP:0011101		Zdhhc16<tm1Goff>|Zdhhc16<tm1b(EUCOMM)Hmgu>	50229318	HGNC:20714	ZDHHC16	
MGI:1923573	Zdhhc5		Zdhhc5		MP:0011101		Zdhhc5<Gt(RRD153)Byg>	50227471	HGNC:18472	ZDHHC5	
MGI:1344313	Zeb1		Zeb1		MP:0001260		Zeb1<+>|Zeb1<Tw>|Zeb1<tm2.1Ajg>|Zeb1<tm1.1Ajg>	50224089	HGNC:11642	ZEB1	
MGI:2681865	Zfat		Zfat		MP:0011100		Zfat<em1(IMPC)Ccpcz>	50232761	HGNC:19899	ZFAT	
MGI:2446143	Zfc3h1		Zfc3h1		MP:0011100		Zfc3h1<em1(IMPC)Mbp>	50237526	HGNC:28328	ZFC3H1	
MGI:99178	Zfp30		Zfp30		MP:0011101		Zfp30<em1Snpk>	50237531	HGNC:29555	ZFP30	
MGI:99187	Zfp42		Zfp42		MP:0011101		Zfp42<Gt(XB238)Byg>|Zfp42<Gt(XB238)Byg>|Zfp42<+>	50237534	HGNC:30949	ZFP42	
MGI:104854	Zfp91		Zfp91		MP:0011100		Zfp91<em1(IMPC)Tcp>	50225805	HGNC:14983	ZFP91	
MGI:1334444	Zfpm2		Zfpm2		MP:0011101		Zfpm2<tm1Sho>|Zfpm2<lil>	50222408	HGNC:16700	ZFPM2	
MGI:1916286	Zg16		Zg16		MP:0001260		Zg16<tm1Lex>	50237541	HGNC:30961	ZG16	
MGI:106676	Zic3		Zic3		MP:0011101		Zic3<Bn>|Zic3<tm1Bca>	50218560	HGNC:12874	ZIC3	
MGI:1914428	Zmat5		Zmat5		MP:0011100		Zmat5<em1(IMPC)Hmgu>	50229389	HGNC:28046	ZMAT5	
MGI:106374	Zmiz2		Zmiz2		MP:0011100		Zmiz2<tm1.1(KOMP)Vlcg>	50227392	HGNC:22229	ZMIZ2	
MGI:1923257	Zmym2		Zmym2		MP:0002080,MP:0011100		Zmym2<em1(IMPC)Bay>|Zmym2<em1(IMPC)J>|Zmym2<m1Anu>	50221192	HGNC:12989	ZMYM2	
MGI:1915035	Zmym4		Zmym4		MP:0011100		Zmym4<em1(IMPC)Wtsi>	50223481	HGNC:13055	ZMYM4	
MGI:2387863	Zmynd10		Zmynd10		MP:0011069		Zmynd10<tm1(KOMP)Wtsi>	50230845	HGNC:19412	ZMYND10	
MGI:1918025	Zmynd8		Zmynd8		MP:0011100		Zmynd8<tm1a(EUCOMM)Wtsi>	50237563	HGNC:9397	ZMYND8	
MGI:1332234	Zfp148		Zfp148		MP:0011100		Zfp148<tm1b(EUCOMM)Hmgu>	50220669	HGNC:12933	ZNF148	
MGI:1340045	Zfp207		Zfp207		MP:0011100		Zfp207<tm1b(EUCOMM)Hmgu>	50228567	HGNC:12998	ZNF207	
MGI:1926950	Zfp236		Zfp236		MP:0011100		Zfp236<em1(IMPC)Mbp>	50223656	HGNC:13028	ZNF236	
MGI:1347071	Zfp260		Zfp260		MP:0011100		Zfp260<tm1b(NCOM)Mfgc>	50227663	HGNC:13499	ZNF260	
MGI:3029290	Zfp281		Zfp281		MP:0011100		Zfp281<em1(IMPC)Mbp>	50221434	HGNC:13075	ZNF281	
MGI:2685179	Zfp407		Zfp407		MP:0011100		Zfp407<em1(IMPC)J>	50226762	HGNC:19904	ZNF407	
MGI:1891217	Zfp423		Zfp423		MP:0011100		Zfp423<em1(IMPC)J>	50226311	HGNC:16762	ZNF423	
MGI:107690	Zfp462		Zfp462		MP:0011100		Zfp462<em1(IMPC)Tcp>	50220362	HGNC:21684	ZNF462	
MGI:2679270	Zkscan17		Zkscan17		MP:0011100		Zkscan17<tm1b(EUCOMM)Wtsi>	50237659	HGNC:23713	ZNF496	
MGI:1353644	Zfp503		Zfp503		MP:0011100		Zfp503<em1(IMPC)Mbp>	50221433	HGNC:23589	ZNF503	
MGI:3036282	Zfp532		Zfp532		MP:0011100		Zfp532<em1(IMPC)J>	50226392	HGNC:30940	ZNF532	
MGI:1926102	Zfp536		Zfp536		MP:0011100		Zfp536<tm1.1(KOMP)Wtsi>	50225812	HGNC:29025	ZNF536	
MGI:1289282	Zfp622		Zfp622		MP:0011100		Zfp622<em1(IMPC)J>	50237681	HGNC:30958	ZNF622	
MGI:2665174	Zfp628		Zfp628		MP:0011100		Zfp628<em1(IMPC)J>	50223816	HGNC:28054	ZNF628	
MGI:1203484	Zfp638		Zfp638		MP:0011100		Zfp638<em1(IMPC)J>	50226310	HGNC:17894	ZNF638	
MGI:1919270	Zfp654		Zfp654		MP:0011100		Zfp654<em1(IMPC)Bay>	50220954	HGNC:25612	ZNF654	
MGI:2442210	Zfp750		Zfp750		MP:0011100		Zfp750<em1(IMPC)J>	50229671	HGNC:25843	ZNF750	
MGI:1914233	Zfp830		Zfp830		MP:0011100		Zfp830<tm1b(EUCOMM)Hmgu>	50231755	HGNC:28291	ZNF830	
MGI:1917353	Znhit1		Znhit1		MP:0011100		Znhit1<em1(IMPC)J>	50229840	HGNC:21688	ZNHIT1	
MGI:1352481	Znhit2		Znhit2		MP:0011100		Znhit2<em1(IMPC)J>	50230043	HGNC:1177	ZNHIT2	
MGI:1916996	Znhit6		Znhit6		MP:0011100		Znhit6<em1(IMPC)Mbp>	50227953	HGNC:26089	ZNHIT6	
MGI:1915264	Zwilch		Zwilch		MP:0011100		Zwilch<tm1.1(KOMP)Vlcg>	50226449	HGNC:25468	ZWILCH	
MGI:1289227	Zwint		Zwint		MP:0011100		Zwint<em1(IMPC)J>	50237757	HGNC:13195	ZWINT	
MGI:1917669	2810408A11Rik		2810408A11Rik		MP:0001260		2810408A11Rik<tm1a(EUCOMM)Wtsi>	50238561			
MGI:2444345	Acnat2		Acnat2		MP:0011100		Acnat2<em1(IMPC)Hmgu>	50237796			
MGI:1919122	Aox4		Aox4		MP:0011101		Aox4<tm1Enga>	50217413			
MGI:88555	Ctla2b		Ctla2b		MP:0011100		Ctla2b<tm1.1(NCOM)Mfgc>	50237865			
MGI:2157522	Dppa1		Dppa1		MP:0011100		Dppa1<tm1b(KOMP)Wtsi>	50237947			
MGI:1933397	Fcrl2		Fcrl2		MP:0001260		Fcrl2<tm1Lex>	50232879			
MGI:1351649	Prl3c1		Prl3c1		MP:0001260		Prl3c1<tm1(KOMP)Vlcg>	50238574			
MGI:3525151	Zfp36l3		Zfp36l3		MP:0011101		Zfp36l3<tm1Pjb>	50238882			
MGI:1921793	Zfp871		Zfp871		MP:0011100,MP:0011101		Zfp871<tm1a(EUCOMM)Wtsi>|Zfp871<tm1b(EUCOMM)Wtsi>	50238086			
